"record_id","name","directory","length_bytes","size_human","date_record_day","date_last_write"
"rec_b7fba027c8f7976e641d47d07aea0afea60c26fb","2020-05-23_21h26m22_Voix 045_sd KT-ConfirmationDeD'annihilation(harcelement).aif","\\SyNAS\Records\Audio\Select_Sort","11648474","11.11 MB","2020-05-23T21:26:00+00:00","2021-01-02T12:53:12+00:00"
"rec_bd61269f10c6da5ff254ed2ece61b1c75a1aa5e8","2020-05-24_11h59m54_Voix 047_KTA_pas la peine d'enregistrer..wav.aif","\\SyNAS\Records\Audio\Select_Sort","10135924","9.67 MB","2020-05-24T11:59:00+00:00","2021-01-02T02:07:15+00:00"
"rec_9ddea610e8f1c8b29322eb03595fda5ad3acf194","2020-09-13 13-44-12_KTA_JetaisGentille_FautetreRealisteTesMort.mp3","\\SyNAS\Records\Audio\Select_Sort","797779","779.08 KB","2020-09-13T00:00:00+00:00","2021-01-15T03:53:24+00:00"
"rec_48149e95c64c1c2d167bbb75ef5b8c93b071a971","2020-09-13 13-44-12_KTA_SansLOmbreDunDoute_MereParfaite.mp3","\\SyNAS\Records\Audio\Select_Sort","3023934","2.88 MB","2020-09-13T00:00:00+00:00","2021-01-15T03:45:46+00:00"
"rec_ddae4218d770e75f8543b63be74f3b129b2076b2","2020-09-13 13-44-12_KTA_SundayLunch_Mobbying2.mp3","\\SyNAS\Records\Audio\Select_Sort","13489632","12.86 MB","2020-09-13T00:00:00+00:00","2021-01-15T03:27:07+00:00"
"rec_cc08b4449e484092e6d62040aa21a83ac9e12da3","2020-09-13 13-44-12_KTA_Toi_ten_bouffe_pas_dégage.mp3","\\SyNAS\Records\Audio\Select_Sort","1416881","1.35 MB","2020-09-13T00:00:00+00:00","2021-01-15T03:12:42+00:00"
"rec_bb3523b07eb2e41c3135e439ef5391e05fdb6078","2020-09-13 13-44-12_KT_EtLa_JesuisComme_jetaisAvant.mp3","\\SyNAS\Records\Audio\Select_Sort","73665","71.94 KB","2020-09-13T00:00:00+00:00","2021-01-15T04:00:09+00:00"
"rec_690bafc7edd4972fdece3c858e2de90dcf7dd548","2020-09-13 13-44-12_KT_Mobbying_AbsenceDeDialogue.mp3","\\SyNAS\Records\Audio\Select_Sort","2987363","2.85 MB","2020-09-13T00:00:00+00:00","2021-01-15T03:58:55+00:00"
"rec_60f09a7aecfce1b236180adbf2a3fae3e12eb4dd","2020_05_16_21_26_41_KTA_Diffamation_MaFamille.mp3","\\SyNAS\Records\Audio\Select_Sort","2746826","2.62 MB","2020-05-16T21:26:41+00:00","2020-05-16T19:29:32+00:00"
"rec_7cb414b01550ff828b5c516fe3cbc89694482a5d","2020_09_12_13_54_06_KTA_MeDebarasserDeLUI.mp3","\\SyNAS\Records\Audio\Select_Sort","1209154","1.15 MB","2020-09-12T13:54:06+00:00","2021-01-15T03:04:51+00:00"
"rec_3d998d950fa0821e94106d0e78e99c85f25f721c","2021_01_09_15_03_11_KTA_repas_Chante à tue tête_IrrespectLePlusTotale.wav","\\SyNAS\Records\Audio\Select_Sort","2571670","2.45 MB","2021-01-09T15:03:11+00:00","2021-01-11T02:29:05+00:00"
"rec_20ab380bc6104df05860263de41a6acfd997445a","2021_01_09_15_03_11_KTA_repas_JeMeSensRevivre.wav","\\SyNAS\Records\Audio\Select_Sort","4018934","3.83 MB","2021-01-09T15:03:11+00:00","2021-01-11T02:43:22+00:00"
"rec_5590ee00c4a718cd4429e7a275ffc1c8c84f6e5b","2021_01_09_15_03_11_KTA_repas_OseMeTraduireEnJustice.wav","\\SyNAS\Records\Audio\Select_Sort","4190702","4.00 MB","2021-01-09T15:03:11+00:00","2021-01-11T02:48:17+00:00"
"rec_ad672cca9cab2f609b987a70ce9906a95ad9f530","2021_01_09_17_30_50_KTA_Diffamation_BusinessTrips.wav","\\SyNAS\Records\Audio\Select_Sort","1741176","1.66 MB","2021-01-09T17:30:50+00:00","2021-01-11T03:30:02+00:00"
"rec_e3b14ec2aa4372938acc098be353cce22d66f00d","2021_01_09_17_30_50_KTA_MenaceViolenceVerbale_JespereQueCaVaPeterTesDents.wav","\\SyNAS\Records\Audio\Select_Sort","176086","171.96 KB","2021-01-09T17:30:50+00:00","2021-01-11T03:31:19+00:00"
"rec_5a95c95a9ff3d5e539382b07d330e6ff6a7e20e5","2021_01_09_21_02_18_KTA_PreuvedAmour.wav","\\SyNAS\Records\Audio\Select_Sort","3272556","3.12 MB","2021-01-09T21:02:18+00:00","2021-01-11T00:03:13+00:00"
"rec_05ee225eeaf441c589ee156d12c11ad7a1276877","2021_01_11_13_00_14 KT virer de ma vie et celle Alois-VcommeVictoire.mp3","\\SyNAS\Records\Audio\Select_Sort","217869","212.76 KB","2021-01-11T13:00:14+00:00","2021-01-11T13:07:18+00:00"
"rec_127f4b58a0fb143485a15fc27308bbd9d3d02f4f","2021_01_13_12_21_40 KT Tu es de la merde.mp3","\\SyNAS\Records\Audio\Select_Sort","1248443","1.19 MB","2021-01-13T12:21:40+00:00","2021-01-14T01:06:53+00:00"
"rec_d02de569f26a85fdf64ea235bbfb951ae1d8eba9","2021_01_13_12_21_40 KTA Tu vas etre comme ton pere.mp3","\\SyNAS\Records\Audio\Select_Sort","3035636","2.90 MB","2021-01-13T12:21:40+00:00","2021-01-14T01:12:13+00:00"
"rec_f338af900b36ded6a072f704a26fc5f67cf37cab","2021_01_17_21_32_52 KT_Harcelement-DimancheSoir.mp3","\\SyNAS\Records\Audio\Select_Sort","3007633","2.87 MB","2021-01-17T21:32:52+00:00","2021-01-17T22:59:24+00:00"
"rec_f22cdf51c911563da4d1c1b30f1bb3b527d9d2a1","2022-06-18_23h13m05_Voix 009 interupt menace avant la fin du film.m4a","\\SyNAS\Records\RecordStrike","11540320","11.01 MB","2022-06-18T23:13:00+00:00","2022-06-18T21:13:05+00:00"
"rec_92bab0a3340a54ab80c388cdbff64416b4ca5d9b","2022-06-19_22h31m45_Voix 010.m4a","\\SyNAS\Records\RecordStrike","11361001","10.83 MB","2022-06-19T22:31:00+00:00","2022-06-19T20:31:45+00:00"
"rec_4c6a1e37a590f7ba5e0b2a1456200a8665bf1751","2022-06-20_22h05m54_Voix 012.m4a","\\SyNAS\Records\RecordStrike","56172090","53.57 MB","2022-06-20T22:05:00+00:00","2022-06-20T20:05:54+00:00"
"rec_f00810275b7d033f6890154f60f504b1a46bc67d","2022-07-03_10h00m05_Voix 031 horrible déchéance.m4a","\\SyNAS\Records\RecordStrike","2330043","2.22 MB","2022-07-03T10:00:00+00:00","2022-07-03T08:00:05+00:00"
"rec_c06347eb61c391d6af45f856c367f508840ed5bb","2022-07-17_21h41m20_Voix 044 humiliation menaces et insultes et coups.m4a","\\SyNAS\Records\RecordStrike","34260766","32.67 MB","2022-07-17T21:41:00+00:00","2022-07-17T19:41:20+00:00"
"rec_0b2ce5b6839224fa6add4c39ef85e10421fbfaba","2022-07-30_18h34m41_Voix 51 bullying comique.m4a","\\SyNAS\Records\RecordStrike","44481677","42.42 MB","2022-07-30T18:34:00+00:00","2022-07-30T16:34:41+00:00"
"rec_171004bb80616be6c9a25f0178f3c3d05f63ebfd","2022-08-06_08h30m19_Voix 055 TA demande explications sur comportement.m4a","\\SyNAS\Records\RecordStrike","12212668","11.65 MB","2022-08-06T08:30:00+00:00","2022-08-06T06:30:19+00:00"
"rec_f0929745d7c5a71ce9d3984fe6b5c0f144a7cf44","2022-08-22_12h37m05_Voix 062 lunch diffamatoire.m4a","\\SyNAS\Records\RecordStrike","45720893","43.60 MB","2022-08-22T12:37:00+00:00","2022-08-22T10:37:05+00:00"
"rec_5fd8b27aa3c129535f729fb9cc0deb8afca3d056","2022-09-23_09h07m26_Voix 079 harcèlement.m4a","\\SyNAS\Records\RecordStrike","110125290","105.02 MB","2022-09-23T09:07:00+00:00","2022-09-23T07:07:26+00:00"
"rec_358c9be287fdada39330be8f182bd3ddb7176eb1","2022-09-25_15h34m00_Voix 080 insultes prostitution devant Alois.m4a","\\SyNAS\Records\RecordStrike","34532765","32.93 MB","2022-09-25T15:34:00+00:00","2022-09-25T13:34:00+00:00"
"rec_f4e2e4f6e6621129833e9ab59d03c20b998da458","2022-10-07_19h23m36_Voix 086 crise autorités.m4a","\\SyNAS\Records\RecordStrike","1684434","1.61 MB","2022-10-07T19:23:00+00:00","2022-10-07T17:23:36+00:00"
"rec_7893072f13dafbb2079532b89f727b375b84e820","2022-11-29_08h06m13_Voix 103 Cat blame in the morning.m4a","\\SyNAS\Records\RecordStrike","4061822","3.87 MB","2022-11-29T08:06:00+00:00","2022-11-29T07:06:13+00:00"
"rec_e3b14949139e00c728c83afa9a253a87a365eb31","2022_06_03_15_45_02 l0_TA_Discussion Abandon du chien.mp3","\\SyNAS\Records\RecordStrike","22893713","21.83 MB","2022-06-03T15:45:02+00:00","2022-06-03T14:08:53+00:00"
"rec_a93e3f58f982bff748420b92f349921e97c0875b","2022_06_03_19_03_33_Volige_sous_mon_toit - Copy.mp3","\\SyNAS\Records\RecordStrike","60455287","57.65 MB","2022-06-03T19:03:33+00:00","2022-06-03T18:06:34+00:00"
"rec_1094a89cc49ffd6ec9a35b99af3a08a7f47e3587","2022_06_03_19_38_33_KTA_TelephoneHandshake.mp3","\\SyNAS\Records\RecordStrike","45974137","43.84 MB","2022-06-03T19:38:33+00:00","2022-08-03T03:48:38+00:00"
"rec_38b0ffb4d8e766f268fe1039f522d4f199178db3","2022_06_03_22_38_17_Visionage Match de Foot.mp3","\\SyNAS\Records\RecordStrike","10183574","9.71 MB","2022-06-03T22:38:17+00:00","2022-06-03T20:48:54+00:00"
"rec_d49589d3b1a5d76769a7ad7b669fccb5b382d183","2022_06_04_00_24_12_TA_reflexion calme sur amitié.mp3","\\SyNAS\Records\RecordStrike","9425814","8.99 MB","2022-06-04T00:24:12+00:00","2022-06-03T22:34:02+00:00"
"rec_c9974af9f641f755c91edb23d8c0c53b2ba7add2","2022_06_04_11_51_47_KT_Tu prends les saucisses que tu aimes.mp3","\\SyNAS\Records\RecordStrike","5171837","4.93 MB","2022-06-04T11:51:47+00:00","2022-06-04T09:57:11+00:00"
"rec_bd945d2b9f2c4fadfed4e7baa588b9637aafe5ef","2022-06-13_13h11m57_Voix 001.m4a","\\SyNAS\Records\RecordStrike\Voice Recorder","61903735","59.04 MB","2022-06-13T13:11:00+00:00","2022-06-13T11:11:57+00:00"
"rec_5434d25b684d819b6f3351e8aae3d8f0d45e3806","2022-06-13_21h58m06_Voix 003.m4a","\\SyNAS\Records\RecordStrike\Voice Recorder","25150639","23.99 MB","2022-06-13T21:58:00+00:00","2022-06-13T19:58:06+00:00"
"rec_e3fd7a923c09ba1ae044d3a5e0a7afb4cf45919b","2022-06-14_19h17m55_Voix 004.m4a","\\SyNAS\Records\RecordStrike\Voice Recorder","106973","104.47 KB","2022-06-14T19:17:00+00:00","2022-06-14T17:17:55+00:00"
"rec_57d1c2a7c2855502d9674b73c9a8fba1ee01bf7c","2022-06-14_20h00m14_Voix 005 zkb.m4a","\\SyNAS\Records\RecordStrike\Voice Recorder","37110046","35.39 MB","2022-06-14T20:00:00+00:00","2022-06-14T18:00:14+00:00"
"rec_a21934b58a759048391ddc867eb6ff021457b14d","2022-06-15_19h09m40_Voix 006 kebab.m4a","\\SyNAS\Records\RecordStrike\Voice Recorder","33104506","31.57 MB","2022-06-15T19:09:00+00:00","2022-06-15T17:09:40+00:00"
"rec_b76eab7fd93c0d432d597e1b5581cfe7cc4fe946","2022-06-16_18h35m34_Voix 006 kebab2.m4a","\\SyNAS\Records\RecordStrike\Voice Recorder","27106997","25.85 MB","2022-06-16T18:35:00+00:00","2022-06-16T16:35:34+00:00"
"rec_7a6222be5fa2238a0ae8577077f4bb6a4d790391","2022-06-17_19h41m57_Voix 006.m4a","\\SyNAS\Records\RecordStrike\Voice Recorder","35752959","34.10 MB","2022-06-17T19:41:00+00:00","2022-06-17T17:41:57+00:00"
"rec_059dd25e3336ba66ad250ac8c7488a9f17f8b86e","2022-06-18_09h52m28_Voix 008.m4a","\\SyNAS\Records\RecordStrike\Voice Recorder","37653264","35.91 MB","2022-06-18T09:52:00+00:00","2022-06-18T07:52:28+00:00"
"rec_45df696a6f21990168982c3194fa5315ac1d795d","2022-06-18_23h13m05_Voix 009 interupt menace avant la fin du film.m4a","\\SyNAS\Records\RecordStrike\Voice Recorder","11540320","11.01 MB","2022-06-18T23:13:00+00:00","2022-06-18T21:13:05+00:00"
"rec_112c7ee5448c6ea4e0a756de2478b0237b09f1b7","2022-06-18_23h24m38_Voix 010 menace de faire venir son frere.m4a","\\SyNAS\Records\RecordStrike\Voice Recorder","2865374","2.73 MB","2022-06-18T23:24:00+00:00","2022-06-18T21:24:38+00:00"
"rec_f88108e99d0d997ab8bc6ab9fc6808997ad62fdf","2022-06-20_12h55m42_Voix 011.m4a","\\SyNAS\Records\RecordStrike\Voice Recorder","13300699","12.68 MB","2022-06-20T12:55:00+00:00","2022-06-20T10:55:42+00:00"
"rec_4d76e00572cf2cc75cce48151f951a1c131013ce","2022-06-20_22h45m34_Voix 013.m4a","\\SyNAS\Records\RecordStrike\Voice Recorder","30356821","28.95 MB","2022-06-20T22:45:00+00:00","2022-06-20T20:45:34+00:00"
"rec_3557cbf0a3a99de2b5a83264baa0142b8062e147","2022-06-21_21h34m54_Voix 014.m4a","\\SyNAS\Records\RecordStrike\Voice Recorder","11775821","11.23 MB","2022-06-21T21:34:00+00:00","2022-06-21T19:34:54+00:00"
"rec_e7fe8700ac51a22306d71b09ad8a04feafca0ac5","2022-06-22_12h48m50_Voix 015 Guinée presentation.m4a","\\SyNAS\Records\RecordStrike\Voice Recorder","26670936","25.44 MB","2022-06-22T12:48:00+00:00","2022-06-22T10:48:50+00:00"
"rec_623fdd50a52a940d3867fd51b58c03445d71cb9e","2022-06-23_08h24m09_Voix 016 anniversqi.m4a","\\SyNAS\Records\RecordStrike\Voice Recorder","30727956","29.30 MB","2022-06-23T08:24:00+00:00","2022-06-23T06:24:09+00:00"
"rec_869a38124013402280dc56da558c285bd33b04bc","2022-06-24_20h10m08_Voix 016.m4a","\\SyNAS\Records\RecordStrike\Voice Recorder","1575851","1.50 MB","2022-06-24T20:10:00+00:00","2022-06-24T18:10:08+00:00"
"rec_3067dd6638a89203e3604bbb07e40fb27a4d9cfb","2022-06-25_12h16m19_Voix 017.m4a","\\SyNAS\Records\RecordStrike\Voice Recorder","39862394","38.02 MB","2022-06-25T12:16:00+00:00","2022-06-25T10:16:19+00:00"
"rec_187d41b78dd16bdef088ba79ac92a52201419164","2022-06-25_14h02m15_Voix 019.m4a","\\SyNAS\Records\RecordStrike\Voice Recorder","1010513","986.83 KB","2022-06-25T14:02:00+00:00","2022-06-25T12:02:15+00:00"
"rec_e3a083b310c782378f00fb59a8c00b049ffa71d1","2022-06-26_20h30m29_Voix 021.m4a","\\SyNAS\Records\RecordStrike\Voice Recorder","2635050","2.51 MB","2022-06-26T20:30:00+00:00","2022-06-26T18:30:29+00:00"
"rec_82f194ee85c49b89a8dfffa3f9661b3480fc9e35","2022-06-26_22h01m00_Voix 022 abissini fromage.m4a","\\SyNAS\Records\RecordStrike\Voice Recorder","7272903","6.94 MB","2022-06-26T22:01:00+00:00","2022-06-26T20:01:00+00:00"
"rec_b5415c9acb10a8599f504061303fafd6e3b3ed77","2022-06-27_12h13m44_Voix 023 le chien.m4a","\\SyNAS\Records\RecordStrike\Voice Recorder","21451571","20.46 MB","2022-06-27T12:13:00+00:00","2022-06-27T10:13:44+00:00"
"rec_ad40fd0a254435bade45f33bff89a34b88c0e5f0","2022-06-27_16h37m22_Voix 023 j'arrête le violoncelle.m4a","\\SyNAS\Records\RecordStrike\Voice Recorder","8672334","8.27 MB","2022-06-27T16:37:00+00:00","2022-06-27T14:37:22+00:00"
"rec_d15af500099f0db5871f37e0d3d964d31cbdb3fb","2022-06-27_16h56m34_Voix 023 créations peinture.m4a","\\SyNAS\Records\RecordStrike\Voice Recorder","10264877","9.79 MB","2022-06-27T16:56:00+00:00","2022-06-27T14:56:34+00:00"
"rec_fc274352c74c97a9d6b3806318338e2fec3bfc35","2022-06-28_11h57m09_Voix 023.m4a","\\SyNAS\Records\RecordStrike\Voice Recorder","4464935","4.26 MB","2022-06-28T11:57:00+00:00","2022-06-28T09:57:09+00:00"
"rec_d725d8d76c8b9f3e2ef2fdfdc0a075707065fecf","2022-06-28_14h25m12_Voix 024.m4a","\\SyNAS\Records\RecordStrike\Voice Recorder","2183091","2.08 MB","2022-06-28T14:25:00+00:00","2022-06-28T12:25:12+00:00"
"rec_56a787fe749c4fb814a639c17f6630d445fd0634","2022-06-29_07h07m11_Voix 025 chien 2.m4a","\\SyNAS\Records\RecordStrike\Voice Recorder","22225935","21.20 MB","2022-06-29T07:07:00+00:00","2022-06-29T05:07:11+00:00"
"rec_836ab8cb903820c89a48513158e3c76558dd470b","2022-06-29_11h57m39_Voix 025.m4a","\\SyNAS\Records\RecordStrike\Voice Recorder","7623310","7.27 MB","2022-06-29T11:57:00+00:00","2022-06-29T09:57:39+00:00"
"rec_8600eb73e5603ae58aa0ac43595a374a43a4f768","2022-06-30_07h49m31_Voix 027.m4a","\\SyNAS\Records\RecordStrike\Voice Recorder","218026","212.92 KB","2022-06-30T07:49:00+00:00","2022-06-30T05:49:31+00:00"
"rec_a960fc32a23a34a2b93a4b9e8f3af7fbd65f7ca6","2022-06-30_09h46m10_Voix 028 outro.m4a","\\SyNAS\Records\RecordStrike\Voice Recorder","3277188","3.13 MB","2022-06-30T09:46:00+00:00","2022-06-30T07:46:10+00:00"
"rec_a6971b88a3e31a0027ba74fd74a718d974f6a785","2022-07-01_21h18m46_Voix 028.m4a","\\SyNAS\Records\RecordStrike\Voice Recorder","7468367","7.12 MB","2022-07-01T21:18:00+00:00","2022-07-01T19:18:46+00:00"
"rec_90a295c1c9327f17de0cb39ef070906b80dbc05b","2022-07-01_21h38m34_Voix 029.m4a","\\SyNAS\Records\RecordStrike\Voice Recorder","7751777","7.39 MB","2022-07-01T21:38:00+00:00","2022-07-01T19:38:34+00:00"
"rec_aa630fb194ee91d1b4e717ec1ec641c4ed38442d","2022-07-02_08h17m34_Voix 030 pop corn.m4a","\\SyNAS\Records\RecordStrike\Voice Recorder","38955644","37.15 MB","2022-07-02T08:17:00+00:00","2022-07-02T06:17:34+00:00"
"rec_2b5cfb104b9b7e7a26b5877dde409b31bdb2c353","2022-07-03_10h00m05_Voix 031 horrible déchéance.m4a","\\SyNAS\Records\RecordStrike\Voice Recorder","2330043","2.22 MB","2022-07-03T10:00:00+00:00","2022-07-03T08:00:05+00:00"
"rec_352955dd8874f775f66d1676267ebde106ed4d88","2022-07-04_08h05m55_Voix 032 insults non stop tous les matins.m4a","\\SyNAS\Records\RecordStrike\Voice Recorder","474525","463.40 KB","2022-07-04T08:05:00+00:00","2022-07-04T06:05:55+00:00"
"rec_d87df43d8484ee5755c2bff6c6f919cc74525264","2022-07-04_12h23m58_Voix 032 lunch.m4a","\\SyNAS\Records\RecordStrike\Voice Recorder","21541361","20.54 MB","2022-07-04T12:23:00+00:00","2022-07-04T10:23:58+00:00"
"rec_77cf7e4f7aa1a90885e6ec060493567c94a0a757","2022-07-05_08h01m28_Voix 033.m4a","\\SyNAS\Records\RecordStrike\Voice Recorder","19634617","18.73 MB","2022-07-05T08:01:00+00:00","2022-07-05T06:01:28+00:00"
"rec_a91d42abffd39284f5a6ca6a26e5f858f49e0ca2","2022-07-06_12h50m21_Voix 035 midi.m4a","\\SyNAS\Records\RecordStrike\Voice Recorder","12700596","12.11 MB","2022-07-06T12:50:00+00:00","2022-07-06T10:50:21+00:00"
"rec_08eeb00ff528b635a05c26954d36dfb8a662cf30","2022-07-07_22h55m17_Voix 035 histoire.m4a","\\SyNAS\Records\RecordStrike\Voice Recorder","44713873","42.64 MB","2022-07-07T22:55:00+00:00","2022-07-07T20:55:17+00:00"
"rec_c31f8cc621703e8d4a5a586d5575151e08ceae89","2022-07-08_16h02m01_Voix 035 vacances.m4a","\\SyNAS\Records\RecordStrike\Voice Recorder","12696113","12.11 MB","2022-07-08T16:02:00+00:00","2022-07-08T14:02:01+00:00"
"rec_1bd05de59e4df0b3d3fc89b2b61532315b5fb5d0","2022-07-11_17h24m21_Voix 035 partie de jeux.m4a","\\SyNAS\Records\RecordStrike\Voice Recorder","133396570","127.22 MB","2022-07-11T17:24:00+00:00","2022-07-11T15:24:21+00:00"
"rec_0d0fed9080f2838f4c5853efc18f3b91c16c8c1a","2022-07-12_14h06m21_Voix 036.m4a","\\SyNAS\Records\RecordStrike\Voice Recorder","6700285","6.39 MB","2022-07-12T14:06:00+00:00","2022-07-12T12:06:21+00:00"
"rec_2e8f15fd8d36530e1e3a57e329855820d04131a1","2022-07-12_15h35m00_Voix 037 travail.m4a","\\SyNAS\Records\RecordStrike\Voice Recorder","13289338","12.67 MB","2022-07-12T15:35:00+00:00","2022-07-12T13:35:00+00:00"
"rec_31a296024aa612594cd98f5e39420ef47c8600e1","2022-07-13_10h13m59_Voix 038.m4a","\\SyNAS\Records\RecordStrike\Voice Recorder","3720419","3.55 MB","2022-07-13T10:13:00+00:00","2022-07-13T08:13:59+00:00"
"rec_42a85f456ed5189b355bdf14c193910251f001e1","2022-07-13_13h00m56_Voix 040 tierheim.m4a","\\SyNAS\Records\RecordStrike\Voice Recorder","3286263","3.13 MB","2022-07-13T13:00:00+00:00","2022-07-13T11:00:56+00:00"
"rec_1e75cfc3d395c6db4e70f988755347588abfc34a","2022-07-14_20h35m47_Voix 040.m4a","\\SyNAS\Records\RecordStrike\Voice Recorder","60703964","57.89 MB","2022-07-14T20:35:00+00:00","2022-07-14T18:35:47+00:00"
"rec_7abf96b752d4cf7e8a0d3923cd106d6a7f4e329e","2022-07-16_15h07m03_Voix 042 critiques d'abandon.m4a","\\SyNAS\Records\RecordStrike\Voice Recorder","17469158","16.66 MB","2022-07-16T15:07:00+00:00","2022-07-16T13:07:03+00:00"
"rec_6a2416da37cd1edd94890b7ca746762d1cbd4731","2022-07-17_10h56m15_Voix 042 éclairage à propos du chien.m4a","\\SyNAS\Records\RecordStrike\Voice Recorder","8058256","7.68 MB","2022-07-17T10:56:00+00:00","2022-07-17T08:56:15+00:00"
"rec_087dbed28087c1ac1da95ff310d029b161720cbb","2022-07-17_10h59m34_Voix 043 acte de chantage.m4a","\\SyNAS\Records\RecordStrike\Voice Recorder","769994","751.95 KB","2022-07-17T10:59:00+00:00","2022-07-17T08:59:34+00:00"
"rec_2d9a50381470a4ccbff77d26a02c7f4fed8c89b9","2022-07-17_14h28m09_Voix 043.m4a","\\SyNAS\Records\RecordStrike\Voice Recorder","1448515","1.38 MB","2022-07-17T14:28:00+00:00","2022-07-17T12:28:09+00:00"
"rec_a3733a2918f3d6f1126798adb2b19122f64fc442","2022-07-17_21h41m20_Voix 044 humiliation menaces et insultes et coups.m4a","\\SyNAS\Records\RecordStrike\Voice Recorder","34260766","32.67 MB","2022-07-17T21:41:00+00:00","2022-07-17T19:41:20+00:00"
"rec_4b710a34653867d7e8fcebbac1d80ca7b6d54b16","2021_01_09_13_15_30_TA_DonneMoiS9.mp3","\\SyNAS\Records\Audio\Time_Sort\2021","1595126","1.52 MB","2021-01-09T13:15:30+00:00","2021-01-11T03:41:07+00:00"
"rec_ceac89c85fe83a498fc99ca0847448ec30aed085","2021_01_10_21_13_00 KT confidcation de mon appareil.mp3","\\SyNAS\Records\Audio\Time_Sort\2021","2818297","2.69 MB","2021-01-10T21:13:00+00:00","2021-01-10T20:15:56+00:00"
"rec_5823dfe2bdfa679cfc998673d63eda4af5267c4c","2022-10-29_20h59m28_Voix 092 pousse.m4a","\\SyNAS\Records\2022-July-Dec","16967068","16.18 MB","2022-10-29T20:59:00+00:00","2022-10-29T18:59:28+00:00"
"rec_13ebf4c6d531074d93b8862551cb11103d854661","2021_07_08_22_49_52 psychologie archnophobie.mp3","\\SyNAS\Records\2021","7283773","6.95 MB","2021-07-08T22:49:52+00:00","2021-07-08T20:57:28+00:00"
"rec_f2d35ad17c16b88df6abbc09ea03c399dca97e98","2021_03_08_12_18_09 harcelement constant.mp3","\\SyNAS\Records\2021","39360887","37.54 MB","2021-03-08T12:18:09+00:00","2021-03-08T11:59:09+00:00"
"rec_061c29c25bfe9cb8cfb077f2f5c8159c1e758b2d","2022_05_08_22_05_20.mp3","\\SyNAS\Records\2022-Jan-July","1887502","1.80 MB","2022-05-08T22:05:20+00:00","2022-05-08T20:07:18+00:00"
"rec_e73599a9931f1b3228e1a05f479e603e60420c02","2020_12_25_15_12_16 feeback.mp3","\\SyNAS\Records\Audio\Time_Sort\2020","675003","659.18 KB","2020-12-25T15:12:16+00:00","2020-12-25T14:12:58+00:00"
"rec_bd4e6bb7905d1d567e6124c5a66ec9df8d6799b9","2021_04_30_20_40_11.mp3","\\SyNAS\Records\Audio\Time_Sort\2021","171406732","163.47 MB","2021-04-30T20:40:11+00:00","2021-04-30T21:38:44+00:00"
"rec_1ee4fafa1c0c7071dee7c5487bcfdce55e67bc58","0.mp3","\\SyNAS\Records\2021","30493706","29.08 MB","","2021-02-09T20:46:32+00:00"
"rec_1bce28807252ead5f1512988fea95c635f0c762b","2021_08_28_21_22_55.mp3","\\SyNAS\Records\2021","306534190","292.33 MB","2021-08-28T21:22:55+00:00","2021-08-29T00:42:14+00:00"
"rec_83f4fcf7d1984501ee74c4ab2bbf56017fff56d6","2024-10-04_20h23m56_Voix 026 alois provocateurs.m4a","\\SyNAS\Records\2024","150885672","143.90 MB","2024-10-04T20:23:00+00:00","2024-10-04T18:23:56+00:00"
"rec_2fe138e66c2ecba67413cde8e5405a7e5378266b","2019-01-15_10h59m40_Enregistrement_0363.wav","\\SyNAS\Records\Rec\GoogleRec\SmartVoiceRecorder","517164","505.04 KB","2019-01-15T10:59:00+00:00","2019-01-15T09:59:40+00:00"
"rec_af4d7eb617531de41c124cf72e3627c1f7677df9","2020_08_22_11_07_36.mp3","\\SyNAS\Records\2020","257051584","245.14 MB","2020-08-22T11:07:36+00:00","2020-08-22T13:35:22+00:00"
"rec_615d5b6d842236b4c38979075c912bfb6f41d87f","2022-06-14_22h29m03_Voix 005.m4a","\\SyNAS\Records\2022-July-Dec","13446257","12.82 MB","2022-06-14T22:29:00+00:00","2022-06-14T20:29:03+00:00"
"rec_7ddf2c30202f8c1c7b683d37639d3c1a9d846ea7","Audio recording 2020-11-24 17-19-22 pere noel.aac","\\SyNAS\Records\2020","23091482","22.02 MB","2020-11-24T00:00:00+00:00","2020-11-24T16:31:18+00:00"
"rec_a89d63368ea15c8a25ae30ff233f39917e5aa0fa","Audio recording 2020-09-12 13-41-28 KTA interdire entré sortir.aac","\\SyNAS\Records\Audio\Time_Sort\2020","10686636","10.19 MB","2020-09-12T00:00:00+00:00","2020-09-12T11:47:00+00:00"
"rec_acc9c201c2f9921569e058a135642306dae98f77","2019-09-21_16h49m10_Enregistrement_415.wav","\\SyNAS\Records\Audio\Time_Sort\2019","123059299","117.36 MB","2019-09-21T16:49:00+00:00","2019-09-21T14:49:10+00:00"
"rec_e4f848ae16b137f43c2657644e2453fb3eafc7d8","2021_05_07_12_56_53.mp3","\\SyNAS\Records\2021","2558327","2.44 MB","2021-05-07T12:56:53+00:00","2021-05-07T10:59:33+00:00"
"rec_a75637697f01cc0a7116df1e6a87f7876f642139","2021_02_28_14_07_39.mp3","\\SyNAS\Records\2021","60707316","57.90 MB","2021-02-28T14:07:39+00:00","2021-02-28T14:10:53+00:00"
"rec_84ee2f3229322b2441d7d8055552e08b486753b0","Audio recording 2020-11-23 20-54-32.aac","\\SyNAS\Records\Audio\Time_Sort\2020","28919551","27.58 MB","2020-11-23T00:00:00+00:00","2020-11-23T20:09:28+00:00"
"rec_e06879b8afe4d891f9b3d33f9d70975794b5a951","2021_02_09_13_54_04 jen ai marre de gagner.mp3","\\SyNAS\Records\2021","79720697","76.03 MB","2021-02-09T13:54:04+00:00","2021-02-09T14:17:06+00:00"
"rec_01b51d3e19cbb0b8ff98b3700e186e44af690800","2021_03_20_21_37_29 histoire.mp3","\\SyNAS\Records\2021","24272978","23.15 MB","2021-03-20T21:37:29+00:00","2021-03-20T21:02:46+00:00"
"rec_807afaad3848a5eebc427d72093f62839c808331","2022-08-03_00h31m28_Voix 004 KTA appartement.m4a","\\SyNAS\Records\2022-July-Dec","106977","104.47 KB","2022-08-03T00:31:00+00:00","2022-08-02T22:31:28+00:00"
"rec_349e5c723ecd5e706446d29c623155d747065bdf","Audio recording 2020-06-26 20-28-13 surdoué.aac","\\SyNAS\Records\Audio\Time_Sort\2020","100240458","95.60 MB","2020-06-26T00:00:00+00:00","2020-06-26T19:19:56+00:00"
"rec_cf46de53bb9988fd1ed26271d29040a3a09d4398","2021_01_23_17_47_51.mp3","\\SyNAS\Records\Audio\Time_Sort\2021","9701667","9.25 MB","2021-01-23T17:47:51+00:00","2021-01-23T16:57:57+00:00"
"rec_27a86914aec277e2a53dde52bbf3d46131167f63","2021_01_20_06_33_38 morning.mp3","\\SyNAS\Records\Audio\Time_Sort\2021","48341994","46.10 MB","2021-01-20T06:33:38+00:00","2021-01-20T06:23:59+00:00"
"rec_664f0235d8cc429a9f99482ff9479f97e204a38e","2019-10-10_09h01m26_Alois_aproposDesTetesAClaques.wav","\\SyNAS\Records\Audio\Time_Sort\2019","8608099","8.21 MB","2019-10-10T09:01:00+00:00","2019-10-10T07:01:26+00:00"
"rec_1519c689a747a3a905cee4dc085702ab2478cb1d","2021_06_04_23_25_56.mp3","\\SyNAS\Records\2021","44720","43.67 KB","2021-06-04T23:25:56+00:00","2021-06-04T21:25:59+00:00"
"rec_83ad3f7b362bbd847bc38aa00460a1125453ce5f","2021_01_16_15_28_46.mp3","\\SyNAS\Records\Audio\Time_Sort\2021","19785768","18.87 MB","2021-01-16T15:28:46+00:00","2021-01-16T14:49:23+00:00"
"rec_570639bfa9b3e228b576e2827a7464086e88266e","2020_08_04_13_48_36.mp3","\\SyNAS\Records\Audio\Time_Sort\2020","194392815","185.39 MB","2020-08-04T13:48:36+00:00","2020-08-04T15:11:05+00:00"
"rec_45583eb20ac120dad9d1b3aa2d963bb4140293e1","2020-03-14_09h11m33_Recording (2)_Papa_Alois.m4a","\\SyNAS\Records\Rec\ALO","822912","803.62 KB","2020-03-14T09:11:00+00:00","2020-04-06T15:42:00+00:00"
"rec_7b3bc65e70e8f062ff7e080232c3019b5120d9bd","2021_02_04_07_52_45.mp3","\\SyNAS\Records\Audio\Time_Sort\2021","10587741","10.10 MB","2021-02-04T07:52:45+00:00","2021-02-04T07:03:47+00:00"
"rec_c79e14ea195d4f2f7b115c563b8b1a0d5214cc87","2021_02_16_20_41_06.mp3","\\SyNAS\Records\Audio\Time_Sort\2021","56179146","53.58 MB","2021-02-16T20:41:06+00:00","2021-02-16T20:39:38+00:00"
"rec_3fc5542fcf7971e8455a0f583f123e4c801a0523","2020_11_07_21_05_49 histoire.mp3","\\SyNAS\Records\Audio\2020-Unsorted","46239659","44.10 MB","2020-11-07T21:05:49+00:00","2020-11-07T20:53:59+00:00"
"rec_96b1d8cf1b46f52f01f59118dca5978664963b51","2021_03_22_19_55_42.mp3","\\SyNAS\Records\2021","4596","4.49 KB","2021-03-22T19:55:42+00:00","2021-03-22T18:55:42+00:00"
"rec_67f9e5805cdf66e5495cf7286bfeaf6d99ce0391","2021_02_26_08_04_56.mp3","\\SyNAS\Records\2021","29953055","28.57 MB","2021-02-26T08:04:56+00:00","2021-02-26T07:36:08+00:00"
"rec_976f780f0d89d6bbcfb909d8b3fcaba43a8dbb48","2021_05_07_23_46_09 yeti.mp3","\\SyNAS\Records\2021","9409954","8.97 MB","2021-05-07T23:46:09+00:00","2021-05-07T21:56:46+00:00"
"rec_13df7edb18eb988277f77b6fc7c66479ce10accf","2021_08_23_21_28_24 calamity jane.mp3","\\SyNAS\Records\2021","12197828","11.63 MB","2021-08-23T21:28:24+00:00","2021-08-23T19:43:26+00:00"
"rec_429e835425e8a17295b602285be066ca4c79a450","2021_01_17_17_03_28.mp3","\\SyNAS\Records\2021","24730643","23.58 MB","2021-01-17T17:03:28+00:00","2021-01-17T16:29:14+00:00"
"rec_4821abd462a127223ec4b4c71c9043298e2cc20f","2022-10-30_15h11m34_Voix 093 fromage périmé.m4a","\\SyNAS\Records\2022-July-Dec","4695589","4.48 MB","2022-10-30T15:11:00+00:00","2022-10-30T14:11:34+00:00"
"rec_4368c5ae3e523caf6222a437d06c65a098574db6","2020_08_23_16_34_37 sunday après-midi .mp3","\\SyNAS\Records\Audio\Time_Sort\2020","156743470","149.48 MB","2020-08-23T16:34:37+00:00","2020-08-23T17:17:54+00:00"
"rec_f6e0c5c2d1943e7d16998cb20f211230289b3fe1","Audio recording 2020-10-11 21-44-30.aac","\\SyNAS\Records\2020","47686023","45.48 MB","2020-10-11T00:00:00+00:00","2020-10-11T20:09:31+00:00"
"rec_79f78c664eb1321458dc98cf15049a1d8620a3f8","2023-06-13_22h10m55_Voix 157.m4a","\\SyNAS\Records\2023","24745631","23.60 MB","2023-06-13T22:10:00+00:00","2023-06-13T20:10:55+00:00"
"rec_9f572e38d333a3ad67a8e4ce41cc770d0e8cf072","2021_02_03_19_33_13.mp3","\\SyNAS\Records\2021","126064430","120.22 MB","2021-02-03T19:33:13+00:00","2021-02-03T20:44:32+00:00"
"rec_17c735cc761a33d85c9bc2e7664d518c06a4b6d6","Audio recording 2020-10-20 11-53-24 nothing to declare.aac","\\SyNAS\Records\2020","36027463","34.36 MB","2020-10-20T00:00:00+00:00","2020-10-20T10:12:00+00:00"
"rec_c8c279669a1ad94a792b06b202ea3af9191de823","2021_02_02_20_35_07.mp3","\\SyNAS\Records\2021","7998483","7.63 MB","2021-02-02T20:35:07+00:00","2021-02-02T19:43:27+00:00"
"rec_4e70059ad87cb7f2e36e822ad271ba8e8ad9456b","2022_02_19_04_24_38.mp3","\\SyNAS\Records\2022-Jan-July","142351881","135.76 MB","2022-02-19T04:24:38+00:00","2022-02-19T05:52:56+00:00"
"rec_9c706da0587cfa7a632958ea43a36d8bd47e9194","Audio recording 2020-07-21 21-32-31.wav","\\SyNAS\Records\2020","165360932","157.70 MB","2020-07-21T00:00:00+00:00","2020-07-21T19:48:34+00:00"
"rec_9eaf1e6a220aa2fe9db4d86599dba4ac1bbac441","2021_03_04_21_43_52.mp3","\\SyNAS\Records\Audio\Time_Sort\2021","1421896","1.36 MB","2021-03-04T21:43:52+00:00","2021-03-04T20:45:21+00:00"
"rec_5e1d01f0f5b9555904b43816193c851cf86dc441","2021_07_13_23_15_24.mp3","\\SyNAS\Records\2021","6663522","6.35 MB","2021-07-13T23:15:24+00:00","2021-07-13T21:22:21+00:00"
"rec_323b373b44fdced2edd74a571b101860f958e0b5","Audio recording 2020-06-28 13-51-07.aac","\\SyNAS\Records\Audio\Time_Sort\2020","62617785","59.72 MB","2020-06-28T00:00:00+00:00","2020-06-28T12:32:46+00:00"
"rec_93b7737c00a913ec31d17c58564888da3346b2df","2022-06-26_20h30m29_Voix 021.m4a","\\SyNAS\Records\2022-July-Dec","2635050","2.51 MB","2022-06-26T20:30:00+00:00","2022-06-26T18:30:29+00:00"
"rec_291c6cae9f939831d3ac1d4937f3a8ed88b18819","2022-06-19_22h31m45_Voix 010.m4a","\\SyNAS\Records\2022-July-Dec","11361001","10.83 MB","2022-06-19T22:31:00+00:00","2022-06-19T20:31:45+00:00"
"rec_62cb5fdac8790e9b6c2862ce7aad0decbc251f31","2021_02_26_10_46_36 sprint demo.mp3","\\SyNAS\Records\Audio\Time_Sort\2021","50078363","47.76 MB","2021-02-26T10:46:36+00:00","2021-02-26T10:38:51+00:00"
"rec_869efcf1f14cea0e94f5f02f0bf409f78a347a78","2022-08-05_22h29m28_Voix 054.m4a","\\SyNAS\Records\2022-July-Dec","23208737","22.13 MB","2022-08-05T22:29:00+00:00","2022-08-05T20:29:28+00:00"
"rec_002aaa97214462b4d58a472a1408faf38b4acb15","2022-07-16_15h25m47_Voix 042 après discussion.m4a","\\SyNAS\Records\2022-July-Dec","17961333","17.13 MB","2022-07-16T15:25:00+00:00","2022-07-16T13:25:47+00:00"
"rec_285e608078ef43bba3bffcf51d33fafcdddde4f7","2021_01_02_18_58_42.mp3","\\SyNAS\Records\2021","938735","916.73 KB","2021-01-02T18:58:42+00:00","2021-01-02T17:59:41+00:00"
"rec_e214a92385a2d650fb37c9a18b3e536330bc1371","2021_04_04_19_49_35.mp3","\\SyNAS\Records\Audio\Time_Sort\2021","116468011","111.07 MB","2021-04-04T19:49:35+00:00","2021-04-04T19:50:55+00:00"
"rec_262318f29078c3e4da3b995c9936b44f1da10a19","2024-04-16_20h34m40_Voix 028 mise au point.m4a","\\SyNAS\Records\2024","135801517","129.51 MB","2024-04-16T20:34:00+00:00","2024-04-16T18:34:40+00:00"
"rec_021df7198eda66b8f58e785777cedd388662032d","2021_03_04_21_45_23 TA histoire.mp3","\\SyNAS\Records\2021","6876520","6.56 MB","2021-03-04T21:45:23+00:00","2021-03-04T20:53:50+00:00"
"rec_d9e88668adb085f8baf4876fe6a5f086562087e7","2020_12_23_16_41_59.mp3","\\SyNAS\Records\Audio\Time_Sort\2020","17206960","16.41 MB","2020-12-23T16:41:59+00:00","2020-12-23T15:59:55+00:00"
"rec_c5be7d3c6576d8c52316a8e2fbf03efce5e69fd0","2021_04_06_00_02_51.mp3","\\SyNAS\Records\2021","922434","900.81 KB","2021-04-06T00:02:51+00:00","2021-04-05T22:03:49+00:00"
"rec_ec24724f8952f6585f74b812aa4afeac81a6476c","2020_08_11_16_07_11.mp3","\\SyNAS\Records\Audio\Time_Sort\2020","8884139","8.47 MB","2020-08-11T16:07:11+00:00","2020-08-11T14:16:26+00:00"
"rec_3fd9903f4354e858908621ae25efbe66daf48742","2021_04_25_20_40_18.mp3","\\SyNAS\Records\Audio\Time_Sort\2021","33312599","31.77 MB","2021-04-25T20:40:18+00:00","2021-04-25T19:15:00+00:00"
"rec_43687ea8e7f3a37fcba58cb19fb42df7288d96b2","2022_05_31_18_27_00.mp3","\\SyNAS\Records\2022-Jan-July","32561527","31.05 MB","2022-05-31T18:27:00+00:00","2022-05-31T17:00:55+00:00"
"rec_187bc36fbe9fccae4f5865fbd4dbee95a7403953","2021_03_06_21_13_43.mp3","\\SyNAS\Records\2021","3322356","3.17 MB","2021-03-06T21:13:43+00:00","2021-03-06T20:17:11+00:00"
"rec_b173eb5495eba338ea9c5fb2ba5d01eeca10c1c4","Audio recording 2020-12-01 07-19-07.aac","\\SyNAS\Records\2020","1212285","1.16 MB","2020-12-01T00:00:00+00:00","2020-12-01T06:19:44+00:00"
"rec_85de610b39aac84ab3e45f3ec07ec533fa41680b","2021_05_09_20_08_11.mp3","\\SyNAS\Records\2021","18214242","17.37 MB","2021-05-09T20:08:11+00:00","2021-05-09T18:27:12+00:00"
"rec_9a657ac5b6ddf048bf7c840c91f665de800c4a46","2020_11_22_05_44_45.mp3","\\SyNAS\Records\Audio\Time_Sort\2020","1149804","1.10 MB","2020-11-22T05:44:45+00:00","2020-11-22T04:45:57+00:00"
"rec_9b08c6124132235577ab2424ea648c0c4550e977","Audio recording 2020-10-10 22-54-35.aac","\\SyNAS\Records\2020","877756","857.18 KB","2020-10-10T00:00:00+00:00","2020-10-10T20:55:03+00:00"
"rec_3f06ffbe189a01402cd8f1694a777d2757a16a50","2021_03_06_20_03_23.mp3","\\SyNAS\Records\2021","17885726","17.06 MB","2021-03-06T20:03:23+00:00","2021-03-06T19:22:01+00:00"
"rec_97d706ca93ead6464c24cc5cd89a60c8dcdb8a28","Audio recording 2020-12-01 19-34-48.aac","\\SyNAS\Records\2020","72787613","69.42 MB","2020-12-01T00:00:00+00:00","2020-12-01T19:12:22+00:00"
"rec_c03295500ff38fa2fd4bcea41ba85974e33ec561","2020-05-11_02h20m46_Voix 021_sd soiree.m4a","\\SyNAS\Records\2020","67843288","64.70 MB","2020-05-11T02:20:00+00:00","2020-05-11T00:20:46+00:00"
"rec_7a42a66e2919c94a679d42d575e302d8dfe68891","Audio recording 2020-11-18 12-11-15.aac","\\SyNAS\Records\2020","24107069","22.99 MB","2020-11-18T00:00:00+00:00","2020-11-18T11:23:42+00:00"
"rec_8e92f9c2d7651371e9bd44ecce2d26e685d69be9","2020_10_04_08_18_30.mp3","\\SyNAS\Records\Audio\2020-Unsorted","81440599","77.67 MB","2020-10-04T08:18:30+00:00","2020-10-04T07:43:20+00:00"
"rec_4562ab9f94fdcf666ef15bf8b9b7587503cee5e0","2021_06_30_12_39_03 repas.mp3","\\SyNAS\Records\2021","30073416","28.68 MB","2021-06-30T12:39:03+00:00","2021-06-30T11:10:23+00:00"
"rec_0896d403d4c078e02c658480447eca37bdd6380f","2024-09-22_18h45m26_Voix 024 alois dimanche détente harcèlement.m4a","\\SyNAS\Records\2024","109328078","104.26 MB","2024-09-22T18:45:00+00:00","2024-09-22T16:45:26+00:00"
"rec_49206f433720a06f1ac9b8ce349db3c1fe55c864","2021_07_02_15_02_17.mp3","\\SyNAS\Records\2021","58916780","56.19 MB","2021-07-02T15:02:17+00:00","2021-07-02T14:03:40+00:00"
"rec_cc6e9d130b10b0108a0ecf16816b16f330ca1762","Audio recording 2020-06-29 10-04-54.aac","\\SyNAS\Records\2020","2058338","1.96 MB","2020-06-29T00:00:00+00:00","2020-06-29T08:05:58+00:00"
"rec_0773c66e4561a82177cac6c8dbda1254b3911326","Audio recording 2020-10-31 22-31-20.aac","\\SyNAS\Records\2020","24336602","23.21 MB","2020-10-31T00:00:00+00:00","2020-10-31T21:43:54+00:00"
"rec_985a7afd3b39d020a5e105a17ab819151329c980","2021_02_14_18_46_23 apres midi.mp3","\\SyNAS\Records\Audio\Time_Sort\2021","7805386","7.44 MB","2021-02-14T18:46:23+00:00","2021-02-14T17:54:31+00:00"
"rec_6c0f222ab373de884f6d5ba393d19793d50990eb","2020-03-18_17h41m00_Recording (6) Dinda Conversation.m4a","\\SyNAS\Records\Rec\DD","51475422","49.09 MB","2020-03-18T17:41:00+00:00","2020-04-05T23:24:00+00:00"
"rec_7c8b946a89bbf59ad8ab6fbc2efc23c4855da644","2021_01_30_18_59_27.mp3","\\SyNAS\Records\2021","2340152","2.23 MB","2021-01-30T18:59:27+00:00","2021-01-30T18:01:54+00:00"
"rec_c4026442da1d1e51c561c27c2ae6268cd78d7967","2021_06_10_11_44_47 KTA lunch genetique.mp3","\\SyNAS\Records\2021","68714578","65.53 MB","2021-06-10T11:44:47+00:00","2021-06-10T10:56:22+00:00"
"rec_7d3649d962ca18ee44fc03f8ce016ea69362072e","Audio recording 2020-10-26 15-31-33.aac","\\SyNAS\Records\2020","233530624","222.71 MB","2020-10-26T00:00:00+00:00","2020-10-26T16:32:03+00:00"
"rec_da4a68bbf4192febeb77f5b5c9f4fcfc7d5e3016","Audio recording 2020-11-30 16-36-20 confiscation s9.aac","\\SyNAS\Records\2020","45530431","43.42 MB","2020-11-30T00:00:00+00:00","2020-11-30T15:59:50+00:00"
"rec_6105e9b380359acf822fb5b2e4a6fd1e51c6d596","2021_05_19_21_36_57 histoire princesse de claves.mp3","\\SyNAS\Records\2021","7908622","7.54 MB","2021-05-19T21:36:57+00:00","2021-05-19T19:45:11+00:00"
"rec_31ae0ae61ecb21fe58bcaeef0f1370ec15ed2cbf","Audio recording 2020-09-24 01-33-56 tu peux enregistrer.aac","\\SyNAS\Records\2020","13801495","13.16 MB","2020-09-24T00:00:00+00:00","2020-09-23T23:41:04+00:00"
"rec_8fa74e958a4b80787fa95e2c5c3e4c0da86b4c19","20220606_095034 Alois donne sa sanction.m4a","\\SyNAS\Records\2022-Jan-July","41276473","39.36 MB","","2022-06-06T08:27:22+00:00"
"rec_7398d5f55212b6643bdecfade981209080cf20b6","2021_01_02_21_01_24.mp3","\\SyNAS\Records\2021","3349523","3.19 MB","2021-01-02T21:01:24+00:00","2021-01-02T20:04:53+00:00"
"rec_3efc67a478a5c86c64182c97551178ccfeedc4a1","Audio recording 2020-07-19 13-06-13.wav","\\SyNAS\Records\Audio\Time_Sort\2020","262828988","250.65 MB","2020-07-19T00:00:00+00:00","2020-07-19T11:31:04+00:00"
"rec_47e056cebaf490da0e739a9714a91a058b68ba79","Audio recording 2020-06-27 23-00-54.aac","\\SyNAS\Records\Audio\Time_Sort\2020","9628245","9.18 MB","2020-06-27T00:00:00+00:00","2020-06-27T21:05:52+00:00"
"rec_9efb5ae705b42a05c7cd5177cc449150cfd3d266","2021_04_17_14_22_01.mp3","\\SyNAS\Records\Audio\Time_Sort\2021","63066671","60.15 MB","2021-04-17T14:22:01+00:00","2021-04-17T13:33:17+00:00"
"rec_f9822f99dc5cc5d0433dfe3642fb8183071a9c64","Audio recording 2020-10-28 20-13-05 repas.aac","\\SyNAS\Records\2020","56138335","53.54 MB","2020-10-28T00:00:00+00:00","2020-10-28T19:42:04+00:00"
"rec_db3be746b08ed4b7d11b2b5c7ede6f6505bc3e9f","2021_04_12_18_51_06.mp3","\\SyNAS\Records\2021","8995734","8.58 MB","2021-04-12T18:51:06+00:00","2021-04-12T17:00:28+00:00"
"rec_ec58427caf73a356a1ea1f76d79d80d0866796ea","2023-07-22_11h22m37_Voix 005.m4a","\\SyNAS\Records\2023","6839110","6.52 MB","2023-07-22T11:22:00+00:00","2023-07-22T09:22:37+00:00"
"rec_baf0d3c46419de6eb4e9565421cacaf2d13fad94","2020-04-02_04h30m56_Recording (19)_Dinda.m4a","\\SyNAS\Records\Rec\DD","47172793","44.99 MB","2020-04-02T04:30:00+00:00","2020-04-05T23:24:06+00:00"
"rec_dfefe7e63f6344f41826d2d4a2dd351a6892921b","2020-05-27 19-00-33.wav","\\SyNAS\Records\WebStorage\2020","444877316","424.27 MB","2020-05-27T00:00:00+00:00","2020-07-06T21:32:14+00:00"
"rec_64529f6681efead593a21ba2eb0479f9b1732990","2020_08_01_13_00_23.mp3","\\SyNAS\Records\Audio\Time_Sort\2020","85262836","81.31 MB","2020-08-01T13:00:23+00:00","2020-08-01T12:29:12+00:00"
"rec_0f1d37020fb481c174db4d5da737a8c27d213df5","Audio recording 2020-07-21 21-20-35 KTA_Diffamation_Famille_Les_Tuches.wav","\\SyNAS\Records\2020","77058620","73.49 MB","2020-07-21T00:00:00+00:00","2020-07-21T19:27:52+00:00"
"rec_3c8b761bd336a486745620f02eeedf20d34e8ed7","Audio recording 2020-10-29 15-25-14.aac","\\SyNAS\Records\2020","26479484","25.25 MB","2020-10-29T00:00:00+00:00","2020-10-29T14:40:55+00:00"
"rec_c8b5b0094a8f7a4bd02035923807b8a6b3f90e01","2021_06_27_21_07_43.mp3","\\SyNAS\Records\2021","15512136","14.79 MB","2021-06-27T21:07:43+00:00","2021-06-27T19:23:52+00:00"
"rec_fd7edd7d53efb173876bccc4613b3f994df37e09","2020_12_25_16_38_11.mp3","\\SyNAS\Records\2020","42681154","40.70 MB","2020-12-25T16:38:11+00:00","2020-12-25T16:22:39+00:00"
"rec_bc345d128a974f12d7f9c4eeb265c489df0bc204","2021_03_08_08_04_53 morning.mp3","\\SyNAS\Records\Audio\Time_Sort\2021","2484348","2.37 MB","2021-03-08T08:04:53+00:00","2021-03-08T07:07:29+00:00"
"rec_b2b24e26712501c443c22bfa0082c2969b0a906b","2020_08_23_19_18_04 soir.mp3","\\SyNAS\Records\Audio\Time_Sort\2020","97105292","92.61 MB","2020-08-23T19:18:04+00:00","2020-08-23T18:59:14+00:00"
"rec_accd6bc2a15985fe8a20b5f1b07e760e82915f27","Audio recording 2020-11-17 19-30-46.aac","\\SyNAS\Records\Audio\Time_Sort\2020","81251676","77.49 MB","2020-11-17T00:00:00+00:00","2020-11-17T19:12:42+00:00"
"rec_b5c361cb40ba2c03bba61593af8995ce78585220","Audio recording 2020-12-12 08-33-00.aac","\\SyNAS\Records\2020","9335789","8.90 MB","2020-12-12T00:00:00+00:00","2020-12-12T07:37:49+00:00"
"rec_6722dc5746a7cf53627d535b79641bfda3098560","2020_12_28_19_49_03.mp3","\\SyNAS\Records\2020","1558986","1.49 MB","2020-12-28T19:49:03+00:00","2020-12-28T18:50:41+00:00"
"rec_b289417ad1db47b9e862afdb557e8b9afb362ddf","Audio recording 2020-12-09 20-21-51.aac","\\SyNAS\Records\Audio\Time_Sort\2020","56940724","54.30 MB","2020-12-09T00:00:00+00:00","2020-12-09T19:51:15+00:00"
"rec_f43db4495ca95ae6ba2624a6d6a866ec04ba6cd8","2022-06-27_16h43m03_Voix 023 boîte en carton.m4a","\\SyNAS\Records\2022-July-Dec","4498566","4.29 MB","2022-06-27T16:43:00+00:00","2022-06-27T14:43:03+00:00"
"rec_d71ebb38a89c2469e6bac1943d264a74d960c9d8","2021_04_01_21_43_56 histoire.mp3","\\SyNAS\Records\Audio\Time_Sort\2021","18562402","17.70 MB","2021-04-01T21:43:56+00:00","2021-04-01T20:03:17+00:00"
"rec_00b152207c70cef488910b74151e09ce7276704f","2024-01-09_19h28m42_Voix 024.m4a","\\SyNAS\Records\2024","92378693","88.10 MB","2024-01-09T19:28:00+00:00","2024-01-09T18:28:42+00:00"
"rec_bcc124475dfb853ce296a63f7218735104a12df1","Audio recording 2020-07-22 12-49-29  KTA_a la niche.wav","\\SyNAS\Records\Audio\Time_Sort\2020","112945436","107.71 MB","2020-07-22T00:00:00+00:00","2020-07-22T11:00:10+00:00"
"rec_ffcf6d8f43d46cf51822a933ae0377d11821da6d","2020-03-27_14h32m38_Recording (12)_Dinda.m4a","\\SyNAS\Records\Rec\DD","61252024","58.41 MB","2020-03-27T14:32:00+00:00","2020-04-05T23:24:06+00:00"
"rec_a13a4fed7deb69e0274f21dbdaad1bd3642fd3ee","2020_09_03_11_53_05 midi discours de haine.mp3","\\SyNAS\Records\Audio\Time_Sort\2020","30416142","29.01 MB","2020-09-03T11:53:05+00:00","2020-09-03T10:24:46+00:00"
"rec_b407cd3a39396ec28dfea909ff4c350b11a43c54","2020_10_05_23_56_49 dodo.mp3","\\SyNAS\Records\Audio\2020-Unsorted","79000554","75.34 MB","2020-10-05T23:56:49+00:00","2020-10-05T23:19:10+00:00"
"rec_0b3d8fff01e94b1763b5bd0049676f59d79c4625","2021_04_01_22_05_29.mp3","\\SyNAS\Records\2021","472551339","450.66 MB","2021-04-01T22:05:29+00:00","2021-04-02T04:17:46+00:00"
"rec_ff688a0b7cde73df2d590a88983d5c2d57e1ae7e","2023-04-30_00h26m34_Voix 148.m4a","\\SyNAS\Records\2023","286272030","273.01 MB","2023-04-30T00:26:00+00:00","2023-04-29T22:26:34+00:00"
"rec_7693ff795195f19926333786ec54ac2abd961770","2023-09-29_17h10m00_Voix 015 Steinhausen Ottenbach.m4a","\\SyNAS\Records\2023","256139847","244.27 MB","2023-09-29T17:10:00+00:00","2023-09-29T15:10:00+00:00"
"rec_553fabcdde4084b6b1b2697516a168008b4a531a","2021_01_06_21_09_30 Alois.mp3","\\SyNAS\Records\2021","39492126","37.66 MB","2021-01-06T21:09:30+00:00","2021-01-06T20:50:39+00:00"
"rec_511d73b148a3a8f03f0ccf04d6c9bee783b93495","Audio recording 2020-07-11 11-58-30.wav","\\SyNAS\Records\Audio\Time_Sort\2020","4420628","4.22 MB","2020-07-11T00:00:00+00:00","2020-07-11T10:38:00+00:00"
"rec_b406c0c91595482a7cdae69798c17c3e9d2d8fae","2024-06-30_19h35m10_Voix 007 dd dans sa chambre.m4a","\\SyNAS\Records\2024_DD_theater","76749898","73.19 MB","2024-06-30T19:35:00+00:00","2024-06-30T17:35:10+00:00"
"rec_f5df8d973693f6669bebdd9d9f6b994d0d4b87d0","2022-09-15_07h16m07_Voix 072 matinale discussion.m4a","\\SyNAS\Records\2022-July-Dec","33138651","31.60 MB","2022-09-15T07:16:00+00:00","2022-09-15T05:16:07+00:00"
"rec_63d510397cf2263d1e46a56a12acfff2287dc136","Audio recording 2020-06-22 16-21-06.aac","\\SyNAS\Records\Audio\Time_Sort\2020","4575457","4.36 MB","2020-06-22T00:00:00+00:00","2020-06-22T14:23:28+00:00"
"rec_62822cc4494be572af6ad104d9b0ff340ba90f6b","2020_12_21_22_30_30 aleveque.mp3","\\SyNAS\Records\2020","59979231","57.20 MB","2020-12-21T22:30:30+00:00","2020-12-21T22:32:58+00:00"
"rec_0278e4edbd8ce31d97430b5c0aceb8144bc2422f","2020_12_25_07_18_59.mp3","\\SyNAS\Records\2020","40650709","38.77 MB","2020-12-25T07:18:59+00:00","2020-12-25T07:01:19+00:00"
"rec_712c591be13b0fb5bdbfa3eb62b25d2bc9f54bb7","Audio recording 2020-12-09 21-19-49 zorro.aac","\\SyNAS\Records\2020","43278889","41.27 MB","2020-12-09T00:00:00+00:00","2020-12-09T20:42:10+00:00"
"rec_2924b9239d47eef78cb304dbd9809f88efe69f2d","2020_12_20_20_48_31 retour maison.mp3","\\SyNAS\Records\2020","15049873","14.35 MB","2020-12-20T20:48:31+00:00","2020-12-20T20:04:11+00:00"
"rec_b10597d3849f285a9bdc4b55dcfbe430aeddf6c7","2022-10-28_20h44m25_Voix 092 Tw  arguments juge.m4a","\\SyNAS\Records\2022-July-Dec","13521976","12.90 MB","2022-10-28T20:44:00+00:00","2022-10-28T18:44:25+00:00"
"rec_7063f01ed160ff68a1ca180d80b81d877e8b429a","20220607_190451.m4a","\\SyNAS\Records\2022-Jan-July","135052898","128.80 MB","","2022-06-07T19:05:14+00:00"
"rec_fd10ece867ad0ffe4da6f6558532e27328e53b4a","2021_06_13_21_27_02 histoure mouluns.mp3","\\SyNAS\Records\2021","6322045","6.03 MB","2021-06-13T21:27:02+00:00","2021-06-13T19:39:12+00:00"
"rec_b21cb169316d927f3e45908e2791b424fa2abf65","2024-06-25_01h45m36_Voix 007 dinda débriefing.m4a","\\SyNAS\Records\2024","235791268","224.87 MB","2024-06-25T01:45:00+00:00","2024-06-24T23:45:36+00:00"
"rec_e57f4c1d7b9eeac1e9ac243e7e5828aecc495cf9","2021_02_25_16_15_19 dd health.mp3","\\SyNAS\Records\2021","15258017","14.55 MB","2021-02-25T16:15:19+00:00","2021-02-25T15:31:14+00:00"
"rec_29d0faef2d5d548c4152f550015d4863c8d6a6ac","2020_12_29_21_04_33.mp3","\\SyNAS\Records\Audio\Time_Sort\2020","8138082","7.76 MB","2020-12-29T21:04:33+00:00","2020-12-29T20:13:02+00:00"
"rec_a842623164ad628c09d769e96aec527fbf2e9ce4","2021_01_09_14_45_31_piqueMonJackDaniel.mp3","\\SyNAS\Records\Audio\Time_Sort\2021","557974","544.90 KB","2021-01-09T14:45:31+00:00","2021-01-09T13:46:06+00:00"
"rec_935f58924cc78bba67548cefb97d762013e4e8db","Audio recording 2020-06-24 18-22-48.aac","\\SyNAS\Records\Audio\Time_Sort\2020","21424913","20.43 MB","2020-06-24T00:00:00+00:00","2020-06-24T16:33:52+00:00"
"rec_2b3f626dbb42fecc892e70d385ecc5b24be00b1d","Audio recording 2020-07-19 16-11-36 aller à l anniversaire.wav","\\SyNAS\Records\2020","128472164","122.52 MB","2020-07-19T00:00:00+00:00","2020-07-19T14:23:44+00:00"
"rec_826fd77998251362fb6e96e22f9026bd0ec84511","2021_03_02_00_38_01.mp3","\\SyNAS\Records\Audio\Time_Sort\2021","12107022","11.55 MB","2021-03-02T00:38:01+00:00","2021-03-01T23:50:38+00:00"
"rec_2eeb702b965e648f3673539c9f3a7aaf669d7fdd","2021_05_13_14_48_28 apresm.mp3","\\SyNAS\Records\2021","71125367","67.83 MB","2021-05-13T14:48:28+00:00","2021-05-13T14:02:39+00:00"
"rec_41c896ff089eb8b55a1ef80a4a2c1c076c076842","2021_02_25_19_23_41.mp3","\\SyNAS\Records\2021","44656430","42.59 MB","2021-02-25T19:23:41+00:00","2021-02-25T19:10:12+00:00"
"rec_207abaa2d924aaedc79ec4fadced2e848d1c31a5","2021_03_06_20_22_50.mp3","\\SyNAS\Records\Audio\Time_Sort\2021","20332459","19.39 MB","2021-03-06T20:22:50+00:00","2021-03-06T19:44:01+00:00"
"rec_e6d0c0f8d67f2af78d57c2e605f6806987b53cc4","2023-01-02_21h04m50_Voix 122  dd discussion.m4a","\\SyNAS\Records\2023","63710425","60.76 MB","2023-01-02T21:04:00+00:00","2023-01-02T20:04:50+00:00"
"rec_04eb8691a4e1931a75a4508dbbe94e63f49b93c7","2023-08-25_08h27m20_Voix 011 dd sleeps.m4a","\\SyNAS\Records\2023","310478112","296.10 MB","2023-08-25T08:27:00+00:00","2023-08-25T06:27:20+00:00"
"rec_9c7aa67e557f9f05fd57d340df85c1843e8570ce","2021_04_05_23_49_51.mp3","\\SyNAS\Records\2021","1748322","1.67 MB","2021-04-05T23:49:51+00:00","2021-04-05T21:51:40+00:00"
"rec_7aed46da880fd603fd14230dfc2753cebcc298ce","2023-08-25_12h10m07_Voix 011.m4a","\\SyNAS\Records\2023","4608452","4.39 MB","2023-08-25T12:10:00+00:00","2023-08-25T10:10:07+00:00"
"rec_60844fd247d26cb698751cd3dd7905cce65588d5","2023-01-01_17h11m39_Voix 122 dd cupidon example.m4a","\\SyNAS\Records\2023","29668423","28.29 MB","2023-01-01T17:11:00+00:00","2023-01-01T16:11:39+00:00"
"rec_5431e5a2816788cfffb0f57de8ba4414eec7db64","2021_01_17_21_10_31.mp3","\\SyNAS\Records\Audio\Time_Sort\2021","27535986","26.26 MB","2021-01-17T21:10:31+00:00","2021-01-17T20:39:12+00:00"
"rec_2d4c961fcd80ce6109a6c67208e16fd915a4f757","Audio recording 2020-08-13 05-07-10 L'espoir.wav","\\SyNAS\Records\Audio\Time_Sort\2020","20003804","19.08 MB","2020-08-13T00:00:00+00:00","2020-08-13T03:09:04+00:00"
"rec_a1e52196c99be230e9f7546c2dbf71925186f09c","2020_10_29_21_01_54 soir.mp3","\\SyNAS\Records\2020","19316400","18.42 MB","2020-10-29T21:01:54+00:00","2020-10-29T20:22:02+00:00"
"rec_8772880a5653651441c3700362ac357eac289d5c","2022-08-03_00h30m06_Voix 006 KTA danse provocation kebab.m4a","\\SyNAS\Records\2022-July-Dec","33104510","31.57 MB","2022-08-03T00:30:00+00:00","2022-08-02T22:30:06+00:00"
"rec_fdf26cfb1aca864ce60bab5cd08cc9cc1b39d5fb","2021_02_27_21_10_32.mp3","\\SyNAS\Records\Audio\Time_Sort\2021","54337200","51.82 MB","2021-02-27T21:10:32+00:00","2021-02-27T21:07:08+00:00"
"rec_44cfd324ddd73e17ce14e0b89b8de9535e7ff158","2021_07_01_20_33_57.mp3","\\SyNAS\Records\2021","187652","183.25 KB","2021-07-01T20:33:57+00:00","2021-07-01T18:34:15+00:00"
"rec_4f6f1329f6a41514796eeb7d623f568104d2a423","2021_02_16_14_05_19.mp3","\\SyNAS\Records\2021","2959150","2.82 MB","2021-02-16T14:05:19+00:00","2021-02-16T13:08:26+00:00"
"rec_1bfec25a3518ad6217699ca2ec02f67d99707620","Audio recording 2020-11-16 19-18-14.aac","\\SyNAS\Records\Audio\Time_Sort\2020","56174225","53.57 MB","2020-11-16T00:00:00+00:00","2020-11-16T18:47:14+00:00"
"rec_8fcd2e9cf94d99de6e5c710e7cb04500e04511be","2020_09_13_20_55_16.mp3","\\SyNAS\Records\Audio\2020-Unsorted","14994702","14.30 MB","2020-09-13T20:55:16+00:00","2020-09-13T19:10:53+00:00"
"rec_51120d3ec5dba2247e06d58ecabb7bb1d4ab26da","2022-11-30_13h28m42_Voix 103 tirade amorale.m4a","\\SyNAS\Records\2022-July-Dec","16542917","15.78 MB","2022-11-30T13:28:00+00:00","2022-11-30T12:28:42+00:00"
"rec_e6feea0fe2e07f7b4c87f225e4c15e878c1b23bf","Audio recording 2020-10-15 15-32-00.aac","\\SyNAS\Records\2020","7595762","7.24 MB","2020-10-15T00:00:00+00:00","2020-10-15T13:35:55+00:00"
"rec_fc82783fd1ff3a4dfa9870450d2c4154bbeae494","2021_04_01_21_36_09.mp3","\\SyNAS\Records\2021","7371132","7.03 MB","2021-04-01T21:36:09+00:00","2021-04-01T19:43:50+00:00"
"rec_0367ec882315949d46d0b4f5718ca909e1ed32fe","Audio recording 2020-12-07 20-34-11.aac","\\SyNAS\Records\Audio\Time_Sort\2020","137589649","131.22 MB","2020-12-07T00:00:00+00:00","2020-12-07T20:45:11+00:00"
"rec_6f474661e245d6f9c2d4554aa81436adacb1e516","2020_12_27_13_39_26.mp3","\\SyNAS\Records\2020","12366575","11.79 MB","2020-12-27T13:39:26+00:00","2020-12-27T12:52:19+00:00"
"rec_fe1be3fec23a92764e779804d8723488abaa7c86","2021_01_25_12_48_59.mp3","\\SyNAS\Records\2021","33833794","32.27 MB","2021-01-25T12:48:59+00:00","2021-01-25T12:24:14+00:00"
"rec_fb6e7a3d4f135fe8b176303c6ad1ba7beb8a0cd0","2023-02-15_20h51m54_Voix 132.m4a","\\SyNAS\Records\2023","209265472","199.57 MB","2023-02-15T20:51:00+00:00","2023-02-15T19:51:54+00:00"
"rec_69b60ab6573fb9b451ea6c753609276cee8949c3","2023-02-28_19h45m43_Voix 141 KTA visite Steinhausen.m4a","\\SyNAS\Records\2023","101280001","96.59 MB","2023-02-28T19:45:00+00:00","2023-02-28T18:45:43+00:00"
"rec_911ed7d4dfb118173d44d4f1b17514ddfca87e07","2021-02-01_13h49m59_DD_Convalescence.m4a","\\SyNAS\Records\Rec\DD","27080065","25.83 MB","2021-02-01T13:49:00+00:00","2021-02-01T12:49:59+00:00"
"rec_63a30366317226978c0c9cd2040f4163d2700d00","2019-10-15_23h48m12_Bb.m4a","\\SyNAS\Records\2019","94729","92.51 KB","2019-10-15T23:48:00+00:00","2019-10-15T21:48:12+00:00"
"rec_5cd695014542dff57858a4b3ed5df722001750cd","Audio recording 2020-11-30 16-14-50 violoncelle & menaces Peter le nez.aac","\\SyNAS\Records\Audio\Time_Sort\2020","41032483","39.13 MB","2020-11-30T00:00:00+00:00","2020-11-30T15:36:00+00:00"
"rec_04b905c72b2e468216c00a2e3bce6ae8a7d6d47b","2022-08-13_13h33m18_Voix 057.m4a","\\SyNAS\Records\2022-July-Dec","7613837","7.26 MB","2022-08-13T13:33:00+00:00","2022-08-13T11:33:18+00:00"
"rec_c8021c0da2e4ebab9914e91392420c9782a80fa5","2021_04_03_16_01_49.mp3","\\SyNAS\Records\Audio\Time_Sort\2021","10690977","10.20 MB","2021-04-03T16:01:49+00:00","2021-04-03T14:12:57+00:00"
"rec_d6f2e5589c7a18430e34972f0c337a906fbd62fc","2023-07-14_07h50m00_Voix 004.m4a","\\SyNAS\Records\2023","375029044","357.66 MB","2023-07-14T07:50:00+00:00","2023-07-14T05:50:00+00:00"
"rec_106e81e8f680dd7df41297932c25f2ae0bfc3046","2024-10-13_20h49m46_Voix 026 explication en famille maeva alois.m4a","\\SyNAS\Records\2024","118690703","113.19 MB","2024-10-13T20:49:00+00:00","2024-10-13T18:49:46+00:00"
"rec_458c55c85f3230e156b8c9d0486cd28231a6abfc","Audio recording 2020-11-05 19-24-04.aac","\\SyNAS\Records\Audio\Time_Sort\2020","49493655","47.20 MB","2020-11-05T00:00:00+00:00","2020-11-05T18:49:36+00:00"
"rec_9e39745a87e9c04ed097c6a5e68ac9749eb74899","2020-04-04_16h22m24_Recording (24)_Dinda.m4a","\\SyNAS\Records\Rec\DD","74550684","71.10 MB","2020-04-04T16:22:00+00:00","2020-04-05T23:41:27+00:00"
"rec_e17005070f6d41d7097c99eb9ad6bddb365e8791","2022_05_01_13_53_42 birds.mp3","\\SyNAS\Records\2022-Jan-July","316373","308.96 KB","2022-05-01T13:53:42+00:00","2022-05-01T11:54:02+00:00"
"rec_395534174b19e666df22001b5773277abfc81bc7","Audio recording 2020-12-01 22-14-45.aac","\\SyNAS\Records\2020","7320454","6.98 MB","2020-12-01T00:00:00+00:00","2020-12-01T21:18:32+00:00"
"rec_35c67702cbe1cf36ebaf1ae0ee5cea777d0b0c6c","2021_01_15_14_34_14 DD double tune.mp3","\\SyNAS\Records\Audio\Time_Sort\2021","12978885","12.38 MB","2021-01-15T14:34:14+00:00","2021-01-15T13:47:45+00:00"
"rec_53ccccc71e5f61fc2aac0e5e7e9ae02dbe4d34e8","2021_10_12_15_59_11 cello.mp3","\\SyNAS\Records\2021","47482670","45.28 MB","2021-10-12T15:59:11+00:00","2021-10-12T14:48:39+00:00"
"rec_f9bf6ce3a8438f60ecbb7463b98435ed64aa7d9c","2020-05-19_19h51m26_Voix 039_sd soir.m4a","\\SyNAS\Records\Audio\Time_Sort\2020","27955762","26.66 MB","2020-05-19T19:51:00+00:00","2020-05-19T17:51:26+00:00"
"rec_ca5df332f89dfc6a01aed7de1e349c802e6b452f","Audio recording 2020-10-28 12-48-28 négociations juge.aac","\\SyNAS\Records\2020","60592674","57.79 MB","2020-10-28T00:00:00+00:00","2020-10-28T12:19:45+00:00"
"rec_6047e0e4624ff5ebaa1bea2b6d431e71b18b787d","Audio recording 2020-09-03 19-10-11.wav","\\SyNAS\Records\Audio\Time_Sort\2020","379499948","361.92 MB","2020-09-03T00:00:00+00:00","2020-09-03T17:46:03+00:00"
"rec_175eebd084c2b53b7becbe61fffd34523b83eae6","Audio recording 2020-10-30 21-55-56.aac","\\SyNAS\Records\2020","18008476","17.17 MB","2020-10-30T00:00:00+00:00","2020-10-30T21:08:51+00:00"
"rec_283b6b1f1ba3af0510d88018cc676a2269f66011","2023-04-07_16h26m36_Voix 146 TA assisinat Marseille.m4a","\\SyNAS\Records\2023","21273541","20.29 MB","2023-04-07T16:26:00+00:00","2023-04-07T14:26:36+00:00"
"rec_940af8aa30bf108622062a86132f9b7974a4d4a8","2021_04_16_08_03_35.mp3","\\SyNAS\Records\Audio\Time_Sort\2021","68709981","65.53 MB","2021-04-16T08:03:35+00:00","2021-04-16T07:15:09+00:00"
"rec_f1eb6faddcad34b257ad678ee1d0cdb38139223b","2020_12_25_17_25_53 appel noel elisabeth.mp3","\\SyNAS\Records\Audio\Time_Sort\2020","12538356","11.96 MB","2020-12-25T17:25:53+00:00","2020-12-25T16:38:57+00:00"
"rec_59b2348ee19c0a40f6b3924a972158a20b4b2882","2022-10-29_20h36m55_Voix 092 caméra.m4a","\\SyNAS\Records\2022-July-Dec","12166328","11.60 MB","2022-10-29T20:36:00+00:00","2022-10-29T18:36:55+00:00"
"rec_01dfe0b3d5e478f28b16f1f19f1457b07024935e","2020_11_16_20_32_52.mp3","\\SyNAS\Records\Audio\2020-Unsorted","6603336","6.30 MB","2020-11-16T20:32:52+00:00","2020-11-16T19:39:45+00:00"
"rec_95f7a05b1543803424fd48a7aa79aa82f754f68e","Audio recording 2020-11-12 18-08-27.aac","\\SyNAS\Records\2020","2619199","2.50 MB","2020-11-12T00:00:00+00:00","2020-11-12T17:09:48+00:00"
"rec_563707fc575bd10227a85426f0b66c0eb6072338","2019-10-15_23h48m16_Puler.m4a","\\SyNAS\Records\Audio\Time_Sort\2019","92101","89.94 KB","2019-10-15T23:48:00+00:00","2019-10-15T21:48:16+00:00"
"rec_25016b94c078a3ab37de882727474fb96be0ebad","2020_12_27_19_04_13.mp3","\\SyNAS\Records\Audio\Time_Sort\2020","21947871","20.93 MB","2020-12-27T19:04:13+00:00","2020-12-27T18:27:05+00:00"
"rec_5398fdd9002780553999990c12f6d74bd0727ef0","2021_04_08_20_11_12.mp3","\\SyNAS\Records\2021","66235244","63.17 MB","2021-04-08T20:11:12+00:00","2021-04-08T19:20:12+00:00"
"rec_d86218619a594e07db8d14f5d255866b0018912e","2020_09_01_21_07_47 chien de ster ouen.mp3","\\SyNAS\Records\Audio\Time_Sort\2020","10081592","9.61 MB","2020-09-01T21:07:47+00:00","2020-09-01T19:18:18+00:00"
"rec_608897a41f2348f7859b24b91f32346d2d64a913","2022-11-06_17h37m49_Voix 095 cours de symetrie.m4a","\\SyNAS\Records\2022-July-Dec","81980592","78.18 MB","2022-11-06T17:37:00+00:00","2022-11-06T16:37:49+00:00"
"rec_e8e97f8b7e4952b892f0165e499ef6d40aa887df","2021_01_02_20_04_48.mp3","\\SyNAS\Records\2021","42590039","40.62 MB","2021-01-02T20:04:48+00:00","2021-01-02T19:49:11+00:00"
"rec_73abff3d38f8cb508e1836f85db0d93b74365872","2021_02_19_14_30_30.mp3","\\SyNAS\Records\Audio\Time_Sort\2021","1182405","1.13 MB","2021-02-19T14:30:30+00:00","2021-02-19T13:31:44+00:00"
"rec_9a8d013fd95e0d529b4453467a3fb37d0b6e098b","Audio recording 2020-07-09 13-22-48.wav","\\SyNAS\Records\Audio\Time_Sort\2020","316168820","301.52 MB","2020-07-09T00:00:00+00:00","2020-07-09T11:52:42+00:00"
"rec_25b6fce8b6987b7c3c27f096e2f91cb92b493829","2020_10_29_17_34_56.mp3","\\SyNAS\Records\2020","30026186","28.64 MB","2020-10-29T17:34:56+00:00","2020-10-29T17:06:13+00:00"
"rec_69e099195fdc4849defc187dc89d12c824773de2","2023-01-14_16h03m38_Voix 122 dd mère la morale.m4a","\\SyNAS\Records\2023","12455560","11.88 MB","2023-01-14T16:03:00+00:00","2023-01-14T15:03:38+00:00"
"rec_eabf4c4c677a07ccfa6d0b73d9e4a662da2045e3","2022-09-26_20h13m37_Voix 080 arrêt ordinateur.m4a","\\SyNAS\Records\2022-July-Dec","11004154","10.49 MB","2022-09-26T20:13:00+00:00","2022-09-26T18:13:37+00:00"
"rec_12ae214abf3a6a3d242b05869b805523ef77d5a9","2021_03_05_22_31_06.mp3","\\SyNAS\Records\Audio\Time_Sort\2021","17334438","16.53 MB","2021-03-05T22:31:06+00:00","2021-03-05T21:49:10+00:00"
"rec_8ebc4b229b39258f568d0032a6dc6255a02e7288","2022-11-01_16h02m31_Voix 093 monopoly.m4a","\\SyNAS\Records\2022-July-Dec","83054954","79.21 MB","2022-11-01T16:02:00+00:00","2022-11-01T15:02:31+00:00"
"rec_1112b3874a6304da7bff71b3079fdf8609aed9de","2020-06-02 12-00-09 lunch.aac","\\SyNAS\Records\WebStorage\2020","55487916","52.92 MB","2020-06-02T00:00:00+00:00","2020-07-06T22:25:41+00:00"
"rec_87f77eb7d3d13aabc958f5c5acecc674d94f0afe","2021_01_02_18_59_56.mp3","\\SyNAS\Records\2021","23260681","22.18 MB","2021-01-02T18:59:56+00:00","2021-01-02T18:24:10+00:00"
"rec_22d2e655d7a6a2eb91ef12461a1dda41f4a31745","Audio recording 2020-09-11 15-26-48.aac","\\SyNAS\Records\Audio\Time_Sort\2020","23950297","22.84 MB","2020-09-11T00:00:00+00:00","2020-09-11T13:39:10+00:00"
"rec_e0ca485844e3409a48d137e7195bf7a968f0b991","2020-04-05_15h46m10_Recording (26)_Dinda.m4a","\\SyNAS\Records\Rec\DD","2938881","2.80 MB","2020-04-05T15:46:00+00:00","2020-04-05T23:44:10+00:00"
"rec_57fe2050b17e1d4331584c722df8e2d7a4a7c255","2019-10-15_23h48m16_Sa.m4a","\\SyNAS\Records\Audio\Time_Sort\2019","952121","929.81 KB","2019-10-15T23:48:00+00:00","2019-10-15T21:48:16+00:00"
"rec_13023e603603ec73e8035ff4f16891312d21470e","2021_03_14_21_04_22 histoire.mp3","\\SyNAS\Records\Audio\Time_Sort\2021","53209964","50.74 MB","2021-03-14T21:04:22+00:00","2021-03-14T20:59:48+00:00"
"rec_babd8b13156e67238ce6456034d008c134ab254b","Audio recording 2020-06-20 14-09-24.aac","\\SyNAS\Records\Audio\Time_Sort\2020","24620086","23.48 MB","2020-06-20T00:00:00+00:00","2020-06-20T12:22:06+00:00"
"rec_387fdc03a27e5010ab47217c0f42b2faba9ba24b","2020_12_24_22_54_40.mp3","\\SyNAS\Records\Audio\Time_Sort\2020","5342353","5.09 MB","2020-12-24T22:54:40+00:00","2020-12-24T22:00:14+00:00"
"rec_4ed5c8615b44a42f0b08f445c544c6de8a32281c","2019-10-15_13h48m58_Voix 001.m4a","\\SyNAS\Records\2019","672258","656.50 KB","2019-10-15T13:48:00+00:00","2019-10-15T11:48:58+00:00"
"rec_d806aa7785f8012743d197c9be36491e8cc98df1","2021_01_10_14_55_02.mp3","\\SyNAS\Records\2021","98852779","94.27 MB","2021-01-10T14:55:02+00:00","2021-01-10T15:38:01+00:00"
"rec_3760a235c562d0b374fcb19c0798edbd54cb5187","2021_03_03_16_25_12 KTA one hour in of noise.mp3","\\SyNAS\Records\2021","49502666","47.21 MB","2021-03-03T16:25:12+00:00","2021-03-03T16:16:46+00:00"
"rec_089775544787c909ed7c9a9dcb6caa5e790cf999","2021_02_23_19_09_08 soiree.mp3","\\SyNAS\Records\2021","112533001","107.32 MB","2021-02-23T19:09:08+00:00","2021-02-23T20:06:22+00:00"
"rec_263633c4027398875aa96f95be8bccbd74e579e0","2021_02_02_19_45_32.mp3","\\SyNAS\Records\Audio\Time_Sort\2021","16279509","15.53 MB","2021-02-02T19:45:32+00:00","2021-02-02T19:02:30+00:00"
"rec_ff224af8e4907280d93a1f1d0272ca217b0b70b2","2021_10_15_21_44_41 crisis avec police.mp3","\\SyNAS\Records\2021","149832097","142.89 MB","2021-10-15T21:44:41+00:00","2021-10-15T22:20:47+00:00"
"rec_4e57d80da026f49fd3ae9d2e260cf6be30f4498f","20220605_110431.m4a","\\SyNAS\Records\2022-Jan-July","49445542","47.15 MB","","2022-06-05T09:48:32+00:00"
"rec_0274c2213ffd755abf5de876e82863e5d39279bc","2021_03_24_21_34_49 histoire de singe.mp3","\\SyNAS\Records\2021","27012701","25.76 MB","2021-03-24T21:34:49+00:00","2021-03-24T21:02:58+00:00"
"rec_757d377c28cdda61619fbb03a9555edfbda742d1","2020_12_24_16_14_27 cqll mutty.mp3","\\SyNAS\Records\2020","29763290","28.38 MB","2020-12-24T16:14:27+00:00","2020-12-24T15:45:28+00:00"
"rec_0826a31b1b65905d306e1ae1f3c897bada014fbc","2020_12_23_16_06_58 green bashing.mp3","\\SyNAS\Records\2020","18225109","17.38 MB","2020-12-23T16:06:58+00:00","2020-12-23T15:25:57+00:00"
"rec_71492c940ac6cb3809f59e5e688d1de5e7b6c3d7","2021_03_22_14_02_42 travail.mp3","\\SyNAS\Records\2021","82564910","78.74 MB","2021-03-22T14:02:42+00:00","2021-03-22T14:28:42+00:00"
"rec_9979574db05f906b9598bdd9c7a4a872d53ac357","2021_01_28_09_17_39.mp3","\\SyNAS\Records\Audio\Time_Sort\2021","3316087","3.16 MB","2021-01-28T09:17:39+00:00","2021-01-28T08:21:07+00:00"
"rec_cf235231c12cd842026b88a98c5cbf87fd39ca8e","2020-05-11_08h04m38_Voix 024_sd alois parti.m4a","\\SyNAS\Records\2020","2151838","2.05 MB","2020-05-11T08:04:00+00:00","2020-05-11T06:04:38+00:00"
"rec_1254a264e383ce36998b58159baab4e748a19ed0","2022-10-28_20h07m19_Voix 092 leçon den oder denn.m4a","\\SyNAS\Records\2022-July-Dec","41273954","39.36 MB","2022-10-28T20:07:00+00:00","2022-10-28T18:07:19+00:00"
"rec_d90003e2cea1d76b2bd2f9ae07d2c34446dbb9b1","Audio recording 2020-09-17 18-31-51.aac","\\SyNAS\Records\2020","192147204","183.25 MB","2020-09-17T00:00:00+00:00","2020-09-17T18:50:07+00:00"
"rec_c3fb7155337b6efd1ef64a57aae05f7bcafdf7e2","2021_08_13_21_17_09 bowling.mp3","\\SyNAS\Records\2021","131762467","125.66 MB","2021-08-13T21:17:09+00:00","2021-08-13T21:34:24+00:00"
"rec_838b7089cf4bedc9e7480e4baa4e3f59a418738e","2021_02_12_13_07_16.mp3","\\SyNAS\Records\Audio\Time_Sort\2021","58587427","55.87 MB","2021-02-12T13:07:16+00:00","2021-02-12T13:08:19+00:00"
"rec_4f85313245841cb7cd13dde862851cc6e51f69d9","Audio recording 2020-12-15 19-48-00 reference.aac","\\SyNAS\Records\Audio\Time_Sort\2020","104157181","99.33 MB","2020-12-15T00:00:00+00:00","2020-12-15T19:41:45+00:00"
"rec_eac0455c48a23d17e15e4fcd47c36b18b260c810","Audio recording 2020-12-03 20-24-48.aac","\\SyNAS\Records\2020","2084427","1.99 MB","2020-12-03T00:00:00+00:00","2020-12-03T19:25:52+00:00"
"rec_b1217d5a7a80715425974e9a04432410b1ea77ce","2021_01_10_19_18_30 KTA accroche toi tribunal.mp3","\\SyNAS\Records\2021","50537890","48.20 MB","2021-01-10T19:18:30+00:00","2021-01-10T19:20:42+00:00"
"rec_7333187132111f89a4eb77a34eebfc6b8530ba97","2024-07-08_19h07m30_Voix 012 dd guests.m4a","\\SyNAS\Records\2024_DD_theater","9190228","8.76 MB","2024-07-08T19:07:00+00:00","2024-07-08T17:07:30+00:00"
"rec_bde185485938fe83f90ba39380aa3b3e7c8adab9","2020-05-23_22h17m32_Voix 046_sd achille chap 7.m4a","\\SyNAS\Records\2020","49799378","47.49 MB","2020-05-23T22:17:00+00:00","2020-05-23T20:17:32+00:00"
"rec_b968c3b71340d7b77099a84a0035adada9f598fd","Audio recording 2020-12-09 20-12-04 diffamation harcèlement 2.aac","\\SyNAS\Records\Audio\Time_Sort\2020","17786523","16.96 MB","2020-12-09T00:00:00+00:00","2020-12-09T19:21:16+00:00"
"rec_f342b8f8a4194a4fdd9bcd62227bde90ed447fd8","2020_12_23_16_03_33.mp3","\\SyNAS\Records\2020","3229151","3.08 MB","2020-12-23T16:03:33+00:00","2020-12-23T15:06:55+00:00"
"rec_76ef627ea3a3e830fef7e8388aae98122071045d","2022-07-04_08h05m55_Voix 032 insults non stop tous les matins.m4a","\\SyNAS\Records\2022-July-Dec","474525","463.40 KB","2022-07-04T08:05:00+00:00","2022-07-04T06:05:55+00:00"
"rec_7759ba65f77d519f32929f3abf270e6525ecad1c","2021_04_15_07_11_20 petit dejeuner.mp3","\\SyNAS\Records\2021","49827421","47.52 MB","2021-04-15T07:11:20+00:00","2021-04-15T06:03:15+00:00"
"rec_6d3d7901aff9a94f8708479e8c03d37f3c03513d","2023-04-09_17h25m52_Voix 146.m4a","\\SyNAS\Records\2023","28082582","26.78 MB","2023-04-09T17:25:00+00:00","2023-04-09T15:25:52+00:00"
"rec_0aca9d0c8a00700ef3a439d9094eb9e7f0c875b6","2020_11_13_13_11_48 tradewell.mp3","\\SyNAS\Records\2020\Tradewell-part2","2728018","2.60 MB","2020-11-13T13:11:48+00:00","2020-11-13T12:14:39+00:00"
"rec_ebf02c41a0e973cfe1faaa5b4b2f01b594f6b91d","2020-09-13 13-44-12 repas midi, medley.aac","\\SyNAS\Records\2020","89742198","85.58 MB","2020-09-13T00:00:00+00:00","2020-09-13T12:30:31+00:00"
"rec_a51d945976f4464da37910fdd07faf9fffcc1db4","2023-12-17_17h42m38_Voix 017 alois rochedy.m4a","\\SyNAS\Records\2023","85519179","81.56 MB","2023-12-17T17:42:00+00:00","2023-12-17T16:42:38+00:00"
"rec_b809621f250612e69e8355122f2ec6b71b177a6d","Audio recording 2020-08-29 21-00-00.wav","\\SyNAS\Records\2020","14725916","14.04 MB","2020-08-29T00:00:00+00:00","2020-08-29T19:01:24+00:00"
"rec_6513ed69415c8d581b9c5980e88d142f87455e04","2021_04_11_10_26_33.mp3","\\SyNAS\Records\2021","613981","599.59 KB","2021-04-11T10:26:33+00:00","2021-04-11T08:27:11+00:00"
"rec_4be482c2eb89eef052ee9d87cf681106280fd5a6","2022_05_08_17_14_10.mp3","\\SyNAS\Records\2022-Jan-July","37167855","35.45 MB","2022-05-08T17:14:10+00:00","2022-05-08T15:52:53+00:00"
"rec_158aa983c0e71756a4ec2b44fb648a0375231db8","2021_03_06_21_46_51.mp3","\\SyNAS\Records\Audio\Time_Sort\2021","11002356","10.49 MB","2021-03-06T21:46:51+00:00","2021-03-06T20:58:19+00:00"
"rec_42758cabb1e912847952fa6ef288fdbf572ca601","Audio recording 2020-11-26 20-48-43.aac","\\SyNAS\Records\Audio\Time_Sort\2020","39682401","37.84 MB","2020-11-26T00:00:00+00:00","2020-11-26T20:09:12+00:00"
"rec_7bfee4ec0e66b3b39b70bc522c500f21e89d6f7c","Audio recording 2020-10-22 12-18-28 bilan.aac","\\SyNAS\Records\2020","3773526","3.60 MB","2020-10-22T00:00:00+00:00","2020-10-22T10:20:25+00:00"
"rec_2536c8794981d78357105850fb1e0bedd187b594","2020_12_25_15_12_16 feeback.mp3","\\SyNAS\Records\2020","675003","659.18 KB","2020-12-25T15:12:16+00:00","2020-12-25T14:12:58+00:00"
"rec_9acca83451bfb6c0b7077e773d81a032e999c04f","2021_03_25_19_27_31.mp3","\\SyNAS\Records\Audio\Time_Sort\2021","47552469","45.35 MB","2021-03-25T19:27:31+00:00","2021-03-25T19:17:03+00:00"
"rec_3d8aabee09f3c228bfe4d95c6a10c1bf8223699d","2021_03_12_13_16_10 lunchy.mp3","\\SyNAS\Records\Audio\Time_Sort\2021","70380563","67.12 MB","2021-03-12T13:16:10+00:00","2021-03-12T13:29:28+00:00"
"rec_37459f7d0458e1ad408509e0ebd311dc878dcc99","2021_04_20_23_09_03 coucher.mp3","\\SyNAS\Records\Audio\Time_Sort\2021","2621029","2.50 MB","2021-04-20T23:09:03+00:00","2021-04-20T21:11:47+00:00"
"rec_dd397942f444ca2d915ca5443d322acd47c22fe2","2020_12_28_15_48_27.mp3","\\SyNAS\Records\2020","25964041","24.76 MB","2020-12-28T15:48:27+00:00","2020-12-28T15:15:30+00:00"
"rec_925655caf792fedaca214a0131b37d282abd95c5","2021_02_09_22_49_31.mp3","\\SyNAS\Records\Audio\Time_Sort\2021","133168064","127.00 MB","2021-02-09T22:49:31+00:00","2021-02-10T00:08:15+00:00"
"rec_532f06db24177b5ef7e39695fad1007dcb8041b6","20220609_194005.m4a","\\SyNAS\Records\2022-Jan-July","118119358","112.65 MB","","2022-06-09T19:25:23+00:00"
"rec_f8767896937cce115dd65cb3944370080cc3b14e","Audio recording 2020-06-27 13-36-31.aac","\\SyNAS\Records\Audio\Time_Sort\2020","11711954","11.17 MB","2020-06-27T00:00:00+00:00","2020-06-27T11:42:34+00:00"
"rec_623bdf19af7f0e7c5a2c1bf30830441424897c1c","2021_01_14_13_55_03.mp3","\\SyNAS\Records\2021","172912221","164.90 MB","2021-01-14T13:55:03+00:00","2021-01-14T15:55:10+00:00"
"rec_025713782615e736731a938ed6671c9a9c1806c7","2021_05_02_12_53_02_KT_ouf ouf ouf.mp3","\\SyNAS\Records\2021","4583339","4.37 MB","2021-05-02T12:53:02+00:00","2021-05-02T10:57:49+00:00"
"rec_0b16d964d6cd59b2ba17f177f4682b490da4f73f","2021_01_01_20_46_49.mp3","\\SyNAS\Records\Audio\Time_Sort\2020","8433579","8.04 MB","2021-01-01T20:46:49+00:00","2021-01-01T19:55:36+00:00"
"rec_75ab28a5c3316f2b0f9bc16990bc4d60cf8f1fcf","2023-03-14_21h13m36_Voix 145 Steinhausen School signature.m4a","\\SyNAS\Records\2023","76662044","73.11 MB","2023-03-14T21:13:00+00:00","2023-03-14T20:13:36+00:00"
"rec_072f32d484392be13e43c443430f070f97fec07b","2021_03_06_20_49_48.mp3","\\SyNAS\Records\2021","17548015","16.74 MB","2021-03-06T20:49:48+00:00","2021-03-06T20:08:05+00:00"
"rec_85ac2791f08d140e6d25d1cd45017be38f8f3d5e","Audio recording 2020-12-09 20-02-45 diffamation et harcèlement ordinaire.aac","\\SyNAS\Records\Audio\Time_Sort\2020","15945253","15.21 MB","2020-12-09T00:00:00+00:00","2020-12-09T19:11:00+00:00"
"rec_c3d031adcf4bc957ccf86fe7de32a625e7949bb3","2020_12_23_16_06_58 green bashing.mp3","\\SyNAS\Records\Audio\Time_Sort\2020","18225109","17.38 MB","2020-12-23T16:06:58+00:00","2020-12-23T15:25:57+00:00"
"rec_38e0b47fe76deff3849f4da46896a46ea899f394","2020_10_04_16_03_15 menaces.mp3","\\SyNAS\Records\Audio\2020-Unsorted","55685954","53.11 MB","2020-10-04T16:03:15+00:00","2020-10-04T15:01:16+00:00"
"rec_a90e949a8b5978be6f268f146127c3b8de4c7be8","2021_04_27_12_41_32.mp3","\\SyNAS\Records\Audio\Time_Sort\2021","13243871","12.63 MB","2021-04-27T12:41:32+00:00","2021-04-27T10:55:20+00:00"
"rec_952818f391812cfd5c95e1334101542b25d0010a","2021_04_03_20_55_13 KTA Télé je vais te gifler.mp3","\\SyNAS\Records\2021","46137259","44.00 MB","2021-04-03T20:55:13+00:00","2021-04-03T19:43:17+00:00"
"rec_448f6cfd1aac933079cbf2edbff12bd4c83fb6ff","2023-08-03_14h54m13_Voix 009 dd crise airbnb.m4a","\\SyNAS\Records\2023","107334236","102.36 MB","2023-08-03T14:54:00+00:00","2023-08-03T12:54:13+00:00"
"rec_3ae9676cec999f49273327d29ff172169499bec5","2022-09-15_22h55m33_Voix 073.m4a","\\SyNAS\Records\2022-July-Dec","117433108","111.99 MB","2022-09-15T22:55:00+00:00","2022-09-15T20:55:33+00:00"
"rec_5d4b8236f209e3ba2cf95a0e3739fee2f42b589d","Audio recording 2020-11-21 22-06-34.aac","\\SyNAS\Records\2020","20367472","19.42 MB","2020-11-21T00:00:00+00:00","2020-11-21T21:17:04+00:00"
"rec_5297c5c5b7fc2e0aba0beab6902f7ac9a2129bfb","2021_03_28_21_09_41 psychiatre.mp3","\\SyNAS\Records\2021","6946062","6.62 MB","2021-03-28T21:09:41+00:00","2021-03-28T19:16:55+00:00"
"rec_59b84a9667c1d7ea1f3b819b9ed59d293d079cc1","2022-06-13_13h41m04_Voix 002.m4a","\\SyNAS\Records\2022-July-Dec","28472763","27.15 MB","2022-06-13T13:41:00+00:00","2022-06-13T11:41:04+00:00"
"rec_dfe23e64c34ee8529f3ceb1fb3e919ef55346693","Recording (71)_Example_ReconnaissanceVocale.m4a","\\SyNAS\Records\2023","123344","120.45 KB","","2023-01-01T18:39:39+00:00"
"rec_96be782c701747b0cccb66a1fbc3adcacf4fc016","2021_02_17_18_28_36 tu sers a rien.mp3","\\SyNAS\Records\2021","969246","946.53 KB","2021-02-17T18:28:36+00:00","2021-02-17T17:29:37+00:00"
"rec_f81b13aed9501f60b0803dd226d5f9f19884c39c","2021_01_05_21_16_47.mp3","\\SyNAS\Records\2021","227414863","216.88 MB","2021-01-05T21:16:47+00:00","2021-01-06T00:13:41+00:00"
"rec_00c07e78a59993a3ddc811f215f593a99d501894","2020-05-19_15h26m40_Voix 038_sd midi.m4a","\\SyNAS\Records\Audio\Time_Sort\2020","198830227","189.62 MB","2020-05-19T15:26:00+00:00","2020-05-19T13:26:40+00:00"
"rec_6a45d09c00e145301c14c1d8199858c2e216f51d","2021_09_06_21_20_54 histoire petit nicolas - linspecteur.mp3","\\SyNAS\Records\2021","10658376","10.16 MB","2021-09-06T21:20:54+00:00","2021-09-06T19:32:01+00:00"
"rec_62e8d2e1652931e80b45b1663bbb2d4bbe1fc07b","2020_09_04_22_39_25.mp3","\\SyNAS\Records\Audio\Time_Sort\2020","14473925","13.80 MB","2020-09-04T22:39:25+00:00","2020-09-04T20:54:30+00:00"
"rec_91d14b18346f0804f2703f4c148ab8d86d0ac0cf","2020_11_12_17_06_29 koinal.mp3","\\SyNAS\Records\2020\Tradewell-part2","2958732","2.82 MB","2020-11-12T17:06:29+00:00","2020-11-12T16:09:34+00:00"
"rec_015aa9a046cb514da1abd1cffe56a8b069658ef0","2021_03_23_12_04_28.mp3","\\SyNAS\Records\Audio\Time_Sort\2021","331511012","316.15 MB","2021-03-23T12:04:28+00:00","2021-03-23T16:49:51+00:00"
"rec_e0456bc6810ac1ea9f7c7cc6b330d38dbb63b28a","2021_09_09_19_57_41.mp3","\\SyNAS\Records\2021","81637458","77.86 MB","2021-09-09T19:57:41+00:00","2021-09-09T19:22:44+00:00"
"rec_25a0a3674f85e71e5369d204bba50b1b0d574bcb","2021_08_23_19_47_29.mp3","\\SyNAS\Records\2021","7778219","7.42 MB","2021-08-23T19:47:29+00:00","2021-08-23T17:55:35+00:00"
"rec_7d76b3619e62acec09821b861c4eaba0610e32fc","2021_06_30_20_24_18 histoire une etincelle dans les tenebres.mp3","\\SyNAS\Records\2021","5110803","4.87 MB","2021-06-30T20:24:18+00:00","2021-06-30T18:29:37+00:00"
"rec_2113de94a18d60839987b0910494bae97b35aa3c","2021_03_22_20_42_15.mp3","\\SyNAS\Records\2021","9122274","8.70 MB","2021-03-22T20:42:15+00:00","2021-03-22T19:52:29+00:00"
"rec_a0cae7fd9826defcb6a84b31f6a3b8245d4c4969","2022_04_24_20_13_18.mp3","\\SyNAS\Records\2022-Jan-July","2193448","2.09 MB","2022-04-24T20:13:18+00:00","2022-04-24T18:15:36+00:00"
"rec_0f13e553cfadf609ed8422b01ef2a99efb2aef00","2023-12-03_19h12m25_Voix 016 dd mise au point.m4a","\\SyNAS\Records\2023","54849986","52.31 MB","2023-12-03T19:12:00+00:00","2023-12-03T18:12:25+00:00"
"rec_7fa193073f51cffc8050e5e71f2faa4ec9c6e7de","2020-05-11_07h34m32_Voix 022_sd omcrpyable.m4a","\\SyNAS\Records\Audio\Time_Sort\2020","791566","773.01 KB","2020-05-11T07:34:00+00:00","2020-05-11T05:34:32+00:00"
"rec_9e95a77f842bcb85fd279c6e49a7181329ec9560","2023-08-26_11h52m47_Voix 012.m4a","\\SyNAS\Records\2023","21317116","20.33 MB","2023-08-26T11:52:00+00:00","2023-08-26T09:52:47+00:00"
"rec_3425b252f4b0be76033a7152bfb1d2393b9271ed","2021_03_22_20_26_24 tinder.mp3","\\SyNAS\Records\2021","10639568","10.15 MB","2021-03-22T20:26:24+00:00","2021-03-22T19:37:29+00:00"
"rec_48d2bfd36c943682011819d384f790dd0b79b0a0","2022_05_14_23_05_28.mp3","\\SyNAS\Records\2022-Jan-July","30075923","28.68 MB","2022-05-14T23:05:28+00:00","2022-05-14T21:36:48+00:00"
"rec_f11c0aae2deff5689b226f3c68b44285c27b4b4d","2021_06_14_11_58_15 histoire d ecole.mp3","\\SyNAS\Records\2021","34958941","33.34 MB","2021-06-14T11:58:15+00:00","2021-06-14T10:34:40+00:00"
"rec_8860a94fe6f7befef8176b43eb3da226cf295ab3","2020_10_29_22_09_31.mp3","\\SyNAS\Records\2020","204721504","195.24 MB","2020-10-29T22:09:31+00:00","2020-10-30T00:42:47+00:00"
"rec_7dd826a1ede6b89146993c39b7c3b12ea6d9a565","Audio recording 2020-07-05 22-11-54 rose blanche et rose rouge.wav","\\SyNAS\Records\2020","242094932","230.88 MB","2020-07-05T00:00:00+00:00","2020-07-05T20:34:46+00:00"
"rec_3fe8071fcedec2c0b57453134fdf6e5c22e800d6","2021_01_02_17_14_34.mp3","\\SyNAS\Records\2021","1728260","1.65 MB","2021-01-02T17:14:34+00:00","2021-01-02T16:16:22+00:00"
"rec_3ab5019c3304cf32f93b9087b3672c8225fa5234","Audio recording 2020-11-09 12-18-19 lunch.aac","\\SyNAS\Records\2020","75084166","71.61 MB","2020-11-09T00:00:00+00:00","2020-11-09T11:57:04+00:00"
"rec_322b80a7baff12dcc1f5c41c27c1669ef082c2f1","2021_03_20_12_04_39.mp3","\\SyNAS\Records\Audio\Time_Sort\2021","11965752","11.41 MB","2021-03-20T12:04:39+00:00","2021-03-20T11:17:07+00:00"
"rec_a28ac88f66dc73abad457241a22c2246982e0c61","2024-08-26_21h59m41_Voix 021 ballade de nuit.m4a","\\SyNAS\Records\2024-notag","821578","802.32 KB","2024-08-26T21:59:00+00:00","2024-08-26T19:59:41+00:00"
"rec_d0c7d736ab50545a5a6bdb2c84914d338e7554df","2021_01_09_13_15_30_TA_DonneMoiS9.mp3","\\SyNAS\Records\2021","1595126","1.52 MB","2021-01-09T13:15:30+00:00","2021-01-11T03:41:07+00:00"
"rec_06486f794a9bf15da913142b0e8162f9f2e382c5","2021_09_25_22_16_55 allez au dodo.mp3","\\SyNAS\Records\2021","8571923","8.17 MB","2021-09-25T22:16:55+00:00","2021-09-25T20:25:51+00:00"
"rec_f417eb19b1548a8446dc4c6e030342d646ce49e3","2021_03_19_23_41_53 plante renversee.mp3","\\SyNAS\Records\2021","1562330","1.49 MB","2021-03-19T23:41:53+00:00","2021-03-19T22:43:31+00:00"
"rec_0d9179fb287101dabcef4db842d23d07cb01855f","2022-07-14_23h02m04_Voix 041_Concert_WestSideStory.m4a","\\SyNAS\Records\2022-July-Dec","1828169","1.74 MB","2022-07-14T23:02:00+00:00","2022-07-14T21:02:04+00:00"
"rec_6f119946eb3fd660379778550f70f5a5b8639f61","2019-09-17_18h37m08_Tradewell_Enregistrement_413.wav","\\SyNAS\Records\Audio\Time_Sort\2019","65187299","62.17 MB","2019-09-17T18:37:00+00:00","2019-09-17T16:37:08+00:00"
"rec_83b03db960000785a064b07560e4498520b44ebd","2023-01-31_10h56m08_Voix 125 dd Maman call.m4a","\\SyNAS\Records\2023","394938","385.68 KB","2023-01-31T10:56:00+00:00","2023-01-31T09:56:08+00:00"
"rec_054b2aee37acb9d4627a96c787571a098f0c1b63","2021_09_19_07_02_34.mp3","\\SyNAS\Records\2021","119096632","113.58 MB","2021-09-19T07:02:34+00:00","2021-09-19T07:06:38+00:00"
"rec_c1bf697b11b122c9d0d850bcb133f0f3152e7d92","2020_12_30_21_34_30.mp3","\\SyNAS\Records\2020","12537","12.24 KB","2020-12-30T21:34:30+00:00","2020-12-30T20:34:31+00:00"
"rec_1b8c42ef1425c3bcd5559c9d323fcd58b245d5c1","2021_05_01_14_16_53.mp3","\\SyNAS\Records\Audio\Time_Sort\2021","6026970","5.75 MB","2021-05-01T14:16:53+00:00","2021-05-01T12:23:10+00:00"
"rec_c6af708a609ab9ccd0da8859cab27f8be92c756e","Audio recording 2020-11-04 23-34-30.aac","\\SyNAS\Records\Audio\2020-Unsorted","3348320","3.19 MB","2020-11-04T00:00:00+00:00","2020-11-04T22:36:14+00:00"
"rec_e7ea4352f975fa76c28ec2440c41d8519768cd9e","2022-08-17_20h06m50_Voix 059 repas.m4a","\\SyNAS\Records\2022-July-Dec","39005303","37.20 MB","2022-08-17T20:06:00+00:00","2022-08-17T18:06:50+00:00"
"rec_b45e39d79899a9a44b056a40074ffc1980645c5b","Audio recording 2020-11-15 18-05-59.aac","\\SyNAS\Records\Audio\Time_Sort\2020","27814521","26.53 MB","2020-11-15T00:00:00+00:00","2020-11-15T17:20:20+00:00"
"rec_bf31ba7275644fa8669808f0cc373907ae0978f4","g.mp3","\\SyNAS\Records\2021","71888","70.20 KB","","2021-01-27T18:39:06+00:00"
"rec_568cb86758621ec8187df6b475ee6b178e473cf4","Audio recording 2020-11-28 21-10-44 crocs blanc.aac","\\SyNAS\Records\Audio\Time_Sort\2020","41186198","39.28 MB","2020-11-28T00:00:00+00:00","2020-11-28T20:32:00+00:00"
"rec_5c27e0484ab3bb4f4acb8de253ced1fb0ab136cc","2023-05-02_18h16m01_Voix 153 Steinhausen départ.m4a","\\SyNAS\Records\2023","9682729","9.23 MB","2023-05-02T18:16:00+00:00","2023-05-02T16:16:01+00:00"
"rec_1982b87429a1b5db3f13a0c04cd1d4a68fc47808","2022_05_26_12_05_56.mp3","\\SyNAS\Records\2022-Jan-July","12006294","11.45 MB","2022-05-26T12:05:56+00:00","2022-05-26T10:18:27+00:00"
"rec_10cfe454b6604a316284bf41ab44f60df76903cc","2020-03-26_16h14m31_Recording (10)_Dinda.m4a","\\SyNAS\Records\Rec\DD","20486235","19.54 MB","2020-03-26T16:14:00+00:00","2020-04-05T23:24:03+00:00"
"rec_cac4b57588a6b15635c446d8f06f81aaf4732be5","Audio recording 2020-07-11 11-30-24.wav","\\SyNAS\Records\2020","297258740","283.49 MB","2020-07-11T00:00:00+00:00","2020-07-11T09:58:26+00:00"
"rec_a31a4f22f1563734ad68874354329db34ccc6164","Audio recording 2020-06-22 20-00-21.aac","\\SyNAS\Records\Audio\Time_Sort\2020","101031812","96.35 MB","2020-06-22T00:00:00+00:00","2020-06-22T18:52:30+00:00"
"rec_f1d602c0e5d17571c751e0857a7cfca9bcb1cae3","2021_06_23_17_34_03.mp3","\\SyNAS\Records\2021","49892204","47.58 MB","2021-06-23T17:34:03+00:00","2021-06-23T16:26:03+00:00"
"rec_de64c57c8798614689dc4628b4c29d7203413024","2020_09_04_22_09_51.mp3","\\SyNAS\Records\2020","645328","630.20 KB","2020-09-04T22:09:51+00:00","2020-09-04T20:10:32+00:00"
"rec_7388cd0acafb214bc66ac9ada83f4da26957326d","Audio recording 2020-12-11 21-38-48.aac","\\SyNAS\Records\Audio\Time_Sort\2020","308741382","294.44 MB","2020-12-11T00:00:00+00:00","2020-12-11T23:23:13+00:00"
"rec_3335b32ec01cb312369192f991e3a64eea4117fa","2021_01_10_18_50_50 KTA vol de telephone et volcanique.mp3","\\SyNAS\Records\Audio\Time_Sort\2021","8498781","8.11 MB","2021-01-10T18:50:50+00:00","2021-01-10T17:59:42+00:00"
"rec_69202408c80ae75cdb1158affb81fc6bf167a530","2021_01_16_19_41_18.mp3","\\SyNAS\Records\Audio\Time_Sort\2021","9390706","8.96 MB","2021-01-16T19:41:18+00:00","2021-01-16T18:51:05+00:00"
"rec_6ee4d8c8a238321cbc3509519d349f58df2dd96c","2021_02_19_17_37_34 crise du vendredi soir.mp3","\\SyNAS\Records\2021","83689638","79.81 MB","2021-02-19T17:37:34+00:00","2021-02-19T18:04:46+00:00"
"rec_918377f02b691fcee7a73e3d230561019b430453","Audio recording 2020-12-15 12-09-41 après les coups 👊.aac","\\SyNAS\Records\2020","50965188","48.60 MB","2020-12-15T00:00:00+00:00","2020-12-15T11:36:00+00:00"
"rec_406dd6dc4e784d8d0494c1fdd5347b2f53bd974b","2020_12_31_20_42_03.mp3","\\SyNAS\Records\2020","19736867","18.82 MB","2020-12-31T20:42:03+00:00","2020-12-31T20:02:37+00:00"
"rec_328c5ec2fac8e6a22dc433c445f86bd4c2e6ea7b","2021_03_22_20_52_31.mp3","\\SyNAS\Records\Audio\Time_Sort\2021","11532746","11.00 MB","2021-03-22T20:52:31+00:00","2021-03-22T20:04:32+00:00"
"rec_e42256cb87a6ebca23bdd10d4595e38851b6d7a6","2020_11_07_19_41_26 repas.mp3","\\SyNAS\Records\Audio\2020-Unsorted","76165537","72.64 MB","2020-11-07T19:41:26+00:00","2020-11-07T20:00:47+00:00"
"rec_0e43e47adf7274be89148f25e043f559b876dabc","Audio recording 2020-11-25 12-35-05.aac","\\SyNAS\Records\Audio\Time_Sort\2020","8032282","7.66 MB","2020-11-25T00:00:00+00:00","2020-11-25T13:58:10+00:00"
"rec_a877016b5c7f3dab9a9e9e6715dc698bf35dee12","2021_09_08_20_52_59 petit nicolas - rex le chien .mp3","\\SyNAS\Records\2021","11865442","11.32 MB","2021-09-08T20:52:59+00:00","2021-09-08T19:05:21+00:00"
"rec_a83a45ef3b3eeea25b8d361f91b382105bcedbe2","2019-10-10_09h01m26_Alois_aproposDesTetesAClaques.wav","\\SyNAS\Records\2019","8608099","8.21 MB","2019-10-10T09:01:00+00:00","2019-10-10T07:01:26+00:00"
"rec_5c2d00284275b56065ae8f33b0f3a17530005ceb","2021_01_28_16_44_39.mp3","\\SyNAS\Records\Audio\Time_Sort\2021","10030","9.79 KB","2021-01-28T16:44:39+00:00","2021-01-28T15:44:40+00:00"
"rec_d84a89b58a4d99f656c42c992e7e49cf49273fb3","2020_12_26_01_36_57 Dinda talk.mp3","\\SyNAS\Records\2020","69508701","66.29 MB","2020-12-26T01:36:57+00:00","2020-12-26T01:49:21+00:00"
"rec_bcbe100daddd1aa82d674d193b3d5d8911c06816","2024-09-07_14h09m30_Voix 021.m4a","\\SyNAS\Records\2024-notag","8169597","7.79 MB","2024-09-07T14:09:00+00:00","2024-09-07T12:09:30+00:00"
"rec_bd6ef42c66830ace45b5fe812ce101cf479e8aef","2021_04_19_20_37_23.mp3","\\SyNAS\Records\2021","32004387","30.52 MB","2021-04-19T20:37:23+00:00","2021-04-19T19:10:45+00:00"
"rec_27eaaadd80cb745fb96467d5a9075edd9baa935b","2022-11-24_18h38m32_Voix 101 après-midi.m4a","\\SyNAS\Records\2022-July-Dec","148570145","141.69 MB","2022-11-24T18:38:00+00:00","2022-11-24T17:38:32+00:00"
"rec_064a77fde7b159d8e1933546c6bc82e93373dfe2","2022-06-28_13h23m45_Voix 024 le Malheur français.m4a","\\SyNAS\Records\2022-July-Dec","62544669","59.65 MB","2022-06-28T13:23:00+00:00","2022-06-28T11:23:45+00:00"
"rec_d77ccf03176e1ecb1efb4cf34da41aed3077ad7e","2021_04_07_14_18_57.mp3","\\SyNAS\Records\Audio\Time_Sort\2021","23909354","22.80 MB","2021-04-07T14:18:57+00:00","2021-04-07T12:43:52+00:00"
"rec_7c28d68d979a2fc61f99ff15105a7cdc474c3fce","2021_01_04_09_51_06 DD lawyer.mp3","\\SyNAS\Records\2021","36497866","34.81 MB","2021-01-04T09:51:06+00:00","2021-01-04T09:29:07+00:00"
"rec_970ebfb89fea08540473cb52534d937df6b437dd","2021_02_20_14_01_42.mp3","\\SyNAS\Records\2021","15824351","15.09 MB","2021-02-20T14:01:42+00:00","2021-02-20T13:18:11+00:00"
"rec_34d005255ba4590e8e221a48951bf6f05972effd","2019-10-15_23h48m16_Sa.m4a","\\SyNAS\Records\2019","952121","929.81 KB","2019-10-15T23:48:00+00:00","2019-10-15T21:48:16+00:00"
"rec_a90c5a4c71978ffbe54fe70cb8a7bd0c5a4731c6","2023-07-14_07h50m31_Voix 004.m4a","\\SyNAS\Records\2023","375029044","357.66 MB","2023-07-14T07:50:00+00:00","2023-07-14T05:50:31+00:00"
"rec_3c93668123e7b99d3be0b744ed330f0d2198cc8f","2021_05_09_14_08_35.mp3","\\SyNAS\Records\2021","34201599","32.62 MB","2021-05-09T14:08:35+00:00","2021-05-09T12:44:14+00:00"
"rec_b269f5c74f81a8836089650691a4ce9756390276","2021_11_14_22_21_20 coucher.mp3","\\SyNAS\Records\2021","5429706","5.18 MB","2021-11-14T22:21:20+00:00","2021-11-14T21:27:00+00:00"
"rec_db09da2f0678d34d8162fe9f2eebfcfb2ae0d0ca","2023-04-17_15h35m25_Voix 147 KT tu sors terroriser sous mon propre toi.m4a","\\SyNAS\Records\2023","998830","975.42 KB","2023-04-17T15:35:00+00:00","2023-04-17T13:35:25+00:00"
"rec_fdf5f16e27fce0255e7f72086d47470f273f9077","2020_08_01_14_29_15 Alois Apologies .mp3","\\SyNAS\Records\2020","5205262","4.96 MB","2020-08-01T14:29:15+00:00","2020-08-01T12:34:40+00:00"
"rec_bfbaee17f5439a952b295f1228b22744d2240470","Audio recording 2020-09-26 21-42-19.aac","\\SyNAS\Records\2020","36864466","35.16 MB","2020-09-26T00:00:00+00:00","2020-09-26T20:01:21+00:00"
"rec_15e9672a01643c094f01c42ebe6301adbfa944af","2021_09_19_15_36_22 telephone catajou.mp3","\\SyNAS\Records\2021","99736763","95.12 MB","2021-09-19T15:36:22+00:00","2021-09-19T15:20:16+00:00"
"rec_ed9d8566811e243e7e74714b9eab81cf93eae245","Audio recording 2020-08-18 19-55-31 soirée panaché.wav","\\SyNAS\Records\Audio\Time_Sort\2020","371177396","353.98 MB","2020-08-18T00:00:00+00:00","2020-08-18T18:58:09+00:00"
"rec_62b25819618d8065ce2137597c4723784f75c13d","2019-10-15_23h48m26_Vevo.m4a","\\SyNAS\Records\Audio\Time_Sort\2019","2190557","2.09 MB","2019-10-15T23:48:00+00:00","2019-10-15T21:48:26+00:00"
"rec_b592b13077757d338b6f7a5a420e4717f7025371","2021_02_01_19_08_51.mp3","\\SyNAS\Records\2021","24787486","23.64 MB","2021-02-01T19:08:51+00:00","2021-02-01T18:34:41+00:00"
"rec_6fb106665282b9b677369e57aac1c4fa20e8ceaf","2021_01_26_20_56_26.mp3","\\SyNAS\Records\2021","6166986","5.88 MB","2021-01-26T20:56:26+00:00","2021-01-26T20:02:51+00:00"
"rec_56e88727a1f0292480ffc4c77815a2e37fa0f0b5","Audio recording 2020-11-16 19-18-14.aac","\\SyNAS\Records\2020","56174225","53.57 MB","2020-11-16T00:00:00+00:00","2020-11-16T18:47:14+00:00"
"rec_8503c2e83775c2b9c65403dd3b5780fc315c86a6","Audio recording 2020-07-09 12-26-38.wav","\\SyNAS\Records\Audio\Time_Sort\2020","80593676","76.86 MB","2020-07-09T00:00:00+00:00","2020-07-09T10:37:36+00:00"
"rec_6b469563c5231a113349f2cae806af95fa42e7c0","2024-07-09_17h56m48_Voix 012 dd zimmer.m4a","\\SyNAS\Records\2024_DD_theater","7990405","7.62 MB","2024-07-09T17:56:00+00:00","2024-07-09T15:56:48+00:00"
"rec_e17d56ab08bb11078da9aa794749cccbc1ff492d","2020_08_01_14_37_45, mon dieu.mp3","\\SyNAS\Records\2020","319349236","304.56 MB","2020-08-01T14:37:45+00:00","2020-08-01T18:10:27+00:00"
"rec_7c47d5316ca0c8ba60aeec3de6b5dbd8c85a943b","2023-12-29_16h25m08_Voix 022 autoroute.m4a","\\SyNAS\Records\2023","113241273","108.00 MB","2023-12-29T16:25:00+00:00","2023-12-29T15:25:08+00:00"
"rec_f33ca9859f87db38348e405efb0ad085f69576da","2021_05_04_16_26_39.mp3","\\SyNAS\Records\Audio\Time_Sort\2021","155712364","148.50 MB","2021-05-04T16:26:39+00:00","2021-05-04T17:08:50+00:00"
"rec_fb46161b527530bc03bdec8cafe9427670f6f78f","2024-08-15_11h10m34_Voix 019 alois feedback.m4a","\\SyNAS\Records\2024","11551273","11.02 MB","2024-08-15T11:10:00+00:00","2024-08-15T09:10:34+00:00"
"rec_79329c9a01f82351f92172163c4fa2917630b412","Audio recording 2020-08-28 20-01-21.wav","\\SyNAS\Records\2020","313127684","298.62 MB","2020-08-28T00:00:00+00:00","2020-08-28T19:32:45+00:00"
"rec_0b95a66991d78c5893b1337d75bea55df0219d87","Audio recording 2020-10-17 20-22-13.aac","\\SyNAS\Records\2020","2094281","2.00 MB","2020-10-17T00:00:00+00:00","2020-10-17T18:23:19+00:00"
"rec_b5b440560d0b2a59c3ce526b81aed708eb95c391","2021_02_27_17_14_32 kt harcelement.mp3","\\SyNAS\Records\Audio\Time_Sort\2021","11049586","10.54 MB","2021-02-27T17:14:32+00:00","2021-02-27T16:26:03+00:00"
"rec_9545159966f5b7082e23e198fe6a0866e46c9e6f","2023-03-12_17h55m15_Voix 145 KT refus ouverture porte.m4a","\\SyNAS\Records\2023","2801084","2.67 MB","2023-03-12T17:55:00+00:00","2023-03-12T16:55:15+00:00"
"rec_39b5a00ae18f3b10f5da894b51db274544043dda","2020_12_21_13_37_25 s8 rendre.mp3","\\SyNAS\Records\2020","1229634","1.17 MB","2020-12-21T13:37:25+00:00","2020-12-21T12:38:42+00:00"
"rec_0abdd943d48be8e162451c6873cce8d08df2cf2e","2020_09_12_14_23_46.mp3","\\SyNAS\Records\Audio\2020-Unsorted","5043094","4.81 MB","2020-09-12T14:23:46+00:00","2020-09-12T12:29:01+00:00"
"rec_f4add6ec60bbdc05c14ee0c19f4968262ca8c62b","2021_05_05_18_46_11.mp3","\\SyNAS\Records\2021","6253086","5.96 MB","2021-05-05T18:46:11+00:00","2021-05-05T16:52:42+00:00"
"rec_e5833a5ca52b5688ae59bf3678e09c44c980c25f","2023-02-13_12h26m39_Voix 131 dd French lesson.m4a","\\SyNAS\Records\2023","204913718","195.42 MB","2023-02-13T12:26:00+00:00","2023-02-13T11:26:39+00:00"
"rec_2a40af3b096a128c63804e2e7449e45dcc20b4d5","2022-07-03_10h00m05_Voix 031 horrible déchéance.m4a","\\SyNAS\Records\2023","2330043","2.22 MB","2022-07-03T10:00:00+00:00","2022-07-03T08:00:05+00:00"
"rec_f6afa4962b396082abb44fb880d4e57073558d9b","2022-08-02_23h58m17_Voix 019 K nostalgie sur Spicy.m4a","\\SyNAS\Records\2022-July-Dec","1010517","986.83 KB","2022-08-02T23:58:00+00:00","2022-08-02T21:58:17+00:00"
"rec_3df377c8a19f6e5f374e9b201532a6bb769327b9","Audio recording 2020-09-06 21-16-50.aac","\\SyNAS\Records\Audio\Time_Sort\2020","39095920","37.28 MB","2020-09-06T00:00:00+00:00","2020-09-06T19:37:01+00:00"
"rec_83f2849e92d9ad5b8136ddaabb49311658d22d57","2020_10_26_12_02_13_ChagrinDAlois.mp3","\\SyNAS\Records\Audio\2020-Unsorted","22674632","21.62 MB","2020-10-26T12:02:13+00:00","2020-10-29T04:47:56+00:00"
"rec_01fa3eb52bcd1856ca3efd784b9800f5bde96df9","2020-05-16 21-51-33.wav","\\SyNAS\Records\2020","259226900","247.22 MB","2020-05-16T00:00:00+00:00","2020-07-06T21:31:35+00:00"
"rec_4cdf87a3af72da8a9b6e8f649a1f9781925f6003","2021_04_06_08_01_26.mp3","\\SyNAS\Records\Audio\Time_Sort\2021","4863790","4.64 MB","2021-04-06T08:01:26+00:00","2021-04-06T06:06:30+00:00"
"rec_21eb052dae63ee51b7958dcf8b7a3c00bdf2def3","Audio recording 2020-10-18 21-33-26.aac","\\SyNAS\Records\2020","6883947","6.57 MB","2020-10-18T00:00:00+00:00","2020-10-18T19:37:00+00:00"
"rec_f1ffe97dca53944d1a9c2a6b6489fde0ccfbf034","2021_03_18_12_23_16.mp3","\\SyNAS\Records\2021","46810","45.71 KB","2021-03-18T12:23:16+00:00","2021-03-18T11:23:19+00:00"
"rec_e686de1739cd4f97d1b8b8666ff506a06582df78","2022-11-30_08h05m46_Voix 103 Aloïs m'explique les lois.m4a","\\SyNAS\Records\2022-July-Dec","15925771","15.19 MB","2022-11-30T08:05:00+00:00","2022-11-30T07:05:46+00:00"
"rec_f2f28c2a757453e19e29003f2b3296f5637d4fa8","2021_06_28_19_27_35 dictature du fils.mp3","\\SyNAS\Records\2021","79921736","76.22 MB","2021-06-28T19:27:35+00:00","2021-06-28T18:50:50+00:00"
"rec_9458ca7c96efb8e3dffb3dc7f60e0dc497ea8c0b","2022-10-02_07h47m16_Voix 081.m4a","\\SyNAS\Records\2022-July-Dec","848008","828.13 KB","2022-10-02T07:47:00+00:00","2022-10-02T05:47:16+00:00"
"rec_8e66c10d6b0962237bb7e22232a59fb8dde5ac48","2021_02_18_10_38_27.mp3","\\SyNAS\Records\2021","117117177","111.69 MB","2021-02-18T10:38:27+00:00","2021-02-18T11:40:29+00:00"
"rec_33e50b0b873faaab4d5df1b8a06a16db2cfa5983","2021_05_08_16_22_28 va chercher de leau.mp3","\\SyNAS\Records\2021","1076243","1.03 MB","2021-05-08T16:22:28+00:00","2021-05-08T14:23:35+00:00"
"rec_5310e2798ffe9008dbe1d938a9c221276a0c9965","Audio recording 2020-12-12 19-14-23.aac","\\SyNAS\Records\2020","99206166","94.61 MB","2020-12-12T00:00:00+00:00","2020-12-12T19:05:35+00:00"
"rec_0a5954f2e3d3c0411522b8529d84f97499e5d752","2021_02_19_22_00_47.mp3","\\SyNAS\Records\2021","7170924","6.84 MB","2021-02-19T22:00:47+00:00","2021-02-19T21:08:16+00:00"
"rec_9ad3b233454f8577b3b5edfdbd9f5e151092c0d3","2020_12_31_18_41_58.mp3","\\SyNAS\Records\2020","53374640","50.90 MB","2020-12-31T18:41:58+00:00","2020-12-31T18:37:40+00:00"
"rec_a8f9e49296c4af982f09f818d2f0add62c70289b","2020-03-28_04h41m25_Recording (13)_Dinda.m4a","\\SyNAS\Records\WebStorage\DD","201098642","191.78 MB","2020-03-28T04:41:00+00:00","2020-04-05T23:24:06+00:00"
"rec_baf13a8eb8209f9f0c31d88590b13393fc58388c","2021_05_08_13_48_43.mp3","\\SyNAS\Records\2021","543763","531.02 KB","2021-05-08T13:48:43+00:00","2021-05-08T11:49:18+00:00"
"rec_0cccf53b99ea4440cb986887e73ca02a7494b040","2021_01_25_21_12_32 Appolon chapitre 2.mp3","\\SyNAS\Records\2021","21877654","20.86 MB","2021-01-25T21:12:32+00:00","2021-01-25T20:35:19+00:00"
"rec_26d29a77f10842030d5c15febea32e5ab540cd51","2021_02_01_19_08_51.mp3","\\SyNAS\Records\Audio\Time_Sort\2021","24787486","23.64 MB","2021-02-01T19:08:51+00:00","2021-02-01T18:34:41+00:00"
"rec_8f04b5fb3738546c80a114bcf0c12db8689e718a","2024-05-11_17h04m39_Voix 001 fhdh.m4a","\\SyNAS\Records\2024","6715417","6.40 MB","2024-05-11T17:04:00+00:00","2024-05-11T15:04:39+00:00"
"rec_9de790b3ef2337430f242b59e224f752e8069e05","2022-11-05_09h13m36_Voix 093 discussoon.m4a","\\SyNAS\Records\2022-July-Dec","19839955","18.92 MB","2022-11-05T09:13:00+00:00","2022-11-05T08:13:36+00:00"
"rec_64f7a2b0d9333cff2e26a1e63278837e96f64d72","2019-10-15_23h48m26_Vevo 1.m4a","\\SyNAS\Records\2019","478584","467.37 KB","2019-10-15T23:48:00+00:00","2019-10-15T21:48:26+00:00"
"rec_9847dc2fefeb613435899bff8866f0e847c531cf","2021_03_29_01_44_43.mp3","\\SyNAS\Records\2021","315128266","300.53 MB","2021-03-29T01:44:43+00:00","2021-03-29T05:12:59+00:00"
"rec_493e6cd0c16893f29cbd117d8feafa87fd2496cc","2021_03_11_21_03_38.mp3","\\SyNAS\Records\Audio\Time_Sort\2021","1250114","1.19 MB","2021-03-11T21:03:38+00:00","2021-03-11T20:04:56+00:00"
"rec_5c53382b30949123a75f409b7ae06eb773b08b75","2020-05-17_21h19m22_Voix 035_sd.m4a","\\SyNAS\Records\Audio\Time_Sort\2020","2812867","2.68 MB","2020-05-17T21:19:00+00:00","2020-05-17T19:19:22+00:00"
"rec_c59721f43623717fe6906a28b3df2338c6763e8f","2020-05-08_14h30m12_Voix 007_sd freiday.m4a","\\SyNAS\Records\2020","82458914","78.64 MB","2020-05-08T14:30:00+00:00","2020-05-08T12:30:12+00:00"
"rec_13404131703265b13b30d0404ed2f87d6de09897","2023-12-25_13h30m27_Voix 020.m4a","\\SyNAS\Records\2023","157686392","150.38 MB","2023-12-25T13:30:00+00:00","2023-12-25T12:30:27+00:00"
"rec_5e74958d924515025ce9bf8d925910c36bc17296","2020_11_03_17_09_06.mp3","\\SyNAS\Records\Audio\2020-Unsorted","49888861","47.58 MB","2020-11-03T17:09:06+00:00","2020-11-03T17:01:04+00:00"
"rec_44f582bd3523de293d33a81bb208f472fcdb359b","2021_05_22_10_04_33.mp3","\\SyNAS\Records\2021","14130372","13.48 MB","2021-05-22T10:04:33+00:00","2021-05-22T08:19:16+00:00"
"rec_97635a4deb364b39f51a6a3133df19e55ed38bd0","2022-06-30_07h38m45_Voix 026.m4a","\\SyNAS\Records\2022-July-Dec","33903115","32.33 MB","2022-06-30T07:38:00+00:00","2022-06-30T05:38:45+00:00"
"rec_8f47c997cbd126034c7440efbe564312ec6dc195","Audio recording 2020-12-01 13-20-23.aac","\\SyNAS\Records\2020","73284071","69.89 MB","2020-12-01T00:00:00+00:00","2020-12-01T13:02:42+00:00"
"rec_adc738f5d8658e2b4dcb748753fafd0cf38919df","2020_09_03_16_22_45.mp3","\\SyNAS\Records\Audio\Time_Sort\2020","2679535","2.56 MB","2020-09-03T16:22:45+00:00","2020-09-03T14:25:32+00:00"
"rec_a3cacc862f8d4008147d7c66f9af4824aa9f50bc","2020_10_29_17_34_56.mp3","\\SyNAS\Records\Audio\2020-Unsorted","30026186","28.64 MB","2020-10-29T17:34:56+00:00","2020-11-12T16:29:47+00:00"
"rec_5faa64d8a66d3052f5f1e9382e75f1ba9de108a3","2020_09_03_16_22_45.mp3","\\SyNAS\Records\2020","2679535","2.56 MB","2020-09-03T16:22:45+00:00","2020-09-03T14:25:32+00:00"
"rec_de6cbcd451eef7c250678c957083a9044e3e69b2","2021_01_24_14_58_31.mp3","\\SyNAS\Records\2021","13541458","12.91 MB","2021-01-24T14:58:31+00:00","2021-01-24T14:12:37+00:00"
"rec_115b90348912c2d1906a2fad93bc4625b05be28f","2024-06-15_17h10m20_Voix 004 DD supermarché.m4a","\\SyNAS\Records\2024_DD_theater","1970159","1.88 MB","2024-06-15T17:10:00+00:00","2024-06-15T15:10:20+00:00"
"rec_82ebd44047a48bd48f32d01d99b616f9b3426987","2021_02_10_14_27_34 espece de gros porc.mp3","\\SyNAS\Records\2021","584289","570.59 KB","2021-02-10T14:27:34+00:00","2021-02-10T13:28:11+00:00"
"rec_5c4d935bd095969e76cfee587f80c1b235ca1a17","2020_12_20_17_20_42 la vie en rose.mp3","\\SyNAS\Records\2020","2950790","2.81 MB","2020-12-20T17:20:42+00:00","2020-12-20T16:23:46+00:00"
"rec_80811d0e2a858ace7ceacf78e1606eeab28fdd3f","2022-11-14_23h33m26_Voix 100 catajou attitude.m4a","\\SyNAS\Records\2022-July-Dec","142744087","136.13 MB","2022-11-14T23:33:00+00:00","2022-11-14T22:33:26+00:00"
"rec_e41dd3cf43ac54f46f7e469bca9f520e102882de","2020_12_20_07_53_22 douche.mp3","\\SyNAS\Records\2020","18762604","17.89 MB","2020-12-20T07:53:22+00:00","2020-12-20T07:12:55+00:00"
"rec_c0766b64c99e15adab55d71d1d9ee9b6f1139a82","2021_03_13_12_34_41.mp3","\\SyNAS\Records\Audio\Time_Sort\2021","178885","174.69 KB","2021-03-13T12:34:41+00:00","2021-03-13T11:34:53+00:00"
"rec_b0a185653c396be7c5b6946e583e2d49b8444459","2021_06_30_17_07_01.mp3","\\SyNAS\Records\2021","11076335","10.56 MB","2021-06-30T17:07:01+00:00","2021-06-30T15:18:33+00:00"
"rec_aed1e80228cea106af4faf804d22484a1a1f29b6","2021_01_28_16_44_39.mp3","\\SyNAS\Records\2021","10030","9.79 KB","2021-01-28T16:44:39+00:00","2021-01-28T15:44:40+00:00"
"rec_1ebfccf8b6e064ec53d18bb681f63311359107a6","2020_08_04_13_34_59 jamais un merci.mp3","\\SyNAS\Records\Audio\Time_Sort\2020","12903234","12.31 MB","2020-08-04T13:34:59+00:00","2020-08-04T11:48:25+00:00"
"rec_5ad73de76cf165f657e5b84fd5aa898d51a1977f","2021_01_14_13_55_03.mp3","\\SyNAS\Records\Audio\Time_Sort\2021","172912221","164.90 MB","2021-01-14T13:55:03+00:00","2021-01-14T15:55:10+00:00"
"rec_ba3ad7b33cf829026338b1264ef96b1540233611","Audio recording 2020-09-30 21-32-36.aac","\\SyNAS\Records\2020","294600957","280.95 MB","2020-09-30T00:00:00+00:00","2020-09-30T22:04:37+00:00"
"rec_58c37978f447060bff91c635a8e366f30cc11d41","2022-09-08_14h53m03_Voix 068 reception.m4a","\\SyNAS\Records\2022-July-Dec","8058335","7.69 MB","2022-09-08T14:53:00+00:00","2022-09-08T12:53:03+00:00"
"rec_f24922635c0a80a322f69ebee5f1db97e87468ef","2020-05-19_19h51m26_Voix 039_sd soir.m4a","\\SyNAS\Records\2020","27955762","26.66 MB","2020-05-19T19:51:00+00:00","2020-05-19T17:51:26+00:00"
"rec_4a28eef07602d80a397ec9a60b1009dde6020b40","Audio recording 2020-11-28 21-44-08 pourquoi pas la Suisse.aac","\\SyNAS\Records\Audio\Time_Sort\2020","18071463","17.23 MB","2020-11-28T00:00:00+00:00","2020-11-28T20:53:28+00:00"
"rec_cfba4fcecd2e025cc4b45efae4ee9d2a2c3e79d3","2021_01_15_22_31_04.mp3","\\SyNAS\Records\Audio\Time_Sort\2021","6973230","6.65 MB","2021-01-15T22:31:04+00:00","2021-01-15T21:38:20+00:00"
"rec_c08df294ebe37eeb2a6bad55e56089facdaba43f","2020-05-07_19h19m00_Voix 006_sd nettoyage sol.m4a","\\SyNAS\Records\2020","17207086","16.41 MB","2020-05-07T19:19:00+00:00","2020-05-07T17:19:00+00:00"
"rec_65b367db82effec54c4e08bca9ff9e1f33fc0a9d","2021_04_25_16_44_31.mp3","\\SyNAS\Records\Audio\Time_Sort\2021","13912606","13.27 MB","2021-04-25T16:44:31+00:00","2021-04-25T14:59:01+00:00"
"rec_4f0188974981f8f3a5fd36e975376eaf13eccbfb","2022-06-30_08h09m28_N.m4a","\\SyNAS\Records\2022-July-Dec","19380804","18.48 MB","2022-06-30T08:09:00+00:00","2022-06-30T06:09:28+00:00"
"rec_4998ea088d47db013d41831a091c81fbcc181703","2022-11-30_19h46m06_Voix 103.m4a","\\SyNAS\Records\2022-July-Dec","3464755","3.30 MB","2022-11-30T19:46:00+00:00","2022-11-30T18:46:06+00:00"
"rec_b49bf622a4163a829fea8628e73127c1db532815","2021_04_16_17_24_32.mp3","\\SyNAS\Records\2021","4575398","4.36 MB","2021-04-16T17:24:32+00:00","2021-04-16T15:29:18+00:00"
"rec_9aebdca6519e150ad61e828e0e1a77353dfbdce6","2021_03_01_19_13_10 diffamation au pied du lit histoire.mp3","\\SyNAS\Records\2021","171125027","163.20 MB","2021-03-01T19:13:10+00:00","2021-03-01T21:11:25+00:00"
"rec_e58e69ab5c0bbf26ea4e9961a220d88a2f90ea84","Audio recording 2020-06-30 11-57-40.aac","\\SyNAS\Records\Audio\Time_Sort\2020","67087343","63.98 MB","2020-06-30T00:00:00+00:00","2020-06-30T10:32:16+00:00"
"rec_b7ee9492e0e6d2a7c162cf920e2016a1adb38c73","2021_06_20_13_20_32.mp3","\\SyNAS\Records\2021","19775319","18.86 MB","2021-06-20T13:20:32+00:00","2021-06-20T11:41:08+00:00"
"rec_1c9088d8becc6ea39e4d6e8de5e89fd5399ab5e8","2021_02_08_23_11_21.mp3","\\SyNAS\Records\2021","330040139","314.75 MB","2021-02-08T23:11:21+00:00","2021-02-09T03:55:09+00:00"
"rec_9c390d2eab908a589e1aefd59f1f1b2536bac1cd","2021_04_18_19_28_47.mp3","\\SyNAS\Records\Audio\Time_Sort\2021","8171101","7.79 MB","2021-04-18T19:28:47+00:00","2021-04-18T17:37:17+00:00"
"rec_0754950ba8244f7edf2856d0b9b2f6caf4661e39","2021_05_02_12_58_33.mp3","\\SyNAS\Records\2021","104906","102.45 KB","2021-05-02T12:58:33+00:00","2021-05-02T10:58:40+00:00"
"rec_5d6402285c32b66cddc40762184cbb93b8822322","20220608_202858.m4a","\\SyNAS\Records\2022-Jan-July","199896912","190.64 MB","","2022-06-08T21:27:09+00:00"
"rec_5b387d11ed48b7bc97fcf7f26ea1d4449db804ee","2020_08_07_22_58_05 histoire.mp3","\\SyNAS\Records\Audio\Time_Sort\2020","188796759","180.05 MB","2020-08-07T22:58:05+00:00","2020-08-08T00:14:45+00:00"
"rec_e30fe583bc6ac9cd2062f5e9851930f591885807","2021_05_04_20_42_30 histoire Pilus.mp3","\\SyNAS\Records\Audio\Time_Sort\2021","9124883","8.70 MB","2021-05-04T20:42:30+00:00","2021-05-04T18:52:00+00:00"
"rec_c4c3f150c9b70a4bae1d1326d46fd00bfd5effd2","2021_01_18_19_49_42 soiree malade.mp3","\\SyNAS\Records\Audio\Time_Sort\2021","89242226","85.11 MB","2021-01-18T19:49:42+00:00","2021-01-18T20:22:40+00:00"
"rec_67772c03b52ab4a6ca7e186a7acae9facbafbb6e","2020_12_27_16_36_42 gateau.mp3","\\SyNAS\Records\2020","3661739","3.49 MB","2020-12-27T16:36:42+00:00","2020-12-27T15:40:31+00:00"
"rec_6fedf705b51f163428b80db8cb043b461e93ddcb","2020_09_19_13_25_03.mp3","\\SyNAS\Records\Audio\2020-Unsorted","313687925","299.16 MB","2020-09-19T13:25:03+00:00","2020-09-19T16:51:50+00:00"
"rec_a7acc3fa45f66f29495b8e12654e3dca20120b09","2021_02_08_23_11_21.mp3","\\SyNAS\Records\Audio\Time_Sort\2021","330040139","314.75 MB","2021-02-08T23:11:21+00:00","2021-02-09T03:55:09+00:00"
"rec_ed6acdd820eb0e6c6752fbdd9c1b6de4eb15d6f3","2020_09_02_12_38_38 midi.mp3","\\SyNAS\Records\2020","44841586","42.76 MB","2020-09-02T12:38:38+00:00","2020-09-02T11:25:21+00:00"
"rec_773a89b38d94781de0d5a11759673ba7ddcb142c","2021_04_14_14_33_55.mp3","\\SyNAS\Records\Audio\Time_Sort\2021","49569540","47.27 MB","2021-04-14T14:33:55+00:00","2021-04-14T13:25:34+00:00"
"rec_4f74a95cf7fd281edae5e841478c3aaac69ef7b4","2023-03-10_19h10m31_Voix 144.m4a","\\SyNAS\Records\2023","38788466","36.99 MB","2023-03-10T19:10:00+00:00","2023-03-10T18:10:31+00:00"
"rec_832df7c0f09a2d5284e82c2c3edcc2989e701f5d","2021_03_10_19_25_26 crazy diner.mp3","\\SyNAS\Records\2021","55476139","52.91 MB","2021-03-10T19:25:26+00:00","2021-03-10T19:23:11+00:00"
"rec_53afafb38d7b9224e5d8b42cc11ee363779a6149","2023-02-09_17h02m47_Voix 129 rdi boss meetings.m4a","\\SyNAS\Records\2023","239140328","228.06 MB","2023-02-09T17:02:00+00:00","2023-02-09T16:02:47+00:00"
"rec_ad47e1e989389271f5ebcd05afc738fb4fb29825","2019-09-17_15h20m02_Enregistrement_411.wav","\\SyNAS\Records\Audio\Time_Sort\2019","20624099","19.67 MB","2019-09-17T15:20:00+00:00","2019-09-17T13:20:02+00:00"
"rec_b0d00c06b8b8f54f1d4f27aa75f47c991073e0d7","Audio recording 2020-08-04 15-00-09.wav","\\SyNAS\Records\2020","102019220","97.29 MB","2020-08-04T00:00:00+00:00","2020-08-04T13:09:48+00:00"
"rec_dedfbe11ebc00bcb04099e55ee6a9a7d78a3369a","Audio recording 2020-06-29 10-04-54.aac","\\SyNAS\Records\Audio\Time_Sort\2020","2058338","1.96 MB","2020-06-29T00:00:00+00:00","2020-06-29T08:05:58+00:00"
"rec_aaacd209ad94807a8b1f34d1abb2fdd9549d8401","2023-02-05_19h32m53_Voix 126 dd mini concert.m4a","\\SyNAS\Records\2023","31736232","30.27 MB","2023-02-05T19:32:00+00:00","2023-02-05T18:32:53+00:00"
"rec_736cda6c93886b21faec2a350117daa40c7cae80","2024-09-21_14h18m10_Voix 023.m4a","\\SyNAS\Records\2024-notag","24158780","23.04 MB","2024-09-21T14:18:00+00:00","2024-09-21T12:18:10+00:00"
"rec_1a5a3c60e34ff9263a57f49c3a030b58909cf25d","2021_04_04_19_47_05 reste a ta place.mp3","\\SyNAS\Records\2021","1683956","1.61 MB","2021-04-04T19:47:05+00:00","2021-04-04T17:48:50+00:00"
"rec_7e121c9a9efab002010cd25c3f55263d90e41ff1","2023-04-10_17h44m51_Voix 147 KTA Steinhausen sa façon de ne rien faire.m4a","\\SyNAS\Records\2023","29951048","28.56 MB","2023-04-10T17:44:00+00:00","2023-04-10T15:44:51+00:00"
"rec_c7881d49173d72903710c4e4bd74d70e647b486d","2021_02_16_00_36_25.mp3","\\SyNAS\Records\2021","2750588","2.62 MB","2021-02-16T00:36:25+00:00","2021-02-15T23:39:17+00:00"
"rec_86acd0a9271088c9dcfc57c411aef5d9d5635f2f","2021_01_02_19_36_20 toxique la famille.mp3","\\SyNAS\Records\2021","21960410","20.94 MB","2021-01-02T19:36:20+00:00","2021-01-02T18:59:13+00:00"
"rec_9e8d520fce33ec6aa002b357b8bf3f1a5a51f9e0","2021_01_24_15_38_07.mp3","\\SyNAS\Records\2021","8213314","7.83 MB","2021-01-24T15:38:07+00:00","2021-01-24T14:46:41+00:00"
"rec_d09baf4f7a546799794cdfa94962f0b7cfb55dc2","2024-06-04_21h36m01_Voix 004 dd monologue.m4a","\\SyNAS\Records\2024_DD_theater","12411176","11.84 MB","2024-06-04T21:36:00+00:00","2024-06-04T19:36:01+00:00"
"rec_4722264d9cd1ffe4af05721514ea95b5183e1491","Audio recording 2020-09-06 21-16-50.aac","\\SyNAS\Records\2020","39095920","37.28 MB","2020-09-06T00:00:00+00:00","2020-09-06T19:37:01+00:00"
"rec_9222a268685554169b4a83395058dab83a29e521","Audio recording 2020-09-05 20-44-18 soir.wav","\\SyNAS\Records\2020","198619388","189.42 MB","2020-09-05T00:00:00+00:00","2020-09-05T19:03:05+00:00"
"rec_a93d1f50aa6903b09ec94b026aae2dd228fdc09e","2021_03_18_10_42_18 voljntid femo.mp3","\\SyNAS\Records\2021","75050839","71.57 MB","2021-03-18T10:42:18+00:00","2021-03-18T11:00:29+00:00"
"rec_e7c2f434bff6715f651701cc3956c327a6151cce","2022_04_24_22_47_14.mp3","\\SyNAS\Records\2022-Jan-July","46452400","44.30 MB","2022-04-24T22:47:14+00:00","2022-04-24T21:35:37+00:00"
"rec_896f4dc9d093719e06fa9482e2abe3f365fef6d8","2020_10_15_18_21_30.mp3","\\SyNAS\Records\Audio\2020-Unsorted","1583646","1.51 MB","2020-10-15T18:21:30+00:00","2020-10-15T16:23:09+00:00"
"rec_b4c888e2c8c51ec680d887bbaf47022ba9957ca8","2022-06-27_12h13m44_Voix 023 le chien.m4a","\\SyNAS\Records\2022-July-Dec","21451571","20.46 MB","2022-06-27T12:13:00+00:00","2022-06-27T10:13:44+00:00"
"rec_3418e9fd0feac33b2432bf53b3ccda9d88144b67","Audio recording 2020-09-19 21-51-40.aac","\\SyNAS\Records\2020","18118","17.69 KB","2020-09-19T00:00:00+00:00","2020-09-19T19:51:41+00:00"
"rec_2c9481663b1efc996d5d31c8d0b074c3087f1130","2020_07_29_08_08_48 alois confess morning.mp3","\\SyNAS\Records\Audio\Time_Sort\2020","54993814","52.45 MB","2020-07-29T08:08:48+00:00","2020-07-29T07:06:05+00:00"
"rec_395ba4420900aa4bd24bd4c32156d0712e97bf69","2021_07_01_07_42_32 morning.mp3","\\SyNAS\Records\2021","51024456","48.66 MB","2021-07-01T07:42:32+00:00","2021-07-01T06:35:41+00:00"
"rec_9b80903b25b48102d532d518cc59a2edfc86a390","Audio recording 2020-11-16 18-37-47.aac","\\SyNAS\Records\2020","2958259","2.82 MB","2020-11-16T00:00:00+00:00","2020-11-16T17:39:18+00:00"
"rec_d9e531a5e14077fba377a599f22d25fc75482e86","2021_01_08_12_03_30 midi desoibeissance.mp3","\\SyNAS\Records\2021","30288247","28.89 MB","2021-01-08T12:03:30+00:00","2021-01-08T11:35:03+00:00"
"rec_f5a8279ad8f831f9d9bd86850b5e9854539af612","2021_01_23_13_01_35.mp3","\\SyNAS\Records\2021","7373634","7.03 MB","2021-01-23T13:01:35+00:00","2021-01-23T12:09:16+00:00"
"rec_928ce3a73e7ffb6039d8dc943147be35fc2f4c65","2020_12_17_21_09_11 zorro.mp3","\\SyNAS\Records\2020","7499440","7.15 MB","2020-12-17T21:09:11+00:00","2020-12-17T20:17:00+00:00"
"rec_1d3bb91e34c0f30f7cf28e39ce8d55af58594fa0","2023-04-29_00h44m57_Voix 148 retour Bretagne.m4a","\\SyNAS\Records\2023","183774676","175.26 MB","2023-04-29T00:44:00+00:00","2023-04-28T22:44:57+00:00"
"rec_4e9316861d73a3f0961f6043efa871633fa24749","2020_08_22_17_26_29.mp3","\\SyNAS\Records\Audio\Time_Sort\2020","1220439","1.16 MB","2020-08-22T17:26:29+00:00","2020-08-22T15:27:46+00:00"
"rec_075938c9951deb3f7c91e22fed1f7183ec09b188","2022-09-14_21h38m48_Voix 072 mise au point.m4a","\\SyNAS\Records\2022-July-Dec","20148344","19.21 MB","2022-09-14T21:38:00+00:00","2022-09-14T19:38:48+00:00"
"rec_aa00abeca578b2410df436b803b9acd235c846f9","Audio recording 2020-08-20 20-35-19.wav","\\SyNAS\Records\2020","128073500","122.14 MB","2020-08-20T00:00:00+00:00","2020-08-20T18:47:26+00:00"
"rec_1841bbc24c19e012e35bb0c5c09c92189f107a4a","2022-11-27_16h46m09_Voix 103 partage noel.m4a","\\SyNAS\Records\2022-July-Dec","7948815","7.58 MB","2022-11-27T16:46:00+00:00","2022-11-27T15:46:09+00:00"
"rec_f5c1db1d9ec761eb933df622359d08059c57e6ae","Audio recording 2020-10-01 15-32-42.aac","\\SyNAS\Records\2020","34693936","33.09 MB","2020-10-01T00:00:00+00:00","2020-10-01T13:50:37+00:00"
"rec_3b00278c4ae3f161f3b623650fff7d39154ad880","2020-03-14_10h26m32_Recording (4)_Papa_Alois.m4a","\\SyNAS\Records\Rec\ALO","46839089","44.67 MB","2020-03-14T10:26:00+00:00","2020-04-06T15:42:00+00:00"
"rec_231c722682b2b32563974af8bbf409f75df8c324","Audio recording 2020-07-07 20-41-36 Oiseau.wav","\\SyNAS\Records\Audio\Time_Sort\2020","4455908","4.25 MB","2020-07-07T00:00:00+00:00","2020-07-07T18:42:02+00:00"
"rec_c8229904db1dda2177f90f42fa34c72520a4fbc7","Audio recording 2020-11-30 20-19-57.aac","\\SyNAS\Records\Audio\Time_Sort\2020","14509573","13.84 MB","2020-11-30T00:00:00+00:00","2020-11-30T19:27:26+00:00"
"rec_db7d8647e9d586eee2316ad01b0641a0d40780ee","2020_11_01_17_37_18.mp3","\\SyNAS\Records\2020","96127685","91.67 MB","2020-11-01T17:37:18+00:00","2020-11-01T18:17:26+00:00"
"rec_7dd529fba6d4525bd2a49264e91e3678235233f3","2021_02_01_18_09_54.mp3","\\SyNAS\Records\Audio\Time_Sort\2021","9223940","8.80 MB","2021-02-01T18:09:54+00:00","2021-02-01T17:19:31+00:00"
"rec_45e0a00b5fa19cdd88f9a600aee465e37c1b4c42","2023-02-17_18h53m09_Voix 135.m4a","\\SyNAS\Records\2023","33683983","32.12 MB","2023-02-17T18:53:00+00:00","2023-02-17T17:53:09+00:00"
"rec_6732332e08ee286fc53125f0b7f986f896491266","2021_01_23_13_52_01.mp3","\\SyNAS\Records\2021","11626787","11.09 MB","2021-01-23T13:52:01+00:00","2021-01-23T13:04:08+00:00"
"rec_664ea83457ea3c195bf77d648e1ab8c4bf691c13","2021_07_17_14_52_42.mp3","\\SyNAS\Records\2021","1837765","1.75 MB","2021-07-17T14:52:42+00:00","2021-07-17T12:54:37+00:00"
"rec_fc939da70e28acea59da2e04359d7eb63e889405","Audio recording 2020-09-07 18-17-08.aac","\\SyNAS\Records\2020","43128043","41.13 MB","2020-09-07T00:00:00+00:00","2020-09-07T16:39:24+00:00"
"rec_6dfb9a05a8b580a6acdf0f00dd311d6357ba13f1","2021_03_19_09_05_01.mp3","\\SyNAS\Records\2021","14306741","13.64 MB","2021-03-19T09:05:01+00:00","2021-03-19T08:19:56+00:00"
"rec_da4f01b9cf98d00b4cafd437ba55b42dd9facbcf","Audio recording 2020-07-09 21-52-25.wav","\\SyNAS\Records\2020","9310436","8.88 MB","2020-07-09T00:00:00+00:00","2020-07-09T19:53:18+00:00"
"rec_ffd15c24247f456d34e2ba61dcf21c8039a2d258","2019-10-12_00h56m54_Vevo 1.m4a","\\SyNAS\Records\Audio\Time_Sort\2019","478584","467.37 KB","2019-10-12T00:56:00+00:00","2019-10-11T22:56:54+00:00"
"rec_60d46fc835d8189c1f4aaca7756911b72ecd19cd","Audio recording 2020-11-15 21-37-06.aac","\\SyNAS\Records\2020","8477038","8.08 MB","2020-11-15T00:00:00+00:00","2020-11-15T20:41:28+00:00"
"rec_45fd6dfdbe4886369cc217674e6a64f6a8e2bc48","2021_06_11_07_04_42.mp3","\\SyNAS\Records\2021","290057821","276.62 MB","2021-06-11T07:04:42+00:00","2021-06-11T10:06:54+00:00"
"rec_dcbdad9a9105d469097563a60932897981f0654f","2023-04-28_16h19m40_Voix 148 crémation.m4a","\\SyNAS\Records\2023","64118605","61.15 MB","2023-04-28T16:19:00+00:00","2023-04-28T14:19:40+00:00"
"rec_26839321b1f8db2ab415f124562a41e32d19fa4a","2021_09_03_15_12_36 ne pas dire bonjour.mp3","\\SyNAS\Records\2021","8072462","7.70 MB","2021-09-03T15:12:36+00:00","2021-09-03T13:21:01+00:00"
"rec_b0d2f91bfde014d97d35a529052509c4759ba7d2","2020_12_25_23_08_27 Madame tente de simposer et faire loi sans aucun respect.mp3","\\SyNAS\Records\Audio\Time_Sort\2020","18973674","18.09 MB","2020-12-25T23:08:27+00:00","2020-12-25T22:28:13+00:00"
"rec_40d2946712d9f84c89f7d5426cfebf2c29252ee8","Audio recording 2020-12-02 20-12-42.aac","\\SyNAS\Records\2020","59934136","57.16 MB","2020-12-02T00:00:00+00:00","2020-12-02T19:43:38+00:00"
"rec_28275bbe777150620d7ea3ea69c0187b53d0bfc3","2021_03_13_14_35_18 gamepmay.mp3","\\SyNAS\Records\Audio\Time_Sort\2021","145034761","138.32 MB","2021-03-13T14:35:18+00:00","2021-03-13T16:06:23+00:00"
"rec_34eecef1eadf06abfb86c45570b68db52c56f545","2021_02_26_20_48_05.mp3","\\SyNAS\Records\Audio\Time_Sort\2021","143073697","136.45 MB","2021-02-26T20:48:05+00:00","2021-02-26T22:17:07+00:00"
"rec_020c285b4e7f5f525ee0f19659fb36e44256846d","Audio recording 2020-06-27 14-36-20.aac","\\SyNAS\Records\Audio\Time_Sort\2020","1608144","1.53 MB","2020-06-27T00:00:00+00:00","2020-06-27T12:37:10+00:00"
"rec_3f0a9f927e2612b8c38d534b473eb1aff293f91f","2021_01_15_22_31_04.mp3","\\SyNAS\Records\2021","6973230","6.65 MB","2021-01-15T22:31:04+00:00","2021-01-15T21:38:20+00:00"
"rec_314300453a3e832b02454b27e616678fd020582f","2021_01_13_20_32_53.mp3","\\SyNAS\Records\2021","400403","391.02 KB","2021-01-13T20:32:53+00:00","2021-01-13T19:33:18+00:00"
"rec_5c7c1897724a067eae07d5a7571256846a4e22f2","2022_06_02_12_24_08.mp3","\\SyNAS\Records\2022-Jan-July","22568123","21.52 MB","2022-06-02T12:24:08+00:00","2022-06-02T10:47:39+00:00"
"rec_5ff78a40ee4532a84f307940c98f45bde6d8e3f4","2020_09_04_21_13_06.mp3","\\SyNAS\Records\Audio\Time_Sort\2020","19112854","18.23 MB","2020-09-04T21:13:06+00:00","2020-09-04T19:33:01+00:00"
"rec_61e9441f22d6bb88bfc3787702fbe51c804d56fa","2021_01_23_14_30_49 verser 300.mp3","\\SyNAS\Records\2021","340217","332.24 KB","2021-01-23T14:30:49+00:00","2021-01-23T13:31:10+00:00"
"rec_81d18229114eb17da4f70d6cfd6c77e80e88abaf","2021_01_23_22_19_47.mp3","\\SyNAS\Records\2021","51748779","49.35 MB","2021-01-23T22:19:47+00:00","2021-01-23T22:13:41+00:00"
"rec_40b82fd72dc590eb4dce6f22cb8b8248ee3fa16b","Audio recording 2020-07-13 21-48-36.wav","\\SyNAS\Records\Audio\Time_Sort\2020","226547036","216.05 MB","2020-07-13T00:00:00+00:00","2020-07-13T20:10:00+00:00"
"rec_19b319e4d4738fb047225dca944f68d6557ef5c5","2022-07-30_18h34m41_Voix 51 bullying comique.m4a","\\SyNAS\Records\2022-July-Dec","44481677","42.42 MB","2022-07-30T18:34:00+00:00","2022-07-30T16:34:41+00:00"
"rec_d7b058021f7337e7061ede3b37ad4c72b0eb8616","2020-05-31 22-51-54.aac","\\SyNAS\Records\WebStorage\2020","8192718","7.81 MB","2020-05-31T00:00:00+00:00","2020-07-06T22:12:05+00:00"
"rec_6f3ca00f4d0863a90ab49b48588a4e401455b8b0","2021_06_12_13_16_33 Alois tu veux une salade.mp3","\\SyNAS\Records\2021","29415130","28.05 MB","2021-06-12T13:16:33+00:00","2021-06-12T11:47:12+00:00"
"rec_8468b80d8889fa769684daea7377531d9e4ac1b2","2021_06_12_13_10_03.mp3","\\SyNAS\Records\2021","3064893","2.92 MB","2021-06-12T13:10:03+00:00","2021-06-12T11:13:14+00:00"
"rec_49661b48a6beb71d150478d79362f16f3a8ae36b","2022-06-13_13h11m57_Voix 001.m4a","\\SyNAS\Records\2022-July-Dec","61903735","59.04 MB","2022-06-13T13:11:00+00:00","2022-06-13T11:11:57+00:00"
"rec_e34fcb1bae079fa7aed34fe46a653dfa17a00463","Audio recording 2020-11-05 19-24-04.aac","\\SyNAS\Records\2020","49493655","47.20 MB","2020-11-05T00:00:00+00:00","2020-11-05T18:49:36+00:00"
"rec_4dcc7d65d068aaaacee1047b29de2ed882f0d36e","2022-07-06_12h50m21_Voix 035 midi.m4a","\\SyNAS\Records\2022-July-Dec","12700596","12.11 MB","2022-07-06T12:50:00+00:00","2022-07-06T10:50:21+00:00"
"rec_470c0e02f9f15f71a2b92201eefaf1965279c948","2021_02_19_17_37_34 crise du vendredi soir.mp3","\\SyNAS\Records\Audio\Time_Sort\2021","83689638","79.81 MB","2021-02-19T17:37:34+00:00","2021-02-19T18:04:46+00:00"
"rec_9378f1b6051974c0fb5f9d5018b1de3826424a3b","2021_01_06_17_09_40 contact avec famille.mp3","\\SyNAS\Records\Audio\Time_Sort\2021","402927","393.48 KB","2021-01-06T17:09:40+00:00","2021-01-06T16:11:47+00:00"
"rec_ff7294e2f7d7bec68bf516fa60d6ace58e05c77a","2021_06_10_19_20_14.mp3","\\SyNAS\Records\2021","3477001","3.32 MB","2021-06-10T19:20:14+00:00","2021-06-10T17:23:52+00:00"
"rec_fe212ef0fcc61dff8711b89b2386d4dbf19b598e","2020_12_22_15_39_49 fin lettre du pere noel.mp3","\\SyNAS\Records\Audio\Time_Sort\2020","36341550","34.66 MB","2020-12-22T15:39:49+00:00","2020-12-22T15:17:40+00:00"
"rec_d67b4c15ee90173686804501b24c7b3c33d47ff1","2021_02_09_16_36_20.mp3","\\SyNAS\Records\2021","50283414","47.95 MB","2021-02-09T16:36:20+00:00","2021-02-09T16:28:48+00:00"
"rec_62cd58a7d414f1ddd24bd2fa4d092244cf215e55","2024-08-25_16h29m15_Voix 020 defi madiba avec alois.m4a","\\SyNAS\Records\2024-notag","67379919","64.26 MB","2024-08-25T16:29:00+00:00","2024-08-25T14:29:15+00:00"
"rec_1f4b4495df14170e00c08af75fb62ccf39f24501","2021_03_22_15_31_45.mp3","\\SyNAS\Records\2021","1080841","1.03 MB","2021-03-22T15:31:45+00:00","2021-03-22T14:32:53+00:00"
"rec_146a5a047ae123d184373dc363411d7365fecb75","20220726_053848.m4a","\\SyNAS\Records\2022-Jan-July","45658638","43.54 MB","","2022-07-26T04:19:30+00:00"
"rec_fe576480e7cc8690b2c9a6278fdfb107a0f05b2a","2021_01_22_19_48_51.mp3","\\SyNAS\Records\Audio\Time_Sort\2021","7893576","7.53 MB","2021-01-22T19:48:51+00:00","2021-01-22T18:57:05+00:00"
"rec_37b849b3a4aa634e778a4a714b598828df2ce20a","2021_03_02_15_15_34.mp3","\\SyNAS\Records\Audio\Time_Sort\2021","224132701","213.75 MB","2021-03-02T15:15:34+00:00","2021-03-02T18:09:03+00:00"
"rec_00efa1a657cd2621a45ed5a9bd46d3af0c733407","Audio recording 2020-12-13 21-08-58 ca va etre facile... aboutissement.aac","\\SyNAS\Records\Audio\Time_Sort\2020","13884724","13.24 MB","2020-12-13T00:00:00+00:00","2020-12-13T20:16:09+00:00"
"rec_704de09f90b57788af5d96e08b7dead6bc2a1f43","2020-03-14_09h11m33_Recording (2)_Papa_Alois.m4a","\\SyNAS\Records\WebStorage\ALO","822912","803.62 KB","2020-03-14T09:11:00+00:00","2020-04-06T15:42:00+00:00"
"rec_1eb2bd447f2a960e1f6398a8e1dfa3d56caf4057","2021_04_02_17_17_20 je vais peter ton ordinateur avant de partir.mp3","\\SyNAS\Records\Audio\Time_Sort\2021","71888","70.20 KB","2021-04-02T17:17:20+00:00","2021-04-02T15:17:25+00:00"
"rec_10c9e5cf5ccf91a31845dd90dca39a740879c5fa","2021_01_20_19_47_32 soiree avant.mp3","\\SyNAS\Records\2021","109638216","104.56 MB","2021-01-20T19:47:32+00:00","2021-01-20T20:41:45+00:00"
"rec_6ee582fb0ef7d60b76a0c49664d4a0d590af5134","2021_04_05_16_27_45.mp3","\\SyNAS\Records\2021","113287843","108.04 MB","2021-04-05T16:27:45+00:00","2021-04-05T16:25:48+00:00"
"rec_64b6819ea65209a2b44cb3835923177f269a0b06","2021_02_14_21_36_33.mp3","\\SyNAS\Records\2021","24418428","23.29 MB","2021-02-14T21:36:33+00:00","2021-02-14T21:01:59+00:00"
"rec_1f8ddb45cadd3b4b80bbc80ebd7dcfd6262f2c31","2020_11_06_20_25_42 tu ramasses Alois.mp3","\\SyNAS\Records\Audio\2020-Unsorted","14409559","13.74 MB","2020-11-06T20:25:42+00:00","2020-11-08T21:17:36+00:00"
"rec_d268e66829e12434be5fcb04833f86af9ed0ea71","2021_01_04_12_19_32.mp3","\\SyNAS\Records\Audio\Time_Sort\2021","24863137","23.71 MB","2021-01-04T12:19:32+00:00","2021-01-04T11:45:26+00:00"
"rec_cc6c3c32cf0a211dd62d115a56d550305b531c0e","2021_01_02_19_36_20 toxique la famille.mp3","\\SyNAS\Records\Audio\Time_Sort\2021","21960410","20.94 MB","2021-01-02T19:36:20+00:00","2021-01-02T18:59:13+00:00"
"rec_8333ad9db1a52e63af518a8d570693e4aee2aec9","2024-08-19_20h36m19_Voix 019 visite d'Aloïs.m4a","\\SyNAS\Records\2024-notag","69763191","66.53 MB","2024-08-19T20:36:00+00:00","2024-08-19T18:36:19+00:00"
"rec_354fb7b603d0bb4789b1e76943f43ae11ae896bd","Audio recording 2020-09-02 15-13-50.wav","\\SyNAS\Records\2020","60484076","57.68 MB","2020-09-02T00:00:00+00:00","2020-09-02T13:19:34+00:00"
"rec_fdd35765bccac811ef2abe018a600be678d55dae","Audio recording 2020-10-21 20-23-08.aac","\\SyNAS\Records\2020","2660523","2.54 MB","2020-10-21T00:00:00+00:00","2020-10-21T18:24:32+00:00"
"rec_d9bd750077b9cb2faf006d626e558a290376a633","2021_03_07_18_23_16.mp3","\\SyNAS\Records\Audio\Time_Sort\2021","1688136","1.61 MB","2021-03-07T18:23:16+00:00","2021-03-07T17:25:02+00:00"
"rec_77d2220823dd65a2821fcd365cc60b5e4fb4281c","Audio recording 2020-12-12 20-05-37.aac","\\SyNAS\Records\2020","50709434","48.36 MB","2020-12-12T00:00:00+00:00","2020-12-12T19:31:48+00:00"
"rec_dbfe933fc31250ca92dff31857e489f06e2919fe","Audio recording 2020-08-05 21-49-41.wav","\\SyNAS\Records\2020","54176012","51.67 MB","2020-08-05T00:00:00+00:00","2020-08-05T19:54:48+00:00"
"rec_63d5249b652812c843932085360b8b2613f542f5","2020_09_04_11_51_19 midi comme un autre.mp3","\\SyNAS\Records\Audio\Time_Sort\2020","30382706","28.98 MB","2020-09-04T11:51:19+00:00","2020-09-04T10:22:58+00:00"
"rec_14ab7cd84f97813582a24ae806cde6a2db3aa0c5","2021_04_02_17_12_44.mp3","\\SyNAS\Records\Audio\Time_Sort\2021","883982","863.26 KB","2021-04-02T17:12:44+00:00","2021-04-02T15:13:39+00:00"
"rec_16df2532d2a4a4a28eca1fa9bbe4e969475f309c","2021_07_02_12_02_48 KTA hein, je suis nègre.mp3","\\SyNAS\Records\2021","50384560","48.05 MB","2021-07-02T12:02:48+00:00","2021-07-02T10:55:17+00:00"
"rec_1804bef6e232e55f59b62888fde24d5ea2703a04","2021_04_12_19_52_48.mp3","\\SyNAS\Records\2021","5773269","5.51 MB","2021-04-12T19:52:48+00:00","2021-04-12T17:58:50+00:00"
"rec_38f053ce38cf0770d0fc78e7beea4b80ff730300","2021_01_30_21_32_09.mp3","\\SyNAS\Records\Audio\Time_Sort\2021","12768632","12.18 MB","2021-01-30T21:32:09+00:00","2021-01-30T20:46:29+00:00"
"rec_490234d6120f0b5441da14953279e18543ec7a81","2021_02_04_12_06_39.mp3","\\SyNAS\Records\Audio\Time_Sort\2021","32991607","31.46 MB","2021-02-04T12:06:39+00:00","2021-02-04T11:41:01+00:00"
"rec_14aed2056347b1b14d1ecc065abf1c56fb22ce39","2021_04_03_19_35_34 soupe.mp3","\\SyNAS\Records\Audio\Time_Sort\2021","75665239","72.16 MB","2021-04-03T19:35:34+00:00","2021-04-03T18:54:23+00:00"
"rec_c34f5055cb507b9c160f8f68334e80a4d019190e","2020_08_22_15_53_20 me rend fous.mp3","\\SyNAS\Records\Audio\Time_Sort\2020","45357765","43.26 MB","2020-08-22T15:53:20+00:00","2020-08-22T14:40:35+00:00"
"rec_477eaf051df2ff475d32064cdd0a1db4722a0ad7","2020-05-23_22h17m32_Voix 046_sd achille chap 7.m4a","\\SyNAS\Records\Audio\Time_Sort\2020","49799378","47.49 MB","2020-05-23T22:17:00+00:00","2020-05-23T20:17:32+00:00"
"rec_2418719f6affdd55a56f34a3f6e6ff7bfe8a2d42","2020_12_31_10_35_35.mp3","\\SyNAS\Records\2020","1901713","1.81 MB","2020-12-31T10:35:35+00:00","2020-12-31T09:37:34+00:00"
"rec_b3f3d38f0893638a652c9adcf37daa66d89e0f19","2020_12_28_14_30_26 rien a manger.mp3","\\SyNAS\Records\Audio\Time_Sort\2020","11405687","10.88 MB","2020-12-28T14:30:26+00:00","2020-12-28T13:42:19+00:00"
"rec_e91c02704225d47a22ef17e0ec52f80d84748f99","2020_09_05_14_47_24.mp3","\\SyNAS\Records\2020","95579721","91.15 MB","2020-09-05T14:47:24+00:00","2020-09-05T14:26:58+00:00"
"rec_d751ba106d5479f4b12a7a63d70848fff38f0b60","Audio recording 2020-07-13 21-38-25.wav","\\SyNAS\Records\Audio\Time_Sort\2020","12069332","11.51 MB","2020-07-13T00:00:00+00:00","2020-07-13T19:39:34+00:00"
"rec_5c6730a65abc83447f9ed2425bdb21c0e688ace0","2020-03-28_05h39m02_Recording (14)_Dinda.m4a","\\SyNAS\Records\Rec\DD","18533334","17.67 MB","2020-03-28T05:39:00+00:00","2020-04-05T23:24:07+00:00"
"rec_b92c52a096ad55599763c44bbb72eea0de516c87","2021_01_30_17_09_36 retour courses.mp3","\\SyNAS\Records\Audio\Time_Sort\2021","41666350","39.74 MB","2021-01-30T17:09:36+00:00","2021-01-30T16:53:01+00:00"
"rec_be13c6bd29f7543024d2bb7523597aa07f116a1f","2021_01_23_20_30_55 biere corona.mp3","\\SyNAS\Records\Audio\Time_Sort\2021","18060433","17.22 MB","2021-01-23T20:30:55+00:00","2021-01-23T19:49:44+00:00"
"rec_78e2a23208e72582858e61d5e6b0f55b9f796322","2020_12_25_16_38_11.mp3","\\SyNAS\Records\Audio\Time_Sort\2020","42681154","40.70 MB","2020-12-25T16:38:11+00:00","2020-12-25T16:22:39+00:00"
"rec_270a776eb10060dae9112006d4206ea41be04da7","2021_01_06_16_56_43 irruption menace  insultes.mp3","\\SyNAS\Records\2021","1717393","1.64 MB","2021-01-06T16:56:43+00:00","2021-01-06T15:58:31+00:00"
"rec_af42a7a094744384256c4fb0018ecd3e0eac05fd","2021_02_15_21_59_50.mp3","\\SyNAS\Records\Audio\Time_Sort\2021","17300165","16.50 MB","2021-02-15T21:59:50+00:00","2021-02-15T21:17:51+00:00"
"rec_8fb23d596da71b9d427ac94e029633be3cc677fb","2021_02_02_19_45_32.mp3","\\SyNAS\Records\2021","16279509","15.53 MB","2021-02-02T19:45:32+00:00","2021-02-02T19:02:30+00:00"
"rec_261f2b7eff33f4a10550aeec87b774eb8c8e663f","20220609_120117.m4a","\\SyNAS\Records\2022-Jan-July","63322716","60.39 MB","","2022-06-09T10:57:44+00:00"
"rec_8d6c10dcf1ab3b4e9562dbf7e1d79d084a397921","2021_03_30_00_10_12.mp3","\\SyNAS\Records\Audio\Time_Sort\2021","401329840","382.74 MB","2021-03-30T00:10:12+00:00","2021-03-30T05:08:15+00:00"
"rec_8a889af1be666467806f30bd64d3c8c45c470b1b","2021_04_20_13_26_16 lunch break.mp3","\\SyNAS\Records\2021","28584227","27.26 MB","2021-04-20T13:26:16+00:00","2021-04-20T11:56:02+00:00"
"rec_1eefd6449a5cfe069ad7557c349860c9e4a5343f","2020-05-14_21h38m58_Voix 030_sd fjdk.m4a","\\SyNAS\Records\2020","1304720","1.24 MB","2020-05-14T21:38:00+00:00","2020-05-14T19:38:58+00:00"
"rec_a16e4c8e3609e4b2c00e38a9a29cdc5dc64f01ab","2021_01_27_15_57_45.mp3","\\SyNAS\Records\2021","4267780","4.07 MB","2021-01-27T15:57:45+00:00","2021-01-27T15:02:12+00:00"
"rec_4cabc9e4636b3b07b61c8c68db166c6c6b0e8404","2021_02_27_15_38_45.mp3","\\SyNAS\Records\2021","49829928","47.52 MB","2021-02-27T15:38:45+00:00","2021-02-27T15:30:40+00:00"
"rec_ab55f9d7fcee0b39d14cf8f479d93fd2c23c9f68","2021_05_08_22_55_03 le deserteur.mp3","\\SyNAS\Records\2021","2791548","2.66 MB","2021-05-08T22:55:03+00:00","2021-05-08T20:57:57+00:00"
"rec_bb7550b1214a58d534d8185f003e3a13d60553b1","2021_07_25_00_51_11.mp3","\\SyNAS\Records\2021","9250271","8.82 MB","2021-07-25T00:51:11+00:00","2021-07-24T23:00:50+00:00"
"rec_cf7df37bf091da222051e6f7f8dac253fdcfee55","2021_02_03_21_44_53.mp3","\\SyNAS\Records\Audio\Time_Sort\2021","32698617","31.18 MB","2021-02-03T21:44:53+00:00","2021-02-03T21:18:56+00:00"
"rec_7bc95d08519c7078f41b3365f0e7aeb3c15a3e21","2021_02_19_12_10_58.mp3","\\SyNAS\Records\2021","13401442","12.78 MB","2021-02-19T12:10:58+00:00","2021-02-19T11:24:55+00:00"
"rec_80a159e23ed745a65d4c5b05294abb0b255330d5","2021_01_26_20_04_33.mp3","\\SyNAS\Records\2021","7070614","6.74 MB","2021-01-26T20:04:33+00:00","2021-01-26T19:11:55+00:00"
"rec_2115c91ce292692d3b43c34aaaa6e2845dfaf62c","2023-10-16_19h13m06_Voix 015 Aloïs tout seul Steinhausen.m4a","\\SyNAS\Records\2023","13234871","12.62 MB","2023-10-16T19:13:00+00:00","2023-10-16T17:13:06+00:00"
"rec_e477397257cf611d43a60fcb747beee0b0354218","2021_01_09_21_02_18_provocation_TuasvouluJouer-JeSuisEmprisonnée.wav","\\SyNAS\Records\Audio\Time_Sort\2020","4556266","4.35 MB","2021-01-09T21:02:18+00:00","2021-01-10T23:52:27+00:00"
"rec_92a05b5f3f7b70209cf085f5459eecdb745ddfe2","2021_02_01_16_58_18.mp3","\\SyNAS\Records\Audio\Time_Sort\2021","30498487","29.09 MB","2021-02-01T16:58:18+00:00","2021-02-01T16:31:01+00:00"
"rec_389ee211b9d025e689d9718c2964ce76ad2262f0","2020-05-09_15h44m52_Voix 012_sd.m4a","\\SyNAS\Records\Audio\Time_Sort\2020","6338033","6.04 MB","2020-05-09T15:44:00+00:00","2020-05-09T13:44:52+00:00"
"rec_73fca16986568a9dde6a8bc2d944fc42e5b9955c","2021_05_10_14_38_52 dr suter.mp3","\\SyNAS\Records\2021","4501419","4.29 MB","2021-05-10T14:38:52+00:00","2021-05-10T12:43:34+00:00"
"rec_51bf95493f82bd9d463095f3200fbd46bd47c567","2021_01_21_20_43_13.mp3","\\SyNAS\Records\Audio\Time_Sort\2021","37039959","35.32 MB","2021-01-21T20:43:13+00:00","2021-01-21T20:21:48+00:00"
"rec_4851651400b5ffa8d1d3a88a6122d77590599417","2021_03_28_21_17_03.mp3","\\SyNAS\Records\2021","2323016","2.22 MB","2021-03-28T21:17:03+00:00","2021-03-28T19:19:29+00:00"
"rec_e0b4e23f20677c5e699ab345d96ae34f6e33557c","2021_01_26_15_22_5_KTA revue du bulletin scolaire.mp3","\\SyNAS\Records\Audio\Time_Sort\2021","31178082","29.73 MB","2021-01-26T15:22:00+00:00","2021-01-26T14:55:19+00:00"
"rec_9a04ebb161d01d7b60f8e2fe0927de61752f4ae7","2021_08_01_23_23_38.mp3","\\SyNAS\Records\2021","100242493","95.60 MB","2021-08-01T23:23:38+00:00","2021-08-01T23:08:03+00:00"
"rec_5a5196d65dfae0fd9e6920943c96614d4c0bb1a4","2021_01_14_16_55_13.mp3","\\SyNAS\Records\2021","23949478","22.84 MB","2021-01-14T16:55:13+00:00","2021-01-14T16:20:10+00:00"
"rec_927e96846f0a07352fbbb4f4d5da27fb6982333d","Audio recording 2020-09-10 21-14-02.aac","\\SyNAS\Records\2020","72418558","69.06 MB","2020-09-10T00:00:00+00:00","2020-09-10T19:51:25+00:00"
"rec_cc2efd87a27fe2e7c0c7dab322532c57f8ebbbcd","2020_10_08_12_00_34.mp3","\\SyNAS\Records\Audio\2020-Unsorted","6797269","6.48 MB","2020-10-08T12:00:34+00:00","2020-10-08T10:07:39+00:00"
"rec_ca40917ef6fca775d5d8699044563500e949113b","2023-04-30_19h03m58_Voix 151.m4a","\\SyNAS\Records\2023","2874872","2.74 MB","2023-04-30T19:03:00+00:00","2023-04-30T17:03:58+00:00"
"rec_f68fa77b87f16a39cdaa1768622cff4e85c416cd","2021_05_11_08_22_35 doctor 2.mp3","\\SyNAS\Records\2021","6719110","6.41 MB","2021-05-11T08:22:35+00:00","2021-05-11T06:29:35+00:00"
"rec_58bdee2220f5a79633ab31fbcb80e95511700021","2020-05-10_18h12m56_Voix 018_sd.m4a","\\SyNAS\Records\2020","23933457","22.82 MB","2020-05-10T18:12:00+00:00","2020-05-10T16:12:56+00:00"
"rec_2c9085a5a8698a0ac79381b6e8592254366ba165","2021_07_14_13_45_55 midi spaghetti.mp3","\\SyNAS\Records\2021","36810449","35.11 MB","2021-07-14T13:45:55+00:00","2021-07-14T12:24:17+00:00"
"rec_6a21d87cd8a35a5ba345c00eb96aab013f3e2bc8","2021_03_08_18_57_02 preparation ordinaire pizza.mp3","\\SyNAS\Records\2021","52557108","50.12 MB","2021-03-08T18:57:02+00:00","2021-03-08T19:03:58+00:00"
"rec_3f5f34dd7ecbd990c2b32727ef3d89df124ac4d6","Audio recording 2020-12-01 20-53-09 comme un conjoint, appartement de merde, harcellement.aac","\\SyNAS\Records\2020","7144906","6.81 MB","2020-12-01T00:00:00+00:00","2020-12-01T19:56:50+00:00"
"rec_10ed79db27e35b065bf192aa5d4aed12e83597b8","Audio recording 2020-06-01 14-17-23.aac","\\SyNAS\Records\2020","416820497","397.51 MB","2020-06-01T00:00:00+00:00","2020-06-01T15:52:28+00:00"
"rec_53c158b6f56fa39bf42739071263cc0cf0b1b9e4","2021_03_23_19_37_35.mp3","\\SyNAS\Records\Audio\Time_Sort\2021","10400913","9.92 MB","2021-03-23T19:37:35+00:00","2021-03-23T18:48:25+00:00"
"rec_dbfa6876c1c339fec17f6d7798d7984f82daed4d","2023-02-16_07h14m48_Voix 133.m4a","\\SyNAS\Records\2023","4437226","4.23 MB","2023-02-16T07:14:00+00:00","2023-02-16T06:14:48+00:00"
"rec_239720dc8fb973c54c153a6dfe1d49225a266d96","2021_02_03_07_19_04.mp3","\\SyNAS\Records\Audio\Time_Sort\2021","1894190","1.81 MB","2021-02-03T07:19:04+00:00","2021-02-03T06:21:02+00:00"
"rec_52420d4804e672ed58edcd0f09dfbc87ce261392","Audio recording 2020-12-09 21-16-40.aac","\\SyNAS\Records\Audio\Time_Sort\2020","6043862","5.76 MB","2020-12-09T00:00:00+00:00","2020-12-09T20:19:48+00:00"
"rec_5ec42c132c2ed1692c56b2538f257052811e7fec","2021_02_20_14_57_01.mp3","\\SyNAS\Records\2021","6435734","6.14 MB","2021-02-20T14:57:01+00:00","2021-02-20T14:03:43+00:00"
"rec_4c1f619f6212768f51b1488001f034c75f49a5a4","20220607_214341.m4a","\\SyNAS\Records\2022-Jan-July","21112966","20.13 MB","","2022-06-07T20:02:30+00:00"
"rec_4bc331802d31c23c4bf86fdb54a23001c4e77de5","2023-02-23_16h17m33_Voix 139 panic avant reunion.m4a","\\SyNAS\Records\2023","15183346","14.48 MB","2023-02-23T16:17:00+00:00","2023-02-23T15:17:33+00:00"
"rec_b2ca4a1af1b1a54e792f7a0f8dec5501d0fcf4ec","2019-10-15_23h48m14_Et bikini.m4a","\\SyNAS\Records\Audio\Time_Sort\2019","1990540","1.90 MB","2019-10-15T23:48:00+00:00","2019-10-15T21:48:14+00:00"
"rec_e32f580dd30274986a4f07dce10e30248fcb5990","2021_01_09_14_46_10_19ansMerde.mp3","\\SyNAS\Records\2021","2008710","1.92 MB","2021-01-09T14:46:10+00:00","2021-01-09T13:48:16+00:00"
"rec_b76216e98567b282b3becde89a50d882c7bf988f","2021_02_13_18_05_45.mp3","\\SyNAS\Records\Audio\Time_Sort\2021","553794","540.81 KB","2021-02-13T18:05:45+00:00","2021-02-13T17:06:20+00:00"
"rec_dbf133aee8661b58bce60631659d1ce6cab5a889","2020_12_21_15_53_17.mp3","\\SyNAS\Records\2020","15569396","14.85 MB","2020-12-21T15:53:17+00:00","2020-12-21T15:09:30+00:00"
"rec_88843313a616c496ee5f20a790d7a63f8ae56ee8","2021_01_12_12_08_54 TA repas midi.mp3","\\SyNAS\Records\Audio\Time_Sort\2021","24789158","23.64 MB","2021-01-12T12:08:54+00:00","2021-01-12T11:34:44+00:00"
"rec_c0c114d959a4040006fe8fe581acae443778080a","2021_04_02_17_12_44.mp3","\\SyNAS\Records\2021","883982","863.26 KB","2021-04-02T17:12:44+00:00","2021-04-02T15:13:39+00:00"
"rec_4adc31ddd0d303ef8c43794fd6b102d02a4f970e","Audio recording 2020-12-12 22-19-02.aac","\\SyNAS\Records\Audio\Time_Sort\2020","4377322","4.17 MB","2020-12-12T00:00:00+00:00","2020-12-12T21:21:27+00:00"
"rec_0aa07c3996ec23d910ef4b9550d57d39e4640776","2020-05-09_17h30m44_Voix 013_sd.m4a","\\SyNAS\Records\2020","5587579","5.33 MB","2020-05-09T17:30:00+00:00","2020-05-09T15:30:44+00:00"
"rec_2478343266420d61e3cf75e6ba6e53c3a4eae4a8","2021_01_10_19_18_30 KTA accroche toi tribunal.mp3","\\SyNAS\Records\Audio\Time_Sort\2021","50537890","48.20 MB","2021-01-10T19:18:30+00:00","2021-01-10T19:20:42+00:00"
"rec_a054c5142b1de4a229bc21c9fd20e5a00834782f","Audio recording 2020-07-26 14-58-11.wav","\\SyNAS\Records\2020","295826372","282.12 MB","2020-07-26T00:00:00+00:00","2020-07-26T13:26:08+00:00"
"rec_82927b203e8ab40183b1a01bb5906d8e100a1656","2023-12-05_22h12m52_Voix 016 dd Drama orientation Hikari.m4a","\\SyNAS\Records\2023","37729113","35.98 MB","2023-12-05T22:12:00+00:00","2023-12-05T21:12:52+00:00"
"rec_e76f4b41495622fc5cab1aee0466f8b9443b8786","Audio recording 2020-11-10 20-39-58 Maximus et les chrétiens.aac","\\SyNAS\Records\2020","104673203","99.82 MB","2020-11-10T00:00:00+00:00","2020-11-10T20:34:00+00:00"
"rec_d559bd79f2cea6c7acb0d95a0cc58abf2292d93f","2021_06_04_19_56_34 birds.mp3","\\SyNAS\Records\2021","277106","270.61 KB","2021-06-04T19:56:34+00:00","2021-06-04T17:56:52+00:00"
"rec_e4948423e6dfd1295999186fc325844d5e7105b0","Audio recording 2020-06-29 14-37-14.aac","\\SyNAS\Records\2020","53117057","50.66 MB","2020-06-29T00:00:00+00:00","2020-06-29T14:27:40+00:00"
"rec_dc161167d6b8683720ab6a4aa244d44edb7629cc","Audio recording 2020-08-29 17-11-16 soustractions.wav","\\SyNAS\Records\2020","218199788","208.09 MB","2020-08-29T00:00:00+00:00","2020-08-29T15:31:54+00:00"
"rec_df83712f03c613c8bf1241ddabae176743c2057b","2023-02-16_07h48m08_Voix 134 dd wake up.m4a","\\SyNAS\Records\2023","30962823","29.53 MB","2023-02-16T07:48:00+00:00","2023-02-16T06:48:08+00:00"
"rec_87de049e94a09c64b55394e2b3ae8ee45c40931c","Audio recording 2020-07-09 18-20-31.wav","\\SyNAS\Records\2020","63878012","60.92 MB","2020-07-09T00:00:00+00:00","2020-07-09T16:26:34+00:00"
"rec_ee86b9884b23571c80045976a20ac3a9d077c9f6","2021_01_25_21_55_06 fin de soiree.mp3","\\SyNAS\Records\2021","177337171","169.12 MB","2021-01-25T21:55:06+00:00","2021-01-25T23:59:50+00:00"
"rec_676cf8e8b4bb91d036a34f76f3ae2bf787c30e58","Audio recording 2020-10-10 15-25-58 midi fin discussion sur mythomanie.aac","\\SyNAS\Records\2020","53600861","51.12 MB","2020-10-10T00:00:00+00:00","2020-10-10T13:53:39+00:00"
"rec_6e4b1c9fa53c4d0e831b05980748312c870848c2","2021_02_13_17_55_53.mp3","\\SyNAS\Records\2021","7494012","7.15 MB","2021-02-13T17:55:53+00:00","2021-02-13T17:05:43+00:00"
"rec_2c924331bdd07c64a5556183f2fd7bca5011ca4c","Audio recording 2020-11-28 20-39-54.aac","\\SyNAS\Records\Audio\Time_Sort\2020","55848694","53.26 MB","2020-11-28T00:00:00+00:00","2020-11-28T20:08:44+00:00"
"rec_a6cdef87382cc5b7cb86614a55111cc03d4392df","2022-07-24_08h41m41_Voix 048.m4a","\\SyNAS\Records\2022-July-Dec","9182628","8.76 MB","2022-07-24T08:41:00+00:00","2022-07-24T06:41:41+00:00"
"rec_f3360ada0714f3ce6ef7748ad6d1e2a322ebf013","2020-11-16_10h40m03_DD (18) LoveOnTheBeat.m4a","\\SyNAS\Records\Rec\DD","162507251","154.98 MB","2020-11-16T10:40:00+00:00","2020-11-16T09:40:03+00:00"
"rec_7745a39a4114ef74eed64fe1598dafc2450b64c4","2020_11_08_21_35_11 wochen plan.mp3","\\SyNAS\Records\Audio\2020-Unsorted","18874617","18.00 MB","2020-11-08T21:35:11+00:00","2020-11-08T20:54:51+00:00"
"rec_e84ef7c485ab3b1f6e3a2c122eeb2ecf4df204d5","2020_12_24_22_54_40.mp3","\\SyNAS\Records\2020","5342353","5.09 MB","2020-12-24T22:54:40+00:00","2020-12-24T22:00:14+00:00"
"rec_896fdf59211e468324790b9f3b2c973c842e6cea","2022-10-10_23h27m54_Voix 088.m4a","\\SyNAS\Records\2022-July-Dec","202348464","192.97 MB","2022-10-10T23:27:00+00:00","2022-10-10T21:27:54+00:00"
"rec_6910b414cd770b0aaed04778efc7fd5fcd100834","Audio recording 2020-11-19 20-51-08.aac","\\SyNAS\Records\Audio\Time_Sort\2020","69900163","66.66 MB","2020-11-19T00:00:00+00:00","2020-11-19T20:27:12+00:00"
"rec_23e2b4ec3b9d5c84079ddabf55d404e295ee6579","2021_03_04_21_45_23 TA histoire 2 petites oreilles hors du courant2.mp3","\\SyNAS\Records\Audio\Time_Sort\2021","909060","887.75 KB","2021-03-04T21:45:23+00:00","2021-03-04T21:44:34+00:00"
"rec_a3b8144c4e7a9ade750ce44c90badb7d959b8fdd","Audio recording 2020-09-01 13-50-08 tentative extorsion.wav","\\SyNAS\Records\Audio\Time_Sort\2020","81920204","78.13 MB","2020-09-01T00:00:00+00:00","2020-09-01T11:57:54+00:00"
"rec_625fb7579c098cd682f1001667643a0cef160d06","2021_01_09_19_07_17_KTA_ReineDeSaba.mp3","\\SyNAS\Records\2021","824214","804.90 KB","2021-01-09T19:07:17+00:00","2021-01-09T18:08:09+00:00"
"rec_1917428e9f93be33eff4d214dd7fcc3374e6f0a6","2022-12-27_17h32m16_Refus Exchange Garde Alternée.m4a","\\SyNAS\Records\2022-July-Dec","16838593","16.06 MB","2022-12-27T17:32:00+00:00","2025-11-18T23:34:55+00:00"
"rec_c5bf2debb41e16392e98711e994a1336b2a9fe54","2020_09_09_20_51_02.mp3","\\SyNAS\Records\Audio\2020-Unsorted","46356688","44.21 MB","2020-09-09T20:51:02+00:00","2020-09-09T19:39:20+00:00"
"rec_b6dc35eb071a2d0adc2a8db85944177945e47acf","2020-05-23_21h26m22_Voix 045_sd harcelemtnz_1.wav","\\SyNAS\Records\Audio\Time_Sort\2020","23299700","22.22 MB","2020-05-23T21:26:00+00:00","2021-01-02T12:55:04+00:00"
"rec_88842fd279dd7dceb6ad6818f374dfeef95bc641","2020_08_04_17_44_49.mp3","\\SyNAS\Records\Audio\Time_Sort\2020","285864854","272.62 MB","2020-08-04T17:44:49+00:00","2020-08-04T20:42:35+00:00"
"rec_8e497639019564aef50c58e4c30573ff81bea606","2021_04_16_16_03_48.mp3","\\SyNAS\Records\2021","1961481","1.87 MB","2021-04-16T16:03:48+00:00","2021-04-16T14:05:51+00:00"
"rec_e602cba88afdd92f612a3ebc06e84963b93407f8","2021_02_06_16_44_44 KT pipi.mp3","\\SyNAS\Records\Audio\Time_Sort\2021","7499440","7.15 MB","2021-02-06T16:44:44+00:00","2021-02-06T15:52:33+00:00"
"rec_c85879c3cd10d30c8e26063770e85b77c0e1be3f","2022-08-28_22h37m17_Voix 065 dd end confession.m4a","\\SyNAS\Records\2022-July-Dec","54017208","51.51 MB","2022-08-28T22:37:00+00:00","2022-08-28T20:37:17+00:00"
"rec_8239f098ea0bdab38ac88c0de065020302f3ebd4","2024-01-08_19h43m02_Voix 023 Alain DeLon-1.m4a","\\SyNAS\Records\2024","875706","855.18 KB","2024-01-08T19:43:00+00:00","2024-01-08T18:43:02+00:00"
"rec_b36aee8dfabf3e8d2b8bb484b325e23499e841a4","2021_04_03_14_43_51.mp3","\\SyNAS\Records\2021","16237295","15.49 MB","2021-04-03T14:43:51+00:00","2021-04-03T13:00:46+00:00"
"rec_70d697397efdf56d8857b08a921742a1167cfdd0","2021_02_09_13_43_00.mp3","\\SyNAS\Records\Audio\Time_Sort\2021","5188544","4.95 MB","2021-02-09T13:43:00+00:00","2021-02-09T12:48:24+00:00"
"rec_94d85350d797131e2ac1031cb1803fcc6986d3e8","2022-12-29_10h01m19_Voix 122 sleeping after drinking.m4a","\\SyNAS\Records\2023","520946250","496.81 MB","2022-12-29T10:01:00+00:00","2022-12-29T09:01:19+00:00"
"rec_57496f21f698ea8a1c13b5108b361f3dc43e0cab","2021_10_31_20_56_21 remi sans famille.mp3","\\SyNAS\Records\2021","138884910","132.45 MB","2021-10-31T20:56:21+00:00","2021-10-31T22:20:59+00:00"
"rec_a9dd6d85e60926a75fa261e6f2323dd0d22340b6","2020_08_06_17_09_15.mp3","\\SyNAS\Records\2020","250123910","238.54 MB","2020-08-06T17:09:15+00:00","2020-08-06T19:29:48+00:00"
"rec_7e249a9a02eeb2a5e9c3d5ba25b1e86b9afadd95","2023-12-29_17h08m04_4.m4a","\\SyNAS\Records\2023","39383455","37.56 MB","2023-12-29T17:08:00+00:00","2023-12-29T16:08:04+00:00"
"rec_2dde6f2c0b4737d0feb45c32361b647c3badd188","2021_01_23_13_52_01.mp3","\\SyNAS\Records\Audio\Time_Sort\2021","11626787","11.09 MB","2021-01-23T13:52:01+00:00","2021-01-23T13:04:08+00:00"
"rec_c295b74c778985491e5c91dd360808d0c40da41f","2021_03_30_12_54_09.mp3","\\SyNAS\Records\Audio\Time_Sort\2021","1236740","1.18 MB","2021-03-30T12:54:09+00:00","2021-03-30T10:55:26+00:00"
"rec_8cf65c03694394c34086df1e35507b0cc192be87","2023-07-22_09h05m58_Voix 005 dd morning.m4a","\\SyNAS\Records\2023","43073107","41.08 MB","2023-07-22T09:05:00+00:00","2023-07-22T07:05:58+00:00"
"rec_2a541cc61a5d4e8bafc3308968eb00059c3a6bc9","2021_04_06_21_34_52.mp3","\\SyNAS\Records\2021","30959071","29.52 MB","2021-04-06T21:34:52+00:00","2021-04-06T20:07:07+00:00"
"rec_9e9a8fa3445526437b4643ee4ad32984b2ae607e","2021_01_05_12_10_46.mp3","\\SyNAS\Records\Audio\Time_Sort\2021","164897017","157.26 MB","2021-01-05T12:10:46+00:00","2021-01-05T14:02:34+00:00"
"rec_6d0696931aae64bf91b3e92daffd90c083c4f60a","2021_01_22_12_48_46.mp3","\\SyNAS\Records\2021","6955257","6.63 MB","2021-01-22T12:48:46+00:00","2021-01-22T11:56:01+00:00"
"rec_47491d617d3d711d8bf66577a24811bf051c85a6","Audio recording 2020-06-22 20-00-21.aac","\\SyNAS\Records\2020","101031812","96.35 MB","2020-06-22T00:00:00+00:00","2020-06-22T18:52:30+00:00"
"rec_ed62ae33dc0caa87880d15d835386bb506fa7d54","2020_09_04_21_44_42 folie.mp3","\\SyNAS\Records\2020","3295607","3.14 MB","2020-09-04T21:44:42+00:00","2020-09-04T19:48:08+00:00"
"rec_188e754d6651c783af2aa476562e76ba56108b98","Audio recording 2020-09-02 15-13-50.wav","\\SyNAS\Records\Audio\Time_Sort\2020","60484076","57.68 MB","2020-09-02T00:00:00+00:00","2020-09-02T13:19:34+00:00"
"rec_e8255f7a27a7e3b5e2cac14c01131a8d949873da","2021_01_19_12_39_01.mp3","\\SyNAS\Records\Audio\Time_Sort\2021","240866532","229.71 MB","2021-01-19T12:39:01+00:00","2021-01-19T15:49:57+00:00"
"rec_f2dd566077f9cad2b81b7d17d615e0ed9b93b698","2021_02_25_20_10_14 kta Alois lecture.mp3","\\SyNAS\Records\Audio\Time_Sort\2021","39130591","37.32 MB","2021-02-25T20:10:14+00:00","2021-02-25T19:51:00+00:00"
"rec_70634f724066246d53f97690e76172f573d0aebc","2021_04_22_12_46_14.mp3","\\SyNAS\Records\Audio\Time_Sort\2021","203794807","194.35 MB","2021-04-22T12:46:14+00:00","2021-04-22T14:18:33+00:00"
"rec_395f436fe73c80c43a75e2d861bcedafc3d345f6","2021_02_09_13_43_00.mp3","\\SyNAS\Records\2021","5188544","4.95 MB","2021-02-09T13:43:00+00:00","2021-02-09T12:48:24+00:00"
"rec_e171604d0cfb629170294d57ff2a63fa192dbcab","2020_12_26_00_11_04 dernier harcelement.mp3","\\SyNAS\Records\2020","4019094","3.83 MB","2020-12-26T00:11:04+00:00","2020-12-25T23:15:16+00:00"
"rec_259d72bdddfaaca23436b672c9d6bfb396466511","2020_08_04_13_00_44.mp3","\\SyNAS\Records\Audio\Time_Sort\2020","32809794","31.29 MB","2020-08-04T13:00:44+00:00","2020-08-04T11:34:55+00:00"
"rec_2487f074b25e35700fae5de0950789cbd62f3a57","2022-09-23_22h03m35_Voix 079 dodo.m4a","\\SyNAS\Records\2022-July-Dec","1431438","1.37 MB","2022-09-23T22:03:00+00:00","2022-09-23T20:03:35+00:00"
"rec_35f06197e5be087c87ad8c5adf38d71cff736bfb","2020_12_24_18_07_34 prepa noel2.mp3","\\SyNAS\Records\Audio\Time_Sort\2020","56811937","54.18 MB","2020-12-24T18:07:34+00:00","2020-12-24T18:06:45+00:00"
"rec_c01bb305532a5b00f5a04346c4e97ced978df637","2021_03_01_13_44_55.mp3","\\SyNAS\Records\Audio\Time_Sort\2021","1419388","1.35 MB","2021-03-01T13:44:55+00:00","2021-03-01T12:46:24+00:00"
"rec_c4219e7b1fed8ea8ae25e02ab23006c8c4b2fe63","Audio recording 2020-11-17 12-01-29.aac","\\SyNAS\Records\2020","81228598","77.47 MB","2020-11-17T00:00:00+00:00","2020-11-17T11:43:24+00:00"
"rec_a8d7d96777e222d9026fb738382de47efe5f0416","2021_04_18_12_33_02.mp3","\\SyNAS\Records\2021","17191079","16.39 MB","2021-04-18T12:33:02+00:00","2021-04-18T10:53:14+00:00"
"rec_c37e00cb28f16326b9232216759be54b502aeb63","2020_09_03_16_26_16.mp3","\\SyNAS\Records\2020","9300008","8.87 MB","2020-09-03T16:26:16+00:00","2020-09-03T14:35:57+00:00"
"rec_55a211a87171ba117f1194a4832ea85b9d44fc68","2021_09_12_20_51_44 ton idiot de pere.mp3","\\SyNAS\Records\2021","33104874","31.57 MB","2021-09-12T20:51:44+00:00","2021-09-12T19:26:13+00:00"
"rec_4a7620fbd2008a70af3a72bd11a5199e131beb68","2020_12_23_19_42_27.mp3","\\SyNAS\Records\Audio\Time_Sort\2020","2294594","2.19 MB","2020-12-23T19:42:27+00:00","2020-12-23T18:44:50+00:00"
"rec_ac7fd3a78593f63d412a3bb0c9b74686c244bf77","2021_02_16_19_05_28.mp3","\\SyNAS\Records\Audio\Time_Sort\2021","9887241","9.43 MB","2021-02-16T19:05:28+00:00","2021-02-16T18:15:46+00:00"
"rec_e343021340766520c9e8693f3487bda6dc071276","2021_08_04_22_52_17.mp3","\\SyNAS\Records\2021","67758288","64.62 MB","2021-08-04T22:52:17+00:00","2021-08-04T22:02:52+00:00"
"rec_b80de690d155cd65034c0e03ab4287d989f6d4b8","Audio recording 2020-09-13 14-35-28.aac","\\SyNAS\Records\Audio\Time_Sort\2020","3523060","3.36 MB","2020-09-13T00:00:00+00:00","2020-09-13T12:37:18+00:00"
"rec_7771ed9e34fdcfe5200dde75dfa9a4789e8ede8e","2021_01_22_21_45_34.mp3","\\SyNAS\Records\2021","454468753","433.42 MB","2021-01-22T21:45:34+00:00","2021-01-23T04:38:58+00:00"
"rec_94a119c48581204abdb4d6bbeff247883e1d7f9f","2021_01_06_15_03_05.mp3","\\SyNAS\Records\Audio\Time_Sort\2021","11283","11.02 KB","2021-01-06T15:03:05+00:00","2021-01-06T14:03:06+00:00"
"rec_907314e2365b5f20725cf8f3e2a86efbc351c553","2020-05-11_08h01m36_Voix 023_sd matin mobing.m4a","\\SyNAS\Records\2020","5862396","5.59 MB","2020-05-11T08:01:00+00:00","2020-05-11T06:01:36+00:00"
"rec_0af93159872169128dda6631e8bd7d65e8631a34","2020_09_08_21_42_49 insulte nocturnes .mp3","\\SyNAS\Records\Audio\2020-Unsorted","3880332","3.70 MB","2020-09-08T21:42:49+00:00","2020-09-08T19:46:51+00:00"
"rec_6769ab352f020c5612d8e9c613c3fe502a94b906","Audio recording 2020-08-02 01-11-04 alois dort car.wav","\\SyNAS\Records\Audio\Time_Sort\2020","6413948","6.12 MB","2020-08-02T00:00:00+00:00","2020-08-01T23:11:40+00:00"
"rec_4990fd4ead61f8201e34c5f30095e665cd29d50a","2020_09_04_21_13_06.mp3","\\SyNAS\Records\2020","19112854","18.23 MB","2020-09-04T21:13:06+00:00","2020-09-04T19:33:01+00:00"
"rec_2bdf77d260c113cac2c413ddccc043f295ced960","2020-03-25_15h47m04_Recording (7)_Dinda.m4a","\\SyNAS\Records\Rec\DD","181512826","173.10 MB","2020-03-25T15:47:00+00:00","2020-04-05T23:24:03+00:00"
"rec_1a28630dacb0e4ea7fa1331ed9ecc2ad8b8742ef","20210327_KT_CouperPansement.m4a","\\SyNAS\Records\Audio","29979858","28.59 MB","","2021-03-28T00:15:43+00:00"
"rec_2dc61fc102026b0d7ada529097e054d24d14811b","2021_05_25_21_22_19.mp3","\\SyNAS\Records\2021","9080580","8.66 MB","2021-05-25T21:22:19+00:00","2021-05-25T19:31:46+00:00"
"rec_9b5a55b4ab48c40403b0117d0e3b500147c9e9e6","2022-11-15_11h26m46_Voix 100 going for work.m4a","\\SyNAS\Records\2022-July-Dec","32690388","31.18 MB","2022-11-15T11:26:00+00:00","2022-11-15T10:26:46+00:00"
"rec_d1ebea7eb8c2a24f5b623dbcc07d49107623e442","2020-05-27 19-00-33.wav","\\SyNAS\Records\2020","444877316","424.27 MB","2020-05-27T00:00:00+00:00","2020-07-06T21:32:14+00:00"
"rec_120f98825d6337f1d00c8e12e692c69f962da342","2021_03_06_15_43_57 KTA confiscation telephone.mp3","\\SyNAS\Records\Audio\Time_Sort\2021","55819283","53.23 MB","2021-03-06T15:43:57+00:00","2021-03-06T15:42:06+00:00"
"rec_b3e91c238acd685c78f04a6345dbb515397088be","2021_04_05_19_12_26.mp3","\\SyNAS\Records\2021","98050715","93.51 MB","2021-04-05T19:12:26+00:00","2021-04-05T18:57:31+00:00"
"rec_a65ef855bead1f8fe251446db779d1a92b0a49bc","2020-05-28 22-18-25.aac","\\SyNAS\Records\2020","36472912","34.78 MB","2020-05-28T00:00:00+00:00","2020-07-06T21:32:14+00:00"
"rec_c475bb1bccb1cf5b268580ecf0c714ca00405eda","2021_01_11_13_00_14 virer de ma vie et celle Alois.mp3","\\SyNAS\Records\2021","2227721","2.12 MB","2021-01-11T13:00:14+00:00","2021-01-11T12:02:33+00:00"
"rec_a3a6f67c345054abab855c3e64b25f6ac3b2ef95","2022-07-18_10h29m01_Voix 044.m4a","\\SyNAS\Records\2022-July-Dec","31667581","30.20 MB","2022-07-18T10:29:00+00:00","2022-07-18T08:29:01+00:00"
"rec_fe7d6d607e89813549630650e49d918bd18887c5","2021_01_20_12_13_40.mp3","\\SyNAS\Records\2021","74788361","71.32 MB","2021-01-20T12:13:40+00:00","2021-01-20T12:31:34+00:00"
"rec_9e659c68454b0bbc1a8db563b2c9e229dd261889","2021_02_16_11_37_02 consumer security.mp3","\\SyNAS\Records\2021","58584083","55.87 MB","2021-02-16T11:37:02+00:00","2021-02-16T11:38:04+00:00"
"rec_d01b79e2c191fa1545e27369b8dd6a18227f4abc","2021_02_14_19_07_02.mp3","\\SyNAS\Records\2021","54261550","51.75 MB","2021-02-14T19:07:02+00:00","2021-02-14T19:03:34+00:00"
"rec_35f65bcf0866f6b9f86f72fab3ee10b1ebc04164","2021_05_20_21_35_31.mp3","\\SyNAS\Records\2021","1990320","1.90 MB","2021-05-20T21:35:31+00:00","2021-05-20T19:37:35+00:00"
"rec_a80c2483b7a65f9daf0eb1644092e44114a7b9eb","Audio recording 2020-10-27 21-07-43.aac","\\SyNAS\Records\2020","11408885","10.88 MB","2020-10-27T00:00:00+00:00","2020-10-27T20:13:35+00:00"
"rec_c24a2fd76552114f4d30b2fcd6a7ed17624d48fa","2020_08_24_16_29_31.mp3","\\SyNAS\Records\Audio\Time_Sort\2020","4207176","4.01 MB","2020-08-24T16:29:31+00:00","2020-08-24T14:33:54+00:00"
"rec_28417dcdb4413da297e19a1b6992a3080fcc6d26","Audio recording 2020-09-16 20-14-25.aac","\\SyNAS\Records\2020","37691794","35.95 MB","2020-09-16T00:00:00+00:00","2020-09-16T18:33:53+00:00"
"rec_83f685e9ff6e6609905b53df9dfb6c23a5fa4312","Audio recording 2020-09-14 21-02-24.aac","\\SyNAS\Records\2020","18344540","17.49 MB","2020-09-14T00:00:00+00:00","2020-09-14T19:11:52+00:00"
"rec_3afcd48c61c5d2498b94dcb7da92c9dcc3ff8640","2020_12_31_10_34_22 responsable de ses crises.mp3","\\SyNAS\Records\2020","819617","800.41 KB","2020-12-31T10:34:22+00:00","2020-12-31T09:35:14+00:00"
"rec_751e0257b762cb5c5938bc495403a267a48813a3","2021_02_19_22_00_47.mp3","\\SyNAS\Records\Audio\Time_Sort\2021","7170924","6.84 MB","2021-02-19T22:00:47+00:00","2021-02-19T21:08:16+00:00"
"rec_1ba6b5981f6be268bdba1948474aabe17d2e833e","Audio recording 2020-11-04 12-41-14.aac","\\SyNAS\Records\Audio\2020-Unsorted","106117770","101.20 MB","2020-11-04T00:00:00+00:00","2020-11-04T12:36:00+00:00"
"rec_eb5728a29e339e2b707211a0bd1c5c9d820beef9","2021_01_10_20_26_24 KT jubilation cris de singes.mp3","\\SyNAS\Records\Audio\Time_Sort\2021","1855737","1.77 MB","2021-01-10T20:26:24+00:00","2021-01-10T19:28:20+00:00"
"rec_c040e7bed5a87b3ec90fad38c32607747422b52c","2021_04_16_16_03_48.mp3","\\SyNAS\Records\Audio\Time_Sort\2021","1961481","1.87 MB","2021-04-16T16:03:48+00:00","2021-04-16T14:05:51+00:00"
"rec_d31f85d15bcdf637c5e5df073f0361e6194e3f12","2020-05-19_20h06m00_Voix 040_sd nope.m4a","\\SyNAS\Records\Audio\Time_Sort\2020","13755766","13.12 MB","2020-05-19T20:06:00+00:00","2020-05-19T18:06:00+00:00"
"rec_20f186a216e442e7be437d8f0ab937e1f0a92743","Audio recording 2020-11-20 23-24-20.aac","\\SyNAS\Records\2020","6578649","6.27 MB","2020-11-20T00:00:00+00:00","2020-11-20T22:27:44+00:00"
"rec_4b26340ce32980f78e1582ed800dffea177f399d","2021_03_06_21_21_29.mp3","\\SyNAS\Records\2021","5161794","4.92 MB","2021-03-06T21:21:29+00:00","2021-03-06T20:26:52+00:00"
"rec_797e7eb28dad76d3a3284f1c2b05daa1c11ab44a","2021_04_18_14_01_30.mp3","\\SyNAS\Records\Audio\Time_Sort\2021","119777912","114.23 MB","2021-04-18T14:01:30+00:00","2021-04-18T14:08:10+00:00"
"rec_ad6b8fd4fe1a02cbd9c9a631c75d7eaf7494d4ca","2022_06_01_12_31_03.mp3","\\SyNAS\Records\2022-Jan-July","28181314","26.88 MB","2022-06-01T12:31:03+00:00","2022-06-01T11:00:25+00:00"
"rec_5743d92899e0f926e55b12d9acb3e0104b8f1392","2021_06_20_07_25_54.mp3","\\SyNAS\Records\2021","589739","575.92 KB","2021-06-20T07:25:54+00:00","2021-06-20T05:26:31+00:00"
"rec_3236d6209d2122a63cacd0da92d8212247a8a973","Audio recording 2020-11-05 20-55-02.aac","\\SyNAS\Records\Audio\Time_Sort\2020","22482492","21.44 MB","2020-11-05T00:00:00+00:00","2020-11-05T20:06:38+00:00"
"rec_d6e67070874dfaf4f869783899f352af7923d84c","2021_02_08_21_41_41 histoire migrants.mp3","\\SyNAS\Records\Audio\Time_Sort\2021","39152325","37.34 MB","2021-02-08T21:41:41+00:00","2021-02-08T21:22:28+00:00"
"rec_518f10600769c0e6017ba048c34d7f9f7d663f5d","Audio recording 2020-08-15 08-56-19.wav","\\SyNAS\Records\2020","177285556","169.07 MB","2020-08-15T00:00:00+00:00","2020-08-15T07:22:52+00:00"
"rec_678c74ba863fad553171c0314d7c19588343f058","Audio recording 2020-09-16 18-16-42.aac","\\SyNAS\Records\2020","30654076","29.23 MB","2020-09-16T00:00:00+00:00","2020-09-16T16:32:32+00:00"
"rec_f036eb47ecd76fe4e94d1496283d35aba6fadcf7","2021_04_17_22_14_17.mp3","\\SyNAS\Records\Audio\Time_Sort\2021","6710751","6.40 MB","2021-04-17T22:14:17+00:00","2021-04-17T20:21:17+00:00"
"rec_34bb1f29c30ef3fd700968408d7640171accd2e9","2020_11_11_14_10_58 tradewell.mp3","\\SyNAS\Records\2020\Tradewell-part2","2722167","2.60 MB","2020-11-11T14:10:58+00:00","2020-11-11T13:13:48+00:00"
"rec_0be8a98bd7eae939131f7cce955660e7c3a6bf73","2021_06_28_23_08_28 prologation.mp3","\\SyNAS\Records\2021","61595897","58.74 MB","2021-06-28T23:08:28+00:00","2021-06-28T22:12:37+00:00"
"rec_f42c7c4ba8ce5721294f3581993a175c69bb4ffc","2021_05_02_20_35_28.mp3","\\SyNAS\Records\2021","23977481","22.87 MB","2021-05-02T20:35:28+00:00","2021-05-02T19:00:27+00:00"
"rec_ee332e42bcf151e7319a876d7b8aaf2307f9ca41","Audio recording 2020-09-21 07-54-23.aac","\\SyNAS\Records\2020","1677355","1.60 MB","2020-09-21T00:00:00+00:00","2020-09-21T05:55:16+00:00"
"rec_ac9c2fa21a19d2b9b30f6abd36c5f7fa35d18b60","Audio recording 2020-07-11 11-20-44.wav","\\SyNAS\Records\Audio\Time_Sort\2020","101634668","96.93 MB","2020-07-11T00:00:00+00:00","2020-07-11T09:30:20+00:00"
"rec_bcb33b79f218d6faca08b025907dee02cd8ef61f","2022-11-25_20h28m35_Voix 101 repas menace jugement Javier.m4a","\\SyNAS\Records\2022-July-Dec","28748230","27.42 MB","2022-11-25T20:28:00+00:00","2022-11-25T19:28:35+00:00"
"rec_6172ef6a24af661cf5ba07c443ee0e04cdcbb250","2021_02_16_16_18_11.mp3","\\SyNAS\Records\2021","66242350","63.17 MB","2021-02-16T16:18:11+00:00","2021-02-16T16:27:11+00:00"
"rec_16ba1ee139fb40bcfa0756d02bab56994d33f6d5","2021_03_22_19_55_44.mp3","\\SyNAS\Records\Audio\Time_Sort\2021","21229738","20.25 MB","2021-03-22T19:55:44+00:00","2021-03-22T19:17:51+00:00"
"rec_2aad1c184e239c5ba2f8c2de8112f1aaea45d289","2021_01_09_17_30_50_KTA_EducationEnglish.mp3","\\SyNAS\Records\2021","92529057","88.24 MB","2021-01-09T17:30:50+00:00","2021-01-09T18:07:14+00:00"
"rec_29c881f39b1432f647e70b67649f2900b29aa474","Audio recording 2020-08-09 20-13-53 anniversaire Valérie.wav","\\SyNAS\Records\Audio\Time_Sort\2020","2670740","2.55 MB","2020-08-09T00:00:00+00:00","2020-08-09T18:14:08+00:00"
"rec_9be0512b710b83d899a9abdb178a79eddd233c57","2020_12_28_21_31_35 folie.mp3","\\SyNAS\Records\Audio\Time_Sort\2020","30258990","28.86 MB","2020-12-28T21:31:35+00:00","2020-12-28T21:03:07+00:00"
"rec_2146cf11e1cf2af135208d28e250caf5b1ad881d","2021_08_28_12_58_35.mp3","\\SyNAS\Records\2021","103005185","98.23 MB","2021-08-28T12:58:35+00:00","2021-08-28T12:45:53+00:00"
"rec_ea6896786e843f7bd7c91f6b7d2635c8f1754dbd","Audio recording 2020-08-04 15-00-09.wav","\\SyNAS\Records\Audio\Time_Sort\2020","102019220","97.29 MB","2020-08-04T00:00:00+00:00","2020-08-04T13:09:48+00:00"
"rec_fbc0bbbb807403f6821385df6dd9b56179af04c5","Audio recording 2020-09-30 21-28-16 elle venut la petite fille haineuse.aac","\\SyNAS\Records\2020","1434169","1.37 MB","2020-09-30T00:00:00+00:00","2020-09-30T19:29:01+00:00"
"rec_c7f5a6c536377645c0209cd34935b5405c7a4198","2019-10-15_23h48m12_Bb.m4a","\\SyNAS\Records\Audio\Time_Sort\2019","94729","92.51 KB","2019-10-15T23:48:00+00:00","2019-10-15T21:48:12+00:00"
"rec_8698d1dc4db09c73b99664ee4ff0d4bf866d2071","2021_01_31_19_31_26 KTA repas du soir.mp3","\\SyNAS\Records\2021","38459349","36.68 MB","2021-01-31T19:31:26+00:00","2021-01-31T19:11:30+00:00"
"rec_473a4dad8369fc075dccd0ce31d4c4ec321764c7","2021_02_01_18_03_39.mp3","\\SyNAS\Records\Audio\Time_Sort\2021","436348","426.12 KB","2021-02-01T18:03:39+00:00","2021-02-01T17:04:06+00:00"
"rec_ffadcc7be2f099148fbb541ac956f96d17e0114b","2022-09-02_09h13m28_Voix 066 ajustement.m4a","\\SyNAS\Records\2022-July-Dec","31881731","30.40 MB","2022-09-02T09:13:00+00:00","2022-09-02T07:13:28+00:00"
"rec_fdaaf6cd02da1b73d60e9679a8219ff3bd5d7bb6","Audio recording 2020-12-05 08-40-16 Halloween confessions.aac","\\SyNAS\Records\Audio\Time_Sort\2020","49417094","47.13 MB","2020-12-05T00:00:00+00:00","2020-12-05T08:05:46+00:00"
"rec_4b71189bbea610709a579fd14650a58574d66a67","2021_03_14_16_31_30.mp3","\\SyNAS\Records\Audio\Time_Sort\2021","21245282","20.26 MB","2021-03-14T16:31:30+00:00","2021-03-14T15:53:38+00:00"
"rec_06462e7e9010f5e48d994013e41242fbb477e175","2021_01_10_18_59_47 but juridique.mp3","\\SyNAS\Records\Audio\Time_Sort\2021","17334856","16.53 MB","2021-01-10T18:59:47+00:00","2021-01-10T18:17:51+00:00"
"rec_d167b382b0755c31adb729338654a52a2684f2bc","2021_03_21_20_55_00 insulte.mp3","\\SyNAS\Records\2021","13293608","12.68 MB","2021-03-21T20:55:00+00:00","2021-03-21T20:08:51+00:00"
"rec_022d32fba6d740d825649700e450165f4fba03f1","2020_09_20_21_05_24.mp3","\\SyNAS\Records\Audio\2020-Unsorted","26304678","25.09 MB","2020-09-20T21:05:24+00:00","2020-09-20T19:32:49+00:00"
"rec_1b95de361c88ff400fe5129229981e532d6be7c7","Audio recording 2020-11-06 17-46-48.aac","\\SyNAS\Records\Audio\Time_Sort\2020","7633287","7.28 MB","2020-11-06T00:00:00+00:00","2020-11-06T16:50:44+00:00"
"rec_a27168d8c8ce134e3a8399e588c4b58732a2ca25","2021_04_17_17_58_02.mp3","\\SyNAS\Records\Audio\Time_Sort\2021","24277158","23.15 MB","2021-04-17T17:58:02+00:00","2021-04-17T16:23:19+00:00"
"rec_094527bfb7af1c9ae3848b2e8d5b9f2cbff725dc","Audio recording 2020-09-05 12-10-34.wav","\\SyNAS\Records\Audio\Time_Sort\2020","33967628","32.39 MB","2020-09-05T00:00:00+00:00","2020-09-05T10:13:47+00:00"
"rec_c8ceb49ba55c88a00c439655a6e9f4d56eb1ed20","2021_01_25_21_36_55.mp3","\\SyNAS\Records\Audio\Time_Sort\2021","17321899","16.52 MB","2021-01-25T21:36:55+00:00","2021-01-25T20:54:58+00:00"
"rec_c67f65e1021fad6879d768286d0bf1c8ba26c088","2020_11_02_21_09_58.mp3","\\SyNAS\Records\2020","29179819","27.83 MB","2020-11-02T21:09:58+00:00","2020-11-02T20:40:21+00:00"
"rec_32ce2e8747ae073753b2d378ff99f2ec1d771188","2019-10-18_21h24m08_Enregistrement_421.wav","\\SyNAS\Records\Audio\Time_Sort\2019","89376099","85.24 MB","2019-10-18T21:24:00+00:00","2019-10-18T19:24:08+00:00"
"rec_e959001d36d28f46a3ee14e517c15f4badf9e415","2021_01_28_17_15_46.mp3","\\SyNAS\Records\Audio\Time_Sort\2021","18607959","17.75 MB","2021-01-28T17:15:46+00:00","2021-01-28T16:35:09+00:00"
"rec_4e2ba9743c532d40b8d5f094e81365cf4994afc1","2020_07_29_22_08_59 al histoire jean de la fontaine .mp3","\\SyNAS\Records\Audio\Time_Sort\2020","31848908","30.37 MB","2020-07-29T22:08:59+00:00","2020-07-29T20:43:48+00:00"
"rec_b5ca65da5eb3304160b53e41fe830094fc0758d0","Audio recording 2020-08-05 21-48-04.wav","\\SyNAS\Records\Audio\Time_Sort\2020","15276284","14.57 MB","2020-08-05T00:00:00+00:00","2020-08-05T19:49:38+00:00"
"rec_163d711a7175571fcb3b5acf096bd3ef0ceefdd8","2022-08-24_19h11m37_Voix 064.m4a","\\SyNAS\Records\2022-July-Dec","8360906","7.97 MB","2022-08-24T19:11:00+00:00","2022-08-24T17:11:37+00:00"
"rec_792f7b40e431f02f7e1442d082161993cd51a122","2021_05_31_21_36_56.mp3","\\SyNAS\Records\2021","4267379","4.07 MB","2021-05-31T21:36:56+00:00","2021-05-31T19:42:28+00:00"
"rec_e251c5f7f58848e66dff5bfa167d3ba5a30ca010","2021_03_11_18_20_54.mp3","\\SyNAS\Records\Audio\Time_Sort\2021","8982359","8.57 MB","2021-03-11T18:20:54+00:00","2021-03-11T17:30:16+00:00"
"rec_bcc1c11fc3227bf73144b0b756b154b9a886c8ee","2020_12_24_19_52_48.mp3","\\SyNAS\Records\Audio\Time_Sort\2020","23088482","22.02 MB","2020-12-24T19:52:48+00:00","2020-12-24T19:16:51+00:00"
"rec_bba037754ec0e5da30161a03301fabb7e70523f4","2022-07-05_19h21m34_Voix 034.m4a","\\SyNAS\Records\2022-July-Dec","13039688","12.44 MB","2022-07-05T19:21:00+00:00","2022-07-05T17:21:34+00:00"
"rec_65758e1d29a9fc158def2fd5695edca281d8029a","Audio recording 2020-07-26 13-18-48.wav","\\SyNAS\Records\2020","155496628","148.29 MB","2020-07-26T00:00:00+00:00","2020-07-26T11:33:30+00:00"
"rec_dc05c5b17e7114353f896bb3eacd3d5cd61d6ae6","2021_01_26_20_14_09.mp3","\\SyNAS\Records\2021","33182614","31.65 MB","2021-01-26T20:14:09+00:00","2021-01-26T19:48:43+00:00"
"rec_d710c2309b8ac0fc89d26ece81237af200ec8385","Audio recording 2020-07-07 20-35-23.wav","\\SyNAS\Records\2020","29483540","28.12 MB","2020-07-07T00:00:00+00:00","2020-07-07T18:38:10+00:00"
"rec_4993ad61f87551fce527cb65ec00712f6e9125f8","2021_07_10_20_53_30.mp3","\\SyNAS\Records\2021","27089605","25.83 MB","2021-07-10T20:53:30+00:00","2021-07-10T19:21:43+00:00"
"rec_da82e8512ec79976bdcc3815639bcdd2e5b9538e","2021_01_29_22_25_34.mp3","\\SyNAS\Records\Audio\Time_Sort\2021","22838960","21.78 MB","2021-01-29T22:25:34+00:00","2021-01-29T21:49:22+00:00"
"rec_db647efd1aca0ab04e4b5c51608c24eaa856a9ae","2023-02-17_17h53m16_Voix 134.m4a","\\SyNAS\Records\2023","25013309","23.85 MB","2023-02-17T17:53:00+00:00","2023-02-17T16:53:16+00:00"
"rec_be6271d8ceecd252f9a1db2245f8637d0000c21d","2020_12_23_16_26_08.mp3","\\SyNAS\Records\Audio\Time_Sort\2020","9551620","9.11 MB","2020-12-23T16:26:08+00:00","2020-12-23T15:36:05+00:00"
"rec_7f294b07a1addf768cf070b3f172c78ac8866c4b","2021_04_10_12_35_59.mp3","\\SyNAS\Records\2021","145352410","138.62 MB","2021-04-10T12:35:59+00:00","2021-04-10T13:07:24+00:00"
"rec_dc88889bd9e52d1109cd992ab8c00010c8166256","2022-11-27_17h27m27_Voix 103 plus calme.m4a","\\SyNAS\Records\2022-July-Dec","32090025","30.60 MB","2022-11-27T17:27:00+00:00","2022-11-27T16:27:27+00:00"
"rec_fd21718a20f385da78548471e7073d9fd2558681","Audio recording 2020-10-07 17-25-54.aac","\\SyNAS\Records\2020","12417662","11.84 MB","2020-10-07T00:00:00+00:00","2020-10-07T15:32:20+00:00"
"rec_031bb2ed98a9078fbaf5bf38933a0dff4adf6478","2019-10-12_01h01m32_Bb.m4a","\\SyNAS\Records\Audio\Time_Sort\2019","94729","92.51 KB","2019-10-12T01:01:00+00:00","2019-10-11T23:01:32+00:00"
"rec_12177b7c63845738bbf60ea1bf929bdc244648e6","2021_01_16_20_54_14.mp3","\\SyNAS\Records\Audio\Time_Sort\2021","1177390","1.12 MB","2021-01-16T20:54:14+00:00","2021-01-16T19:55:27+00:00"
"rec_f298f64791f4439cfb54729a85fb173c991eae6a","2021_04_14_15_57_12 ElternGedpräch.mp3","\\SyNAS\Records\Audio\Time_Sort\2021","71142085","67.85 MB","2021-04-14T15:57:12+00:00","2021-04-14T15:11:20+00:00"
"rec_7207cceb9b743cadd1be371ff47ccf3a4d07ee12","rec_20190816-1627.wav","\\SyNAS\Records\2019","135051884","128.80 MB","","2019-08-16T15:27:30+00:00"
"rec_3bb53f1fd47939408faed0cb511f3835c41f5c8e","2020-03-14_08h24m38_Recording (1)_Papa_Alois.m4a","\\SyNAS\Records\WebStorage\ALO","1403209","1.34 MB","2020-03-14T08:24:00+00:00","2020-04-06T15:42:00+00:00"
"rec_6b9d23d9d68be7f134c396ef01a981ca30418e5b","2020_11_11_14_43_46 kional.mp3","\\SyNAS\Records\2020\Tradewell-part2","77340716","73.76 MB","2020-11-11T14:43:46+00:00","2020-11-11T15:57:22+00:00"
"rec_4648b362c106221241c6eb611a6fd6dbf0fffbf0","2021_07_06_12_42_37.mp3","\\SyNAS\Records\2021","100727","98.37 KB","2021-07-06T12:42:37+00:00","2021-07-06T10:42:45+00:00"
"rec_c263caff0aa70bdeca7b7f7ca2997e7464e6c71e","Audio recording 2020-08-25 21-14-05.wav","\\SyNAS\Records\Audio\Time_Sort\2020","107466452","102.49 MB","2020-08-25T00:00:00+00:00","2020-08-25T19:24:15+00:00"
"rec_80bf26e90ad4a03939309a444c9381f256e07e86","Audio recording 2020-08-29 06-49-17.wav","\\SyNAS\Records\2020","228988412","218.38 MB","2020-08-29T00:00:00+00:00","2020-08-29T05:10:56+00:00"
"rec_ece2b6742a3d437641e5b67661b4bf0c30ddf584","2021_01_20_18_31_13.mp3","\\SyNAS\Records\2021","64517950","61.53 MB","2021-01-20T18:31:13+00:00","2021-01-20T18:45:29+00:00"
"rec_805ba9f3ebeb8ba68ba5b5534104897825dbe865","2021_03_04_14_01_44 meeting.mp3","\\SyNAS\Records\Audio\Time_Sort\2021","103876230","99.06 MB","2021-03-04T14:01:44+00:00","2021-03-04T14:49:56+00:00"
"rec_89c7265d9f92db178773c139fc252e4b21618f0d","2023-02-23_21h18m09_Voix 140.m4a","\\SyNAS\Records\2023","94241645","89.88 MB","2023-02-23T21:18:00+00:00","2023-02-23T20:18:09+00:00"
"rec_68a6332851b9d78595c1e67a2af5727d3c163592","2023-06-14_21h46m26_Voix 158 Steinhausen.m4a","\\SyNAS\Records\2023","12115208","11.55 MB","2023-06-14T21:46:00+00:00","2023-06-14T19:46:26+00:00"
"rec_757cefd817c89e2fe95ca50f422fa2c12a094a75","2023-06-24_13h50m57_Voix 158 dd Aloïs montage siege.m4a","\\SyNAS\Records\2023","143213771","136.58 MB","2023-06-24T13:50:00+00:00","2023-06-24T11:50:57+00:00"
"rec_a86e362e7717683953bae6da8430ff17073de365","2020_09_12_13_54_06.mp3","\\SyNAS\Records\Audio\2020-Unsorted","28040880","26.74 MB","2020-09-12T13:54:06+00:00","2020-09-12T12:23:19+00:00"
"rec_7398da71fea1e7f9b14981ddd8aac4c8684e023b","Audio recording 2020-10-18 21-40-18.aac","\\SyNAS\Records\2020","7766194","7.41 MB","2020-10-18T00:00:00+00:00","2020-10-18T19:44:19+00:00"
"rec_3c671613dc67ac2ce781845ff0c0e0cc63ad5d79","2021_01_01_15_08_59 1er janv.mp3","\\SyNAS\Records\Audio\Time_Sort\2020","15444844","14.73 MB","2021-01-01T15:08:59+00:00","2021-01-01T14:25:05+00:00"
"rec_87570e5d5be7e91f8a6a3c8607422e5cf4fd48fc","2021_01_07_07_43_09 matin.mp3","\\SyNAS\Records\Audio\Time_Sort\2021","30486359","29.07 MB","2021-01-07T07:43:09+00:00","2021-01-07T07:14:54+00:00"
"rec_d56abfc6a3aa8f61b22da8450c7277c2a649810d","2022_05_24_23_19_52 DD confidences.mp3","\\SyNAS\Records\2022-Jan-July","35368541","33.73 MB","2022-05-24T23:19:52+00:00","2022-05-24T21:56:43+00:00"
"rec_a2d120a1074d032f2327288562dd3656ed262ef6","Audio recording 2020-12-03 20-24-48.aac","\\SyNAS\Records\Audio\Time_Sort\2020","2084427","1.99 MB","2020-12-03T00:00:00+00:00","2020-12-03T19:25:52+00:00"
"rec_b983879b80b3cea255d5578bdbf51f673e050c29","2021_03_28_21_22_13.mp3","\\SyNAS\Records\Audio\Time_Sort\2021","6260191","5.97 MB","2021-03-28T21:22:13+00:00","2021-03-28T19:28:45+00:00"
"rec_d2d91e97ceda91a84d47796f4223884efd1f1f77","2021_04_01_12_34_30.mp3","\\SyNAS\Records\Audio\Time_Sort\2021","51815234","49.41 MB","2021-04-01T12:34:30+00:00","2021-04-01T11:28:29+00:00"
"rec_9bcb05eda6e64e21e7c86c09ee54ad38b25fe679","2021_02_16_11_12_59.mp3","\\SyNAS\Records\Audio\Time_Sort\2021","433681553","413.59 MB","2021-02-16T11:12:59+00:00","2021-02-16T17:44:45+00:00"
"rec_ed8cba7ade348ea3b1172967840b281bf064dc5d","2022_06_01_06_18_31.mp3","\\SyNAS\Records\2022-Jan-July","60285177","57.49 MB","2022-06-01T06:18:31+00:00","2022-06-01T05:21:20+00:00"
"rec_07ec39404d525128ff68eb3508f6289b7832789b","2023-01-22_18h44m22_Voix 123 KTa visite sunday.m4a","\\SyNAS\Records\2023","137415738","131.05 MB","2023-01-22T18:44:00+00:00","2023-01-22T17:44:22+00:00"
"rec_e4a14e9aeb2f56da893ffaa29624993d7769f3d0","2021_04_25_14_22_33.mp3","\\SyNAS\Records\Audio\Time_Sort\2021","31103734","29.66 MB","2021-04-25T14:22:33+00:00","2021-04-25T13:06:09+00:00"
"rec_0b39d905b32b8e5eebfc2fb33d9133879b7726f1","null_2020_05_19_12_30_04_in.mp3","\\SyNAS\Records\2020","4447872","4.24 MB","2020-05-19T12:30:04+00:00","2020-05-19T11:07:08+00:00"
"rec_1a7a9f9da58228f7dc46b1997276b1bd1d93f3e1","2023-10-30_19h07m43_Voix 016 violoncelle.m4a","\\SyNAS\Records\2023","31047024","29.61 MB","2023-10-30T19:07:00+00:00","2023-10-30T18:07:43+00:00"
"rec_ec0e1494b08a0851a9aa1857dd58a75874a68929","2021_02_01_18_46_26 retour de courses.mp3","\\SyNAS\Records\2021","3826833","3.65 MB","2021-02-01T18:46:26+00:00","2021-02-01T17:50:26+00:00"
"rec_48d7bd85eac17a0c168062b8db761faefb6b0b2e","2021_07_04_15_37_04.mp3","\\SyNAS\Records\2021","2660727","2.54 MB","2021-07-04T15:37:04+00:00","2021-07-04T13:39:51+00:00"
"rec_942481f2b9205ccf446dd4220dd5a64ffe9a8ffa","2019-10-15_23h48m28_Voix 004_sd.m4a","\\SyNAS\Records\2019","83787","81.82 KB","2019-10-15T23:48:00+00:00","2019-10-15T21:48:28+00:00"
"rec_ee64b80e485d25c7a2d221cae87809757856e78b","2020_12_27_16_55_22.mp3","\\SyNAS\Records\2020","20536841","19.59 MB","2020-12-27T16:55:22+00:00","2020-12-27T16:16:46+00:00"
"rec_9535946145ebd4443b18c672184a351f17695211","2022-06-29_06h36m56_Voix 025 chien.m4a","\\SyNAS\Records\2022-July-Dec","4963413","4.73 MB","2022-06-29T06:36:00+00:00","2022-06-29T04:36:56+00:00"
"rec_038447fecfb696c49a8a0f16b247c41ff2ca360d","Audio recording 2020-09-24 20-50-05.aac","\\SyNAS\Records\2020","67089520","63.98 MB","2020-09-24T00:00:00+00:00","2020-09-24T19:24:43+00:00"
"rec_e995356da0a2d2907fa67462beac75632726c533","2023-02-26_19h29m36_Voix 141 discussion.m4a","\\SyNAS\Records\2023","125447217","119.64 MB","2023-02-26T19:29:00+00:00","2023-02-26T18:29:36+00:00"
"rec_e57f0598678417ef7f0b9fa1687b6bac4c49abcc","Audio recording 2020-06-26 08-03-14.aac","\\SyNAS\Records\2020","10073865","9.61 MB","2020-06-26T00:00:00+00:00","2020-06-26T06:08:26+00:00"
"rec_e092053d0db49198da40af741bef45e8cc150180","2024-02-01_20h02m30_Voix 027 sifflote cinéma thema.m4a","\\SyNAS\Records\2024","869233","848.86 KB","2024-02-01T20:02:00+00:00","2024-02-01T19:02:30+00:00"
"rec_cad9cdb4616a8ae0ddc87ec456429a6c29aac18c","Audio recording 2020-08-04 22-14-04.wav","\\SyNAS\Records\2020","259971308","247.93 MB","2020-08-04T00:00:00+00:00","2020-08-04T20:38:38+00:00"
"rec_708a14c5c3132bbc13f01ddd15d444a28431990a","2021_03_22_19_11_46.mp3","\\SyNAS\Records\Audio\Time_Sort\2021","39624201","37.79 MB","2021-03-22T19:11:46+00:00","2021-03-22T18:53:02+00:00"
"rec_b69de12861ba7f6c2be17d51f8b72a23e2739552","2020_12_08_21_03_41.mp3","\\SyNAS\Records\Audio\Time_Sort\2020","18578284","17.72 MB","2020-12-08T21:03:41+00:00","2020-12-08T20:23:02+00:00"
"rec_0449388b7ec49870c0c237dba8f0f9597a2a37b9","2020_08_24_14_18_15.mp3","\\SyNAS\Records\Audio\Time_Sort\2020","95086967","90.68 MB","2020-08-24T14:18:15+00:00","2020-08-24T13:57:19+00:00"
"rec_b26565d51a6121786dbf2929cc7cfb13e058efbf","2021_01_28_09_17_39.mp3","\\SyNAS\Records\2021","3316087","3.16 MB","2021-01-28T09:17:39+00:00","2021-01-28T08:21:07+00:00"
"rec_855864ec80c5b0aa1ca13d700ce0fed2be391f51","2021_03_22_17_08_30.mp3","\\SyNAS\Records\2021","54938643","52.39 MB","2021-03-22T17:08:30+00:00","2021-03-22T17:05:44+00:00"
"rec_4e79c9d2e1f832f4ef8c91f6ad7c4735c1e6e5a5","2022-12-26_00h46m55_Voix 111  DD reprend sa pochette.m4a","\\SyNAS\Records\2023","6286741","6.00 MB","2022-12-26T00:46:00+00:00","2022-12-25T23:46:55+00:00"
"rec_ed4bb4cb80be61205c8d35edf7b00604327e3149","2021_03_31_12_05_34 lunch.mp3","\\SyNAS\Records\2021","71332674","68.03 MB","2021-03-31T12:05:34+00:00","2021-03-31T11:19:52+00:00"
"rec_26cc5ee91ff4efd6773c4555c1a36c6dbbe3a243","2020_09_09_16_56_52.mp3","\\SyNAS\Records\Audio\2020-Unsorted","83380766","79.52 MB","2020-09-09T16:56:52+00:00","2020-09-09T16:23:44+00:00"
"rec_0ad4053cbd23a368e9f0e94bd1aae6480ae7d070","2021_04_19_22_45_58.mp3","\\SyNAS\Records\Audio\Time_Sort\2021","8834575","8.43 MB","2021-04-19T22:45:58+00:00","2021-04-19T20:58:09+00:00"
"rec_85fe4177fe0b774dfeee5a57bb5b2234fd8ea277","2021_01_25_07_15_54.mp3","\\SyNAS\Records\2021","16375639","15.62 MB","2021-01-25T07:15:54+00:00","2021-01-25T06:32:58+00:00"
"rec_9e826de75d0e3398d3102e5030e0500163829ee2","2021_01_26_19_17_01 taré.mp3","\\SyNAS\Records\2021","1052838","1.00 MB","2021-01-26T19:17:01+00:00","2021-01-26T18:18:07+00:00"
"rec_a56e38c775b298cfb978b2aa60335dc822bf9349","2021_03_02_08_02_36.mp3","\\SyNAS\Records\2021","64690885","61.69 MB","2021-03-02T08:02:36+00:00","2021-03-02T08:09:59+00:00"
"rec_be7e1c6402c3db0bf6b6d87cf623f5163845d027","Audio recording 2020-11-23 21-09-29.aac","\\SyNAS\Records\2020","41965556","40.02 MB","2020-11-23T00:00:00+00:00","2020-11-23T20:31:08+00:00"
"rec_8d5d661cd83d404be6416b75153d2328baa6a081","2021_02_01_16_58_18.mp3","\\SyNAS\Records\2021","30498487","29.09 MB","2021-02-01T16:58:18+00:00","2021-02-01T16:31:01+00:00"
"rec_a4562696b03a877dceeffe2328e992bff617f410","Audio recording 2020-11-15 17-27-18.aac","\\SyNAS\Records\Audio\Time_Sort\2020","44265893","42.22 MB","2020-11-15T00:00:00+00:00","2020-11-15T16:50:08+00:00"
"rec_55fdc524d9e422c92a634cefd2331998a71d9643","2021_03_26_20_34_45.mp3","\\SyNAS\Records\2021","3042323","2.90 MB","2021-03-26T20:34:45+00:00","2021-03-26T19:37:55+00:00"
"rec_e9f2aff182aae2f45e77c780804cc9e27817344c","2020_12_21_13_51_34 excuse dire merci.mp3","\\SyNAS\Records\Audio\Time_Sort\2020","3419323","3.26 MB","2020-12-21T13:51:34+00:00","2020-12-21T12:55:08+00:00"
"rec_81052aac06b5382e140579fdb48cc8fe3be12066","2021_03_05_22_31_06.mp3","\\SyNAS\Records\2021","17334438","16.53 MB","2021-03-05T22:31:06+00:00","2021-03-05T21:49:10+00:00"
"rec_79d139f17f9ead83b9f223eba811e989783e7e85","2022-07-14_20h35m47_Voix 040_Reflexion_AbandonChien.m4a","\\SyNAS\Records\2022-July-Dec","60703964","57.89 MB","2022-07-14T20:35:00+00:00","2022-07-14T18:35:47+00:00"
"rec_3eb42a8ff0ec0d933978b281f574122624cdbb97","Audio recording 2020-12-01 12-18-36.aac","\\SyNAS\Records\Audio\Time_Sort\2020","77928325","74.32 MB","2020-12-01T00:00:00+00:00","2020-12-01T11:58:48+00:00"
"rec_c148332e662b6bdfec682d0483dacf77053cd73c","Audio recording 2020-11-24 12-32-21 provocation.aac","\\SyNAS\Records\Audio\Time_Sort\2020","62806900","59.90 MB","2020-11-24T00:00:00+00:00","2020-11-24T12:04:46+00:00"
"rec_dec7fe5604bba318a05fd5e245a114267c3368ce","2020_09_02_07_10_51 matin.mp3","\\SyNAS\Records\Audio\Time_Sort\2020","133846830","127.65 MB","2020-09-02T07:10:51+00:00","2020-09-02T07:30:16+00:00"
"rec_d446d9461e0b3b46ec5d0270ca97da058709f4ee","2020_12_21_13_51_34 excuse dire merci.mp3","\\SyNAS\Records\2020","3419323","3.26 MB","2020-12-21T13:51:34+00:00","2020-12-21T12:55:08+00:00"
"rec_6de2a5f504b947d422646072ca38ef75f986ddbf","2022-07-03_10h00m05_Voix 031 horrible déchéance.m4a","\\SyNAS\Records\2022-July-Dec","2330043","2.22 MB","2022-07-03T10:00:00+00:00","2022-07-03T08:00:05+00:00"
"rec_5f91a8dff499ddd5e3be3e848f43fc152b9c2869","2021_04_15_18_57_11.mp3","\\SyNAS\Records\Audio\Time_Sort\2021","31232834","29.79 MB","2021-04-15T18:57:11+00:00","2021-04-15T17:29:43+00:00"
"rec_95f3351b8c5bad0a59b6ed4ebc09bfebbc344646","Audio recording 2020-06-27 13-36-31.aac","\\SyNAS\Records\2020","11711954","11.17 MB","2020-06-27T00:00:00+00:00","2020-06-27T11:42:34+00:00"
"rec_61f806c6cfc96ea57daac1635a826943852997bc","2021_01_11_19_31_16 TA fifa 21.mp3","\\SyNAS\Records\Audio\Time_Sort\2021","6056227","5.78 MB","2021-01-11T19:31:16+00:00","2021-01-11T18:37:34+00:00"
"rec_e96830a2da34be71f906f1674f0f8ed18d6f57ed","Audio recording 2020-11-12 12-39-39.aac","\\SyNAS\Records\2020","30492164","29.08 MB","2020-11-12T00:00:00+00:00","2020-11-12T11:55:22+00:00"
"rec_958c8f0b34c4fe44fe0ed2eeb4235835f6a8ea73","2021_03_23_17_49_55.mp3","\\SyNAS\Records\2021","32716590","31.20 MB","2021-03-23T17:49:55+00:00","2021-03-23T17:24:00+00:00"
"rec_452ecd7264b8d827b4afe08951dde47b85cb96f0","2021_03_04_21_43_52.mp3","\\SyNAS\Records\2021","1421896","1.36 MB","2021-03-04T21:43:52+00:00","2021-03-04T20:45:21+00:00"
"rec_d182f7faec440f1212ca877f302985c532dfdf44","2021_01_11_13_18_33.mp3","\\SyNAS\Records\Audio\Time_Sort\2021","16982964","16.20 MB","2021-01-11T13:18:33+00:00","2021-01-11T12:36:35+00:00"
"rec_b7f2d3ca124d7ffd8ceae008c29992057221daa3","2021_03_11_19_16_11.mp3","\\SyNAS\Records\2021","40416652","38.54 MB","2021-03-11T19:16:11+00:00","2021-03-11T18:58:17+00:00"
"rec_70e987dcdd53694ba74b0cb5959f969410742d17","2021_02_26_20_14_39 kat provoke.mp3","\\SyNAS\Records\2021","1170284","1.12 MB","2021-02-26T20:14:39+00:00","2021-02-26T19:15:52+00:00"
"rec_2c61cb2ebe591ade57305db72e367116de3d1b67","2020_12_29_11_43_44 brunch.mp3","\\SyNAS\Records\2020","19970506","19.05 MB","2020-12-29T11:43:44+00:00","2020-12-29T11:04:32+00:00"
"rec_11ce05516f803abcd65210653b278189164c6099","2021_01_24_20_53_25 lecture.mp3","\\SyNAS\Records\2021","19613151","18.70 MB","2021-01-24T20:53:25+00:00","2021-01-24T20:13:51+00:00"
"rec_6870a68920897bf09aaa88bcb0668aededb52aea","2021_03_17_19_25_45 repas movementé.mp3","\\SyNAS\Records\Audio\Time_Sort\2021","68580793","65.40 MB","2021-03-17T19:25:45+00:00","2021-03-17T19:37:12+00:00"
"rec_bcf8bd6c3990fed83da89197bb36ebe135bd1dd0","2021_07_11_21_24_33 foot.mp3","\\SyNAS\Records\2021","167188270","159.44 MB","2021-07-11T21:24:33+00:00","2021-07-11T22:18:43+00:00"
"rec_299220017bd7eed33aeddc6cd63ceb543aca6b7e","Audio recording 2020-12-07 21-45-14 lecture par Aloïs.aac","\\SyNAS\Records\2020","57404275","54.74 MB","2020-12-07T00:00:00+00:00","2020-12-07T21:14:52+00:00"
"rec_71eefb9fcc3f2e086ec54da26231bfe098c8d9ba","2020_11_25_21_24_09 zorro.mp3","\\SyNAS\Records\Audio\2020-Unsorted","14259930","13.60 MB","2020-11-25T21:24:09+00:00","2020-11-25T20:39:00+00:00"
"rec_924dc11ef381ae7b8e4cf6a1a2101fe0d96f6ab0","2021_06_09_20_37_08 histoire - la plus belle robe du monde.mp3","\\SyNAS\Records\2021","5252422","5.01 MB","2021-06-09T20:37:08+00:00","2021-06-09T18:43:16+00:00"
"rec_3a180d8499b9759d27f554b8a910832abdbde9c8","Audio recording 2020-12-12 23-53-55.aac","\\SyNAS\Records\2020","7443411","7.10 MB","2020-12-12T00:00:00+00:00","2020-12-12T22:57:46+00:00"
"rec_7f1668d58de314ae826136dda8bc1f088c350f29","2020_08_27_18_59_39.mp3","\\SyNAS\Records\Audio\Time_Sort\2020","33017","32.24 KB","2020-08-27T18:59:39+00:00","2020-08-27T16:59:41+00:00"
"rec_36bc7e7dfed2e50bf54d6f4e8f0d5eb4b5aef468","2021_03_15_19_42_28.mp3","\\SyNAS\Records\2021","213883923","203.98 MB","2021-03-15T19:42:28+00:00","2021-03-15T22:25:16+00:00"
"rec_cec470bc76c234f54b28bc6720a178004b4279a9","Audio recording 2020-06-19 23-11-02.aac","\\SyNAS\Records\Audio\Time_Sort\2020","54410865","51.89 MB","2020-06-19T00:00:00+00:00","2020-06-19T21:39:06+00:00"
"rec_507e43399360258e886465f52e22db7917e7b6f9","Audio recording 2020-11-24 20-02-39.aac","\\SyNAS\Records\2020","44643916","42.58 MB","2020-11-24T00:00:00+00:00","2020-11-24T19:25:42+00:00"
"rec_5ed18df63007489b0d0155fb4bc36b3bc85dad16","2021_02_27_17_26_49.mp3","\\SyNAS\Records\2021","1836511","1.75 MB","2021-02-27T17:26:49+00:00","2021-02-27T16:28:44+00:00"
"rec_9ff9ef42ec5df34445ea98f62ebf09b95403d76d","Audio recording 2020-06-19 22-44-26.aac","\\SyNAS\Records\2020","32554749","31.05 MB","2020-06-19T00:00:00+00:00","2020-06-19T21:10:58+00:00"
"rec_bdd4890a2367c7b88defb02d376dd50f8d61062b","2020_12_22_12_53_55 liste de noel.mp3","\\SyNAS\Records\Audio\Time_Sort\2020","30873390","29.44 MB","2020-12-22T12:53:55+00:00","2020-12-22T12:26:04+00:00"
"rec_ec6dc42663b7b68936feef45b9a5f6481cedc63b","2022_05_08_21_44_30.mp3","\\SyNAS\Records\2022-Jan-July","15195741","14.49 MB","2022-05-08T21:44:30+00:00","2022-05-08T20:00:20+00:00"
"rec_683584ebaedc9383147e85dda4a1da26660b61c2","2023-12-06_10h38m03_Voix 016 dd breakfast.m4a","\\SyNAS\Records\2023","118221148","112.74 MB","2023-12-06T10:38:00+00:00","2023-12-06T09:38:03+00:00"
"rec_0d9d18d50b5c7f09ac8055ed9c563506fed528bb","2021_02_24_00_11_06 depense.mp3","\\SyNAS\Records\Audio\Time_Sort\2021","1325765","1.26 MB","2021-02-24T00:11:06+00:00","2021-02-23T23:12:29+00:00"
"rec_f2b6460d4db523b143800a659cde13078974ae2d","2021_03_08_21_06_43.mp3","\\SyNAS\Records\Audio\Time_Sort\2021","50990","49.79 KB","2021-03-08T21:06:43+00:00","2021-03-08T20:06:46+00:00"
"rec_2543552d0fad2d1535dc042d355bec8a50151ac8","2021_04_16_16_06_22.mp3","\\SyNAS\Records\Audio\Time_Sort\2021","326007","318.37 KB","2021-04-16T16:06:22+00:00","2021-04-16T14:06:43+00:00"
"rec_90bc62eb80df58fe829d22f2890dc1a444bfbcea","2024-05-08_12h50m12_Voix 001 refus assurance maladie.m4a","\\SyNAS\Records\2024","6177400","5.89 MB","2024-05-08T12:50:00+00:00","2024-05-08T10:50:12+00:00"
"rec_c586b1eaad4374ac34274e93046910654842d0f6","2020-05-10_21h08m10_Voix 020_sd.m4a","\\SyNAS\Records\2020","27742644","26.46 MB","2020-05-10T21:08:00+00:00","2020-05-10T19:08:10+00:00"
"rec_53e1ddbcd3125b6a20c28d0d1c86214059cc7d8e","2021_04_06_22_33_33.mp3","\\SyNAS\Records\2021","192746056","183.82 MB","2021-04-06T22:33:33+00:00","2021-04-06T23:54:20+00:00"
"rec_413a2a03d7fb01e884eac72e9abfe7abbae78346","2021_01_07_07_57_07.mp3","\\SyNAS\Records\2021","278357","271.83 KB","2021-01-07T07:57:07+00:00","2021-01-07T06:57:43+00:00"
"rec_9a26a51a432303da4dc0a79a3aa840d7ebcbcca6","2023-08-03_20h40m21_Voix 009 dd we will go.m4a","\\SyNAS\Records\2023","2991575","2.85 MB","2023-08-03T20:40:00+00:00","2023-08-03T18:40:21+00:00"
"rec_d671d79a326dc427fcca3336fc581e780f0e3cda","2022-06-26_21h53m11_Voix 022 patience.m4a","\\SyNAS\Records\2022-July-Dec","76130866","72.60 MB","2022-06-26T21:53:00+00:00","2022-06-26T19:53:11+00:00"
"rec_23b2b66edf57f5e00abcaae4cff13743f65b99ea","2020_11_24_22_14_02.mp3","\\SyNAS\Records\Audio\Time_Sort\2020","256064782","244.20 MB","2020-11-24T22:14:02+00:00","2020-11-25T01:40:46+00:00"
"rec_40f2be76058cfe2095ec0fd509314d2433701b17","2021_04_07_17_45_47.mp3","\\SyNAS\Records\2021","6706572","6.40 MB","2021-04-07T17:45:47+00:00","2021-04-07T15:52:47+00:00"
"rec_3213a676928a198aea832773f1db373bb4495e11","2021_01_27_19_38_39.mp3","\\SyNAS\Records\Audio\Time_Sort\2021","322663","315.10 KB","2021-01-27T19:38:39+00:00","2021-01-27T18:39:00+00:00"
"rec_8d7ab6c85eca7567982c66a6fbb04ce94dfa6f5d","2021_06_13_20_18_34.mp3","\\SyNAS\Records\2021","64898193","61.89 MB","2021-06-13T20:18:34+00:00","2021-06-13T19:26:11+00:00"
"rec_f99f6772ea5a1d35f6410c98fb6e8747c8a6bd3f","2021_04_02_19_44_17.mp3","\\SyNAS\Records\2021","85016658","81.08 MB","2021-04-02T19:44:17+00:00","2021-04-02T19:12:50+00:00"
"rec_b6825c666e637db5b64077b5986da4c8047e9976","2020_12_25_08_21_08 noel by Alois.mp3","\\SyNAS\Records\Audio\Time_Sort\2020","223634911","213.27 MB","2020-12-25T08:21:08+00:00","2020-12-25T11:14:06+00:00"
"rec_a78c9773eb67e18e0279139acac0c32a3bd710f2","2021_03_10_20_30_58 histoire.mp3","\\SyNAS\Records\2021","54825794","52.29 MB","2021-03-10T20:30:58+00:00","2021-03-10T20:28:06+00:00"
"rec_dfff5c62e825ff50049895f979fe876af1eb7b40","Audio recording 2020-08-27 07-14-39.wav","\\SyNAS\Records\2020","162242180","154.73 MB","2020-08-27T00:00:00+00:00","2020-08-27T05:30:05+00:00"
"rec_58f2e007fe93115b55103052b60232d2e33a77d2","2021_01_01_15_08_59 1er janv.mp3","\\SyNAS\Records\2020","15444844","14.73 MB","2021-01-01T15:08:59+00:00","2021-01-01T14:25:05+00:00"
"rec_760d0205e49d77468d6106a53b77eab732f3b156","2021_04_18_19_37_19.mp3","\\SyNAS\Records\2021","28376083","27.06 MB","2021-04-18T19:37:19+00:00","2021-04-18T18:06:53+00:00"
"rec_f4b91586cd2db17e5128b738ffdc4b514db5a774","2020_12_27_15_05_40 gateau.mp3","\\SyNAS\Records\2020","39668923","37.83 MB","2020-12-27T15:05:40+00:00","2020-12-27T14:47:00+00:00"
"rec_a0682fb61a83ae60b76bd1bb8fc4f36d6b71c20c","2021_05_25_15_22_01.mp3","\\SyNAS\Records\2021","249149116","237.61 MB","2021-05-25T15:22:01+00:00","2021-05-25T17:41:36+00:00"
"rec_226a039a2b8f33f09e9b60c6215c108a586fcdef","2020_12_20_17_34_58.mp3","\\SyNAS\Records\Audio\Time_Sort\2020","578872","565.30 KB","2020-12-20T17:34:58+00:00","2020-12-20T16:35:35+00:00"
"rec_6b9072eae617425ead8459b9c559d7ec2f32d994","2021_01_13_12_55_16 TA pourquoi on travaille.mp3","\\SyNAS\Records\2021","3536351","3.37 MB","2021-01-13T12:55:16+00:00","2021-01-13T11:58:57+00:00"
"rec_50ec12f2127adb7f629464b6a606a5602ad02fe0","Audio recording 2020-11-07 14-38-52.aac","\\SyNAS\Records\Audio\Time_Sort\2020","160206045","152.78 MB","2020-11-07T00:00:00+00:00","2020-11-07T15:01:44+00:00"
"rec_c566ea598eb461c6c5796dc00d53a77538aaf66d","2022-10-08_15h34m42_Voix 086 catajou est rentrée samedi midi.m4a","\\SyNAS\Records\2022-July-Dec","74882952","71.41 MB","2022-10-08T15:34:00+00:00","2022-10-08T13:34:42+00:00"
"rec_c83fae843d22f87a9cb1cea2f28b16654090d2ac","2023-05-06_14h56m39_Voix 153.m4a","\\SyNAS\Records\2023","99821001","95.20 MB","2023-05-06T14:56:00+00:00","2023-05-06T12:56:39+00:00"
"rec_b8d87c737447c4b65f0ef64552f101e57b3eac46","2020_08_06_22_29_38.mp3","\\SyNAS\Records\Audio\Time_Sort\2020","490376882","467.66 MB","2020-08-06T22:29:38+00:00","2020-08-07T05:00:27+00:00"
"rec_865bd111cd49f769816c380f8042628f09b81a96","2021_03_06_21_58_25.mp3","\\SyNAS\Records\Audio\Time_Sort\2021","44902608","42.82 MB","2021-03-06T21:58:25+00:00","2021-03-06T21:45:11+00:00"
"rec_43dee390d1424bfc57877670b5e84813354a69c5","2020-04-02_14h29m18_Recording (20)_Dinda.m4a","\\SyNAS\Records\Rec\DD","51490609","49.11 MB","2020-04-02T14:29:00+00:00","2020-04-05T23:24:07+00:00"
"rec_d2fb605de6b37b2e98a8c41579855f27076c63a8","2020_09_04_18_02_55.mp3","\\SyNAS\Records\Audio\Time_Sort\2020","23256083","22.18 MB","2020-09-04T18:02:55+00:00","2020-09-04T16:27:08+00:00"
"rec_1b2e6875cd7b4c0a6cee19f22df613796d4e3651","2021_04_07_17_53_49.mp3","\\SyNAS\Records\Audio\Time_Sort\2021","35166666","33.54 MB","2021-04-07T17:53:49+00:00","2021-04-07T16:30:27+00:00"
"rec_7bafe13205a66e5609075cc3940dcc1ac8c73da2","Audio recording 2020-11-05 19-56-50.aac","\\SyNAS\Records\Audio\Time_Sort\2020","2003430","1.91 MB","2020-11-05T00:00:00+00:00","2020-11-05T18:57:52+00:00"
"rec_65c85502d1861303b379f020967a95310f025240","2022-06-18 23h InterruptionFilmMenaces.mp3","\\SyNAS\Records\temps","864951","844.68 KB","2022-06-18T00:00:00+00:00","2022-12-20T22:50:03+00:00"
"rec_7a9245099179f6e59002a215df955bb862bfc515","2024-04-16_17h54m12_Voix 028 dog.m4a","\\SyNAS\Records\2024","17341862","16.54 MB","2024-04-16T17:54:00+00:00","2024-04-16T15:54:12+00:00"
"rec_a1a77ce8a4798b64b3bdbcabe82ab40bcdc179e9","2024-02-01_19h56m30_Voix 027 chansons thème cinéma.m4a","\\SyNAS\Records\2024","633214","618.37 KB","2024-02-01T19:56:00+00:00","2024-02-01T18:56:30+00:00"
"rec_d7db9a39ddad377ccc396ed563b438ce28404933","20220604_080622.m4a","\\SyNAS\Records\2022-Jan-July","31837914","30.36 MB","","2022-06-04T06:34:43+00:00"
"rec_3065ce300b5f0a2497d62afbcbf92c0796ef0a96","2021_01_10_17_23_20 KTA Alois dit t'es folle.mp3","\\SyNAS\Records\2021","83895274","80.01 MB","2021-01-10T17:23:20+00:00","2021-01-10T17:50:47+00:00"
"rec_066918219df6382f2889f387a438beb761a394ee","2020-05-16_11h23m44_Voix 032_sd dd love.m4a","\\SyNAS\Records\Audio\Time_Sort\2020","61809823","58.95 MB","2020-05-16T11:23:00+00:00","2020-05-16T09:23:44+00:00"
"rec_40e55476370b4601c7f66331e2d8ea5654bce4d9","Audio recording 2020-12-15 11-57-42 violent coup de poing dans l'oreille.aac","\\SyNAS\Records\Audio\Time_Sort\2020","21877242","20.86 MB","2020-12-15T00:00:00+00:00","2020-12-15T11:09:12+00:00"
"rec_8546c19fe111dee486cc9f3f47709b7489480c61","2021_03_30_12_54_09.mp3","\\SyNAS\Records\2021","1236740","1.18 MB","2021-03-30T12:54:09+00:00","2021-03-30T10:55:26+00:00"
"rec_883213a50c4029e77fc1e2899bc50927c85b0846","2021_05_08_00_15_07.mp3","\\SyNAS\Records\2021","33142490","31.61 MB","2021-05-08T00:15:07+00:00","2021-05-07T22:49:39+00:00"
"rec_dd495e10c3cb1818dff93cdcc316ae4aec86b2d8","2023-08-05_16h25m00_Voix 009 chez maeva.m4a","\\SyNAS\Records\2023","119698621","114.15 MB","2023-08-05T16:25:00+00:00","2023-08-05T14:25:00+00:00"
"rec_cd46f7a1d64ed77dcc2719a3e4c6eae8197dd9f1","Audio recording 2020-07-01 10-00-22.aac","\\SyNAS\Records\2020","48847","47.70 KB","2020-07-01T00:00:00+00:00","2020-07-01T08:00:24+00:00"
"rec_24223fa63f8f14095b501729ae0154747ec912cd","2020-04-01_16h29m05_Recording (18)_Dinda.m4a","\\SyNAS\Records\Rec\DD","39058944","37.25 MB","2020-04-01T16:29:00+00:00","2020-04-05T23:24:09+00:00"
"rec_f636978c46ff346ab5b9c0dc31cd7fe36e984ddb","2021_02_25_20_51_31.mp3","\\SyNAS\Records\Audio\Time_Sort\2021","13717001","13.08 MB","2021-02-25T20:51:31+00:00","2021-02-25T20:05:48+00:00"
"rec_844076041399cd55ae3545f0c519abbefa46cc21","2021_04_16_08_03_35.mp3","\\SyNAS\Records\2021","68709981","65.53 MB","2021-04-16T08:03:35+00:00","2021-04-16T07:15:09+00:00"
"rec_d92ba0faa8e3273aa84dc93fccac4e64e8256c13","2021_04_19_19_23_31 homework delirium.mp3","\\SyNAS\Records\Audio\Time_Sort\2021","37929377","36.17 MB","2021-04-19T19:23:31+00:00","2021-04-19T18:03:02+00:00"
"rec_d4a1f2d1f9e47436e99850236f24092501d83a2b","2021_01_14_13_31_24 voyage en voiture.mp3","\\SyNAS\Records\Audio\Time_Sort\2021","17762846","16.94 MB","2021-01-14T13:31:24+00:00","2021-01-14T12:49:54+00:00"
"rec_ef9f8bda86eb6b5b16f75839a01df6008912eb38","2023-07-23_21h24m58_Voix 006 dd wild.m4a","\\SyNAS\Records\2023","62837173","59.93 MB","2023-07-23T21:24:00+00:00","2023-07-23T19:24:58+00:00"
"rec_ccd23ba0021c3ccba7ea7515c6c4f84b56695afc","2021_04_17_22_14_17.mp3","\\SyNAS\Records\2021","6710751","6.40 MB","2021-04-17T22:14:17+00:00","2021-04-17T20:21:17+00:00"
"rec_6d26bdadb8af402610a079506baaf5ad4a4f0633","2021_03_10_17_56_40 retour de sortie et bain.mp3","\\SyNAS\Records\Audio\Time_Sort\2021","16700394","15.93 MB","2021-03-10T17:56:40+00:00","2021-03-10T17:14:04+00:00"
"rec_3ae23b08ecc5ad76ee54066661fda4640bf08992","Audio recording 2020-08-02 01-11-04 alois dort car.wav","\\SyNAS\Records\2020","6413948","6.12 MB","2020-08-02T00:00:00+00:00","2020-08-01T23:11:40+00:00"
"rec_7c46ce3372f866933239d4c6730258beccf359dc","Audio recording 2020-05-18 12-34-26.wav","\\SyNAS\Records\2020","17770580","16.95 MB","2020-05-18T00:00:00+00:00","2020-05-18T10:36:07+00:00"
"rec_db44945fdf6c1bbb6259fd12a71b722d4d6c5d0a","2023-01-17_17h46m07_Voix 123 TA course avec Aloïs.m4a","\\SyNAS\Records\2023","89675605","85.52 MB","2023-01-17T17:46:00+00:00","2023-01-17T16:46:07+00:00"
"rec_edb3831e6abab1e15d431e9239ff72fcd06e6f87","2021_03_11_12_00_39.mp3","\\SyNAS\Records\Audio\Time_Sort\2021","120007291","114.45 MB","2021-03-11T12:00:39+00:00","2021-03-11T13:05:41+00:00"
"rec_3c84fca0909b4ac65b8d37ea2810cb33e13c30b7","2023-04-09_19h31m02_Voix 147 outside.m4a","\\SyNAS\Records\2023","55073638","52.52 MB","2023-04-09T19:31:00+00:00","2023-04-09T17:31:02+00:00"
"rec_834fb893bcc576888c1dadf2a13061b3aeed1a72","2024-04-30_19h39m52_Voix 001 Aloïs premier jour looping.m4a","\\SyNAS\Records\2024-notag","57481243","54.82 MB","2024-04-30T19:39:00+00:00","2024-04-30T17:39:52+00:00"
"rec_a97f33117cb3cc824ef3d6c72719f9dafcd23537","2020_12_29_11_30_58.mp3","\\SyNAS\Records\2020","12195212","11.63 MB","2020-12-29T11:30:58+00:00","2020-12-29T10:43:41+00:00"
"rec_239d43f01256504810eb32dad549c6444142424a","2021_03_05_13_33_05.mp3","\\SyNAS\Records\2021","46935143","44.76 MB","2021-03-05T13:33:05+00:00","2021-03-05T13:21:59+00:00"
"rec_e19b194fac9e55ed13a655a9d1156b6c882889ff","2022-10-01_20h30m31_Voix 080.m4a","\\SyNAS\Records\2022-July-Dec","18371800","17.52 MB","2022-10-01T20:30:00+00:00","2022-10-01T18:30:31+00:00"
"rec_74e6b5acc3324147b58f96fa26e5b7507101575d","2020_12_31_12_34_04.mp3","\\SyNAS\Records\Audio\Time_Sort\2020","6983261","6.66 MB","2020-12-31T12:34:04+00:00","2020-12-31T11:41:21+00:00"
"rec_b9ce1ca4c40703ba1360765f6625a797b8ff3a7e","Audio recording 2020-10-06 19-26-50.aac","\\SyNAS\Records\2020","2621428","2.50 MB","2020-10-06T00:00:00+00:00","2020-10-06T17:28:12+00:00"
"rec_3fbef2ef4d766070eee92b641d023fa20c4f9d1f","2022-08-03_00h50m10_2022-07-28 KT accusations d effacement de données.m4a","\\SyNAS\Records\2022-July-Dec","6745888","6.43 MB","2022-08-03T00:50:00+00:00","2022-08-02T22:50:10+00:00"
"rec_a0e886e1eaeb751642d20c3382ca2df3ba46c548","2022-09-11_08h42m20_Voix 070.m4a","\\SyNAS\Records\2022-July-Dec","7276636","6.94 MB","2022-09-11T08:42:00+00:00","2022-09-11T06:42:20+00:00"
"rec_b0a38ecd0c653af617d0ad4757a108bfc8ce6e10","2021_06_22_12_10_55 histoire Alois les goutes de sang dans la riviere.mp3","\\SyNAS\Records\2021","5642032","5.38 MB","2021-06-22T12:10:55+00:00","2021-06-22T10:16:47+00:00"
"rec_89acb6f6b2a906273142ee2cf54e511c015548b6","Audio recording 2020-11-12 12-39-39.aac","\\SyNAS\Records\Audio\Time_Sort\2020","30492164","29.08 MB","2020-11-12T00:00:00+00:00","2020-11-12T11:55:22+00:00"
"rec_c1e295730e534713ad91a7c22792b80196da2bd8","2022-06-24_19h19m48_Voix 016 tâches à faire.m4a","\\SyNAS\Records\2022-July-Dec","6238718","5.95 MB","2022-06-24T19:19:00+00:00","2022-06-24T17:19:48+00:00"
"rec_894f896c9b9d042fe5ca28b5fcfdc3a40b48ce47","2022-08-11_00h01m57_Voix 056 sa version.m4a","\\SyNAS\Records\2022-July-Dec","92708816","88.41 MB","2022-08-11T00:01:00+00:00","2022-08-10T22:01:57+00:00"
"rec_71212855054924f1c02b47d8d85eb082a5141ad2","2024-04-26_09h58m46_Voix 028 morning.m4a","\\SyNAS\Records\2024","113634770","108.37 MB","2024-04-26T09:58:00+00:00","2024-04-26T07:58:46+00:00"
"rec_bda73eac000c15305217dc5d173aaf149d4d2ddc","Audio recording 2020-07-05 22-11-54 rose blanche et rose rouge.wav","\\SyNAS\Records\Audio\Time_Sort\2020","242094932","230.88 MB","2020-07-05T00:00:00+00:00","2020-07-05T20:34:46+00:00"
"rec_522f11ce119a13335eb0586410176931fe239da3","2021_09_04_20_09_57.mp3","\\SyNAS\Records\2021","1200377","1.14 MB","2021-09-04T20:09:57+00:00","2021-09-04T18:11:12+00:00"
"rec_04509710a4f64ee377c613450d86d4c574c8fdd8","2021_07_14_21_33_44.mp3","\\SyNAS\Records\2021","28998843","27.66 MB","2021-07-14T21:33:44+00:00","2021-07-14T20:03:57+00:00"
"rec_5221e887575723ce9cc21071041783bd43b4c5f4","2021_04_16_17_24_32.mp3","\\SyNAS\Records\Audio\Time_Sort\2021","4575398","4.36 MB","2021-04-16T17:24:32+00:00","2021-04-16T15:29:18+00:00"
"rec_2e62924ecef8679da1f6ec4690c45d889274c9c4","Audio recording 2020-07-03 15-34-58 samsung S20.wav","\\SyNAS\Records\2020","207248876","197.65 MB","2020-07-03T00:00:00+00:00","2020-07-03T13:54:32+00:00"
"rec_1bc5f1c47baf8a6e78da8bf77c4e7746e2c6a7cf","2021_04_30_23_39_15.mp3","\\SyNAS\Records\2021","1451989","1.38 MB","2021-04-30T23:39:15+00:00","2021-04-30T21:40:46+00:00"
"rec_cbaca80857ddc364e57551c694bd749c05c0947a","2021_04_12_19_52_48.mp3","\\SyNAS\Records\Audio\Time_Sort\2021","5773269","5.51 MB","2021-04-12T19:52:48+00:00","2021-04-12T17:58:50+00:00"
"rec_9ef9db29059911ce3fa0b409c8b83434e7775ce9","2020_11_24_22_14_02.mp3","\\SyNAS\Records\2020","256064782","244.20 MB","2020-11-24T22:14:02+00:00","2020-11-25T01:40:46+00:00"
"rec_db907fd23cc0d6e4043e81dc249eb559aa734b8a","Audio recording 2020-12-09 20-21-51.aac","\\SyNAS\Records\2020","56940724","54.30 MB","2020-12-09T00:00:00+00:00","2020-12-09T19:51:15+00:00"
"rec_6e7e070bb11d8254dd772910a23066dbf52bbf2a","2021_03_22_12_20_59 repas diffamstoire.mp3","\\SyNAS\Records\2021","9505644","9.07 MB","2021-03-22T12:20:59+00:00","2021-03-22T11:30:53+00:00"
"rec_a97500e657c2072ab40a7b32565e510e4b15fa77","2020_12_23_19_56_46.mp3","\\SyNAS\Records\#recycle\WebStorage\2020","83590","81.63 KB","2020-12-23T19:56:46+00:00","2020-12-23T18:56:52+00:00"
"rec_0159444dcfc66bdc41e19bc4588b8fdb6d45402a","2021_05_23_13_30_07.mp3","\\SyNAS\Records\2021","3885347","3.71 MB","2021-05-23T13:30:07+00:00","2021-05-23T11:34:10+00:00"
"rec_d835e3591c4b4a964c4df7da7a24d6a739ecefca","2024-10-14_04h06m03_Voix 026 nuit et films.m4a","\\SyNAS\Records\2024","426827172","407.05 MB","2024-10-14T04:06:00+00:00","2024-10-14T02:06:03+00:00"
"rec_7b1cb2b9c5991a85ffd10ab1dd695b5209f7f87f","Audio recording 2020-09-28 19-11-04.aac","\\SyNAS\Records\2020","467041588","445.41 MB","2020-09-28T00:00:00+00:00","2020-09-28T21:12:04+00:00"
"rec_81b47dcc2ddfbde063d5f60609e83ec41465d7b5","2021_03_25_20_17_06.mp3","\\SyNAS\Records\Audio\Time_Sort\2021","19272514","18.38 MB","2021-03-25T20:17:06+00:00","2021-03-25T19:37:11+00:00"
"rec_771fd9457a4ed1d0ef1416119339f61491624964","2020_10_08_17_15_20.mp3","\\SyNAS\Records\Audio\2020-Unsorted","508715191","485.15 MB","2020-10-08T17:15:20+00:00","2020-10-09T00:05:15+00:00"
"rec_8dbbb98c150a3298249910b7aec142313dee26e7","2020_09_04_22_00_19.mp3","\\SyNAS\Records\Audio\Time_Sort\2020","2233990","2.13 MB","2020-09-04T22:00:19+00:00","2020-09-04T20:02:39+00:00"
"rec_36fa5d7a48ef505032513fbabc36fda356efc991","2020_08_24_14_18_15.mp3","\\SyNAS\Records\2020","95086967","90.68 MB","2020-08-24T14:18:15+00:00","2020-08-24T13:57:19+00:00"
"rec_12d6d02780869fc582c5518732bc65d528f68ca9","Audio recording 2020-12-01 07-53-35.aac","\\SyNAS\Records\Audio\Time_Sort\2020","21381412","20.39 MB","2020-12-01T00:00:00+00:00","2020-12-01T07:05:06+00:00"
"rec_7fcaa9637f13f30e84bf45f2dacaf9c9ba15ed67","g.mp3","\\SyNAS\Records\Audio\Time_Sort\2021","71888","70.20 KB","","2021-01-27T18:39:06+00:00"
"rec_b9ed4b481bf67513bd6308a3f6d64d889beb3023","2019-10-15_13h48m58_Voix 001.m4a","\\SyNAS\Records\Audio\Time_Sort\2019","672258","656.50 KB","2019-10-15T13:48:00+00:00","2019-10-15T11:48:58+00:00"
"rec_c08b7d61edc158ecb3e5f723be4b5af254653ae7","2021_03_12_13_16_10 lunchy.mp3","\\SyNAS\Records\2021","70380563","67.12 MB","2021-03-12T13:16:10+00:00","2021-03-12T13:29:28+00:00"
"rec_75e3f35f7a47bc8a1bd76630b97ef6dd9ea1bc1b","Audio recording 2020-09-08 12-26-51.aac","\\SyNAS\Records\Audio\Time_Sort\2020","3049033","2.91 MB","2020-09-08T00:00:00+00:00","2020-09-08T10:28:26+00:00"
"rec_d94c24f5276a5bd9c4c88742512a33a6a0ec19d8","Audio recording 2020-07-26 14-58-11.wav","\\SyNAS\Records\Audio\Time_Sort\2020","295826372","282.12 MB","2020-07-26T00:00:00+00:00","2020-07-26T13:26:08+00:00"
"rec_547587c408c0dab357143fd66a8c7b65cab0bf81","Audio recording 2020-11-20 23-11-44.aac","\\SyNAS\Records\Audio\Time_Sort\2020","24153546","23.03 MB","2020-11-20T00:00:00+00:00","2020-11-20T22:24:12+00:00"
"rec_3661a58a476ac14470626d5ed67d515a4ec2abeb","2021_01_16_17_43_36.mp3","\\SyNAS\Records\Audio\Time_Sort\2021","161234441","153.77 MB","2021-01-16T17:43:36+00:00","2021-01-16T19:31:33+00:00"
"rec_f4177fe73c882aff551e85587ad8f2c003782ec6","Audio recording 2020-12-10 15-14-55.aac","\\SyNAS\Records\2020","466974066","445.34 MB","2020-12-10T00:00:00+00:00","2020-12-10T18:15:53+00:00"
"rec_2fd704fd395901767fcf85922b2404ccc317afd8","2019-10-15_23h48m28_Voix 002_sd.m4a","\\SyNAS\Records\2019","49772328","47.47 MB","2019-10-15T23:48:00+00:00","2019-10-15T21:48:28+00:00"
"rec_850393ce2485ef248f00208e51146a183302835e","2021_02_05_19_20_09.mp3","\\SyNAS\Records\2021","12226141","11.66 MB","2021-02-05T19:20:09+00:00","2021-02-05T18:32:54+00:00"
"rec_4bb50007195719c2edbbc1dab6928a1805d96b35","2020_12_16_21_02_03 zorro.mp3","\\SyNAS\Records\Audio\Time_Sort\2020","30247287","28.85 MB","2020-12-16T21:02:03+00:00","2020-12-16T20:33:33+00:00"
"rec_68dd94b753317a382a155a4e397ab984210d7197","2024-08-25_16h29m15_Voix 020 defi madiba avec alois.m4a","\\SyNAS\Records\2024","67379919","64.26 MB","2024-08-25T16:29:00+00:00","2024-08-25T14:29:15+00:00"
"rec_a06dd63990435b4324a07ca6efc9bc11b20a5dd0","Audio recording 2020-12-09 18-25-54.aac","\\SyNAS\Records\2020","9437102","9.00 MB","2020-12-09T00:00:00+00:00","2020-12-09T17:30:47+00:00"
"rec_827d14f6d0214c1e16b47a7d85a4b5ce8f170c79","2023-07-25_20h07m15_Voix 006 Steinhausen.m4a","\\SyNAS\Records\2023","115187203","109.85 MB","2023-07-25T20:07:00+00:00","2023-07-25T18:07:15+00:00"
"rec_cbefc38e329ebc1e4a723db6c93f8f4381dea363","Audio recording 2020-11-12 18-15-09.aac","\\SyNAS\Records\Audio\Time_Sort\2020","223417016","213.07 MB","2020-11-12T00:00:00+00:00","2020-11-12T19:10:26+00:00"
"rec_d7d31c6b707a47e6092cf18a5147e9748ada184d","Audio recording 2020-07-15 12-45-52.wav","\\SyNAS\Records\Audio\Time_Sort\2020","122957900","117.26 MB","2020-07-15T00:00:00+00:00","2020-07-15T11:03:20+00:00"
"rec_500c170e53cb8cc1def9318d8dceb876e4a18d1d","2020_12_20_17_20_42 la vie en rose.mp3","\\SyNAS\Records\Audio\Time_Sort\2020","2950790","2.81 MB","2020-12-20T17:20:42+00:00","2020-12-20T16:23:46+00:00"
"rec_2063b3fbb57d06e2b746a21b37f9dee39f7affa7","Audio recording 2020-11-12 07-16-16.aac","\\SyNAS\Records\Audio\Time_Sort\2020","35671907","34.02 MB","2020-11-12T00:00:00+00:00","2020-11-12T06:34:40+00:00"
"rec_0cea11786ad625d5b5775c941236f546cabdb109","2021_01_02_17_14_34.mp3","\\SyNAS\Records\Audio\Time_Sort\2021","1728260","1.65 MB","2021-01-02T17:14:34+00:00","2021-01-02T16:16:22+00:00"
"rec_af8b4b1f7651870c270559ee8493118fc501becb","2021_01_10_20_58_57 KT menaces dans les toilettes.mp3","\\SyNAS\Records\2021","9834473","9.38 MB","2021-01-10T20:58:57+00:00","2021-01-10T20:10:58+00:00"
"rec_a41c0f59c4e43de9ad57df422150d2665764af35","Audio recording 2020-10-18 22-27-22.aac","\\SyNAS\Records\2020","1149203","1.10 MB","2020-10-18T00:00:00+00:00","2020-10-18T20:27:59+00:00"
"rec_3baacb516c9064bf7a2f9fe6946f9b67fcc07a65","2021_02_03_12_23_28.mp3","\\SyNAS\Records\Audio\Time_Sort\2021","8115930","7.74 MB","2021-02-03T12:23:28+00:00","2021-02-03T11:31:55+00:00"
"rec_569c6b4668dd2e228cd4ea8f8ae84002f9465d08","20220606_224258.m4a","\\SyNAS\Records\2022-Jan-July","75042713","71.57 MB","","2022-06-06T21:49:51+00:00"
"rec_f03a552c414c4d95683dde00706ed678e107ebf5","Audio recording 2020-11-12 18-15-09.aac","\\SyNAS\Records\2020","223417016","213.07 MB","2020-11-12T00:00:00+00:00","2020-11-12T19:10:26+00:00"
"rec_75b4f6508a0048f68a36d44ce5933fe2607d466a","2020_11_06_19_21_30 raclette.mp3","\\SyNAS\Records\2020","56457925","53.84 MB","2020-11-06T19:21:30+00:00","2020-11-06T19:20:19+00:00"
"rec_412c7dbbd142dd181bbeaeddf3c0792dd9e62bd5","2021_04_13_20_54_29.mp3","\\SyNAS\Records\2021","14292949","13.63 MB","2021-04-13T20:54:29+00:00","2021-04-13T19:09:22+00:00"
"rec_c33b1dcf5d7b22923e67f474f85c87862ef14c4a","2021_01_22_20_00_57.mp3","\\SyNAS\Records\Audio\Time_Sort\2021","47361879","45.17 MB","2021-01-22T20:00:57+00:00","2021-01-22T19:50:17+00:00"
"rec_455f5257cf726249578679f48b5844ede5cc49d0","2021_01_02_21_01_24.mp3","\\SyNAS\Records\Audio\Time_Sort\2021","3349523","3.19 MB","2021-01-02T21:01:24+00:00","2021-01-02T20:04:53+00:00"
"rec_162e468a7fd6cf4403965e43da8d72ba82222f09","2023-03-19_18h51m37_Voix 145 Steinhausen.m4a","\\SyNAS\Records\2023","45030270","42.94 MB","2023-03-19T18:51:00+00:00","2023-03-19T17:51:37+00:00"
"rec_242943d40eb2391994c004fbe9a1cddf43f9b2db","Audio recording 2020-07-01 11-52-36.aac","\\SyNAS\Records\Audio\Time_Sort\2020","235503202","224.59 MB","2020-07-01T00:00:00+00:00","2020-07-01T12:02:28+00:00"
"rec_24fa0af7f84fda0b714822cdd8e391162d1b22ee","2021_03_08_08_04_53 morning.mp3","\\SyNAS\Records\2021","2484348","2.37 MB","2021-03-08T08:04:53+00:00","2021-03-08T07:07:29+00:00"
"rec_6027b6bfc487b0ab78bea002bce256e7b2b2a6bf","2023-07-19_22h09m45_Voix 005 DD réaction après announce risk chômage.m4a","\\SyNAS\Records\2023","27507814","26.23 MB","2023-07-19T22:09:00+00:00","2023-07-19T20:09:45+00:00"
"rec_bf740d15b346df59848e3816264255efd26d274d","2021_01_09_14_46_10_19ansMerde.mp3","\\SyNAS\Records\Audio\Time_Sort\2021","2008710","1.92 MB","2021-01-09T14:46:10+00:00","2021-01-09T13:48:16+00:00"
"rec_d9bde784d893e1ea9355519a8ce9ff8e93082082","Audio recording 2020-10-03 14-31-05.aac","\\SyNAS\Records\2020","16704949","15.93 MB","2020-10-03T00:00:00+00:00","2020-10-03T12:39:43+00:00"
"rec_7c3e4336146eb771768488809a21a3934ca90fa7","2020_12_27_16_36_42 gateau.mp3","\\SyNAS\Records\Audio\Time_Sort\2020","3661739","3.49 MB","2020-12-27T16:36:42+00:00","2020-12-27T15:40:31+00:00"
"rec_207f97c3b557031177d9be3c5b1b8221890232c5","Audio recording 2020-09-01 14-14-42.wav","\\SyNAS\Records\2020","171280916","163.35 MB","2020-09-01T00:00:00+00:00","2020-09-01T12:30:53+00:00"
"rec_45c9e85c31d37a20cae31052409824044ea9afda","2021_04_04_19_18_58 rire demoniaque.mp3","\\SyNAS\Records\Audio\Time_Sort\2021","13694431","13.06 MB","2021-04-04T19:18:58+00:00","2021-04-04T17:33:14+00:00"
"rec_8029061f57a21a40f44cf179b739615a9f923f42","2023-04-17_17h21m04_Voix 147.m4a","\\SyNAS\Records\2023","21712584","20.71 MB","2023-04-17T17:21:00+00:00","2023-04-17T15:21:04+00:00"
"rec_e64a56b61cc60a19f94d5e981dcbfb5e042197b1","Audio recording 2020-07-05 01-17-58.wav","\\SyNAS\Records\Audio\Time_Sort\2020","59051708","56.32 MB","2020-07-05T00:00:00+00:00","2020-07-04T23:23:32+00:00"
"rec_48c8d676585e311cc9e51862ffe31b1a2c8f7100","Audio recording 2020-12-05 19-18-51 je ne veux pas.aac","\\SyNAS\Records\Audio\Time_Sort\2020","3553008","3.39 MB","2020-12-05T00:00:00+00:00","2020-12-05T18:20:42+00:00"
"rec_ddcd283da46c2b2de24400b6d9dbf90df5bb8979","2024-07-18_20h47m06_Voix 013 KAT tu ne dis rien du tout.m4a","\\SyNAS\Records\2024-notag","1788310","1.71 MB","2024-07-18T20:47:00+00:00","2024-07-18T18:47:06+00:00"
"rec_348db2b49f0e6962d735a6db0e0b23c3c0ebcd95","Audio recording 2020-11-24 17-19-22 pere noel.aac","\\SyNAS\Records\Audio\Time_Sort\2020","23091482","22.02 MB","2020-11-24T00:00:00+00:00","2020-11-24T16:31:18+00:00"
"rec_cb1cc4486737c137dc01a5a13be5d3286ed3d436","2020_08_24_13_02_27.mp3","\\SyNAS\Records\Audio\Time_Sort\2020","50532936","48.19 MB","2020-08-24T13:02:27+00:00","2020-08-24T11:55:05+00:00"
"rec_0b9675871915c0059a0d93fe669ee95d4d79ef0e","2021_01_31_14_05_47.mp3","\\SyNAS\Records\2021","1421896","1.36 MB","2021-01-31T14:05:47+00:00","2021-01-31T13:07:16+00:00"
"rec_85ace61d4b20926602d437167404ff3179eacfd4","2021_02_25_13_14_13.mp3","\\SyNAS\Records\2021","152136","148.57 KB","2021-02-25T13:14:13+00:00","2021-02-25T12:14:23+00:00"
"rec_09708f9586289d3e1d868a98b2aa9b2a0e431932","2023-01-18_17h48m31_Voix 123 KT maison.m4a","\\SyNAS\Records\2023","100111324","95.47 MB","2023-01-18T17:48:00+00:00","2023-01-18T16:48:31+00:00"
"rec_fbef5b15f474869129511d82fe8c75d33a5710b4","2021_09_07_21_14_36.mp3","\\SyNAS\Records\2021","32100759","30.61 MB","2021-09-07T21:14:36+00:00","2021-09-07T19:48:02+00:00"
"rec_3bb6aef6c307e59891b38db57df58ba363f1a97b","2021_03_02_11_58_17.mp3","\\SyNAS\Records\Audio\Time_Sort\2021","36447257","34.76 MB","2021-03-02T11:58:17+00:00","2021-03-02T11:36:15+00:00"
"rec_883155b4048a55ccd68b4e71e1a5aa8526054d55","Audio recording 2020-11-15 19-00-38.aac","\\SyNAS\Records\2020","3638602","3.47 MB","2020-11-15T00:00:00+00:00","2020-11-15T18:02:30+00:00"
"rec_28054999797fda90bf667f744b4f9665dc599542","2022-11-21_21h36m22_Voix 100 suite du débat.m4a","\\SyNAS\Records\2022-July-Dec","17169529","16.37 MB","2022-11-21T21:36:00+00:00","2022-11-21T20:36:22+00:00"
"rec_40e17c7651c99650d7ee87b2b3975db27d4be165","2021_07_16_12_41_59 repas frites naturelle preparee par papa.mp3","\\SyNAS\Records\2021","73041292","69.66 MB","2021-07-16T12:41:59+00:00","2021-07-16T11:58:04+00:00"
"rec_e5766dcf35ca79b4c52abcbea9ec0b6732a0b98e","2023-03-25_15h44m09_Voix 145.m4a","\\SyNAS\Records\2023","329393","321.67 KB","2023-03-25T15:44:00+00:00","2023-03-25T14:44:09+00:00"
"rec_794bda7634b0cb744ca4b75432518f1f1af7feb6","2020_08_01_14_37_45, mon dieu.mp3","\\SyNAS\Records\Audio\Time_Sort\2020","319349236","304.56 MB","2020-08-01T14:37:45+00:00","2020-08-01T18:10:27+00:00"
"rec_8b720d15cc632120712b26ab3bc188aa5d16712e","2021_02_04_12_06_39.mp3","\\SyNAS\Records\2021","32991607","31.46 MB","2021-02-04T12:06:39+00:00","2021-02-04T11:41:01+00:00"
"rec_d77e2cb6abfcfc4c1fa3b729a99408116fee2925","2020_08_22_16_40_44.mp3","\\SyNAS\Records\2020","4602565","4.39 MB","2020-08-22T16:40:44+00:00","2020-08-22T14:45:32+00:00"
"rec_299e98cebcb110a38652da71066591cf08f3cd51","2021_01_24_14_58_31.mp3","\\SyNAS\Records\Audio\Time_Sort\2021","13541458","12.91 MB","2021-01-24T14:58:31+00:00","2021-01-24T14:12:37+00:00"
"rec_4c2f3dceec6e856ab64735fb453e85a3c7fcbd11","2024-07-29_23h16m24_Voix 017 fin de soirée.m4a","\\SyNAS\Records\2024","90488813","86.30 MB","2024-07-29T23:16:00+00:00","2024-07-29T21:16:24+00:00"
"rec_c608914231aa389e5eebce3505c1b498a8d0c4cc","2021_06_14_12_56_34 salade agression.mp3","\\SyNAS\Records\2021","41836041","39.90 MB","2021-06-14T12:56:34+00:00","2021-06-14T11:40:10+00:00"
"rec_5db02dab975220e8091b2c15e5bfd0ea8ed80545","2022-11-10_19h27m23_Voix 098 après tribunal.m4a","\\SyNAS\Records\2022-July-Dec","33289554","31.75 MB","2022-11-10T19:27:00+00:00","2022-11-10T18:27:23+00:00"
"rec_34dc820d006c0435eb367beb43ca7d8a1e38adc9","2021_04_20_20_38_19 mythomanie elisabeth.mp3","\\SyNAS\Records\2021","66185507","63.12 MB","2021-04-20T20:38:19+00:00","2021-04-20T19:47:15+00:00"
"rec_2ff7cb6a89b4fea0ab62edf87994d7dcbd1f1554","2020-11-16_10h40m45_DD (17) Chérie c'est la vie.m4a","\\SyNAS\Records\Rec\DD","7974084","7.60 MB","2020-11-16T10:40:00+00:00","2020-11-16T09:40:45+00:00"
"rec_f369ed84a50a1c91371580c58ba1bad21b66b541","Audio recording 2020-10-21 20-25-35.aac","\\SyNAS\Records\2020","23030006","21.96 MB","2020-10-21T00:00:00+00:00","2020-10-21T18:37:29+00:00"
"rec_979b0f30e3210b2fa68edcd787e1768b0b0416df","2021_03_17_21_51_12.mp3","\\SyNAS\Records\2021","12152162","11.59 MB","2021-03-17T21:51:12+00:00","2021-03-17T21:03:52+00:00"
"rec_1e821a3ceff363a98f9c5555370a6bd6cc48e2e1","2021_03_25_20_56_08.mp3","\\SyNAS\Records\2021","2028772","1.93 MB","2021-03-25T20:56:08+00:00","2021-03-25T19:58:15+00:00"
"rec_22b572998b96d6c1691cdfa5cd2eff1caa094995","2020-05-19_15h26m40_Voix 038_sd midi.m4a","\\SyNAS\Records\2020","198830227","189.62 MB","2020-05-19T15:26:00+00:00","2020-05-19T13:26:40+00:00"
"rec_493b0d5715acb19c05496eab96250fc68cbd7cc5","2022-09-20_20h52m51_Voix 077.m4a","\\SyNAS\Records\2022-July-Dec","93529876","89.20 MB","2022-09-20T20:52:00+00:00","2022-09-20T18:52:51+00:00"
"rec_3608a2144a2cc02dfe17ce955ee9d7f5e35aa7a9","Audio recording 2020-08-31 20-40-10 chevalier de donnant.wav","\\SyNAS\Records\2020","182443508","173.99 MB","2020-08-31T00:00:00+00:00","2020-08-31T18:57:25+00:00"
"rec_0db02c501485d5b40eb4c205c4ca054bf12b14a3","2019-09-18_19h14m08_Tradewell_Enregistrement_414.wav","\\SyNAS\Records\2019","54908899","52.37 MB","2019-09-18T19:14:00+00:00","2019-09-18T17:14:08+00:00"
"rec_25856d379c4c219097ac4d70d54f61a9fa5b49f6","2021_04_24_09_49_24.mp3","\\SyNAS\Records\Audio\Time_Sort\2021","20294007","19.35 MB","2021-04-24T09:49:24+00:00","2021-04-24T08:10:33+00:00"
"rec_32cee55ef78b4d37f66addafe197af12f3f6fe90","2021_07_12_00_29_21.mp3","\\SyNAS\Records\2021","16678242","15.91 MB","2021-07-12T00:29:21+00:00","2021-07-11T22:46:41+00:00"
"rec_6213e7529d18fd160dcef5fff0ce657aa3fe54d5","2020_12_31_19_40_03.mp3","\\SyNAS\Records\2020","59480188","56.72 MB","2020-12-31T19:40:03+00:00","2020-12-31T19:42:00+00:00"
"rec_3c9d0a4a6091114605255a02d00093daad69c4bd","2023-04-30_18h14m26_Voix 150.m4a","\\SyNAS\Records\2023","117866450","112.41 MB","2023-04-30T18:14:00+00:00","2023-04-30T16:14:26+00:00"
"rec_ac70391e5dfbc6cf639d2c08071be29d518df3a0","2022-08-31_05h30m47_Voix 065 conversion.m4a","\\SyNAS\Records\2022-July-Dec","26169698","24.96 MB","2022-08-31T05:30:00+00:00","2022-08-31T03:30:47+00:00"
"rec_054526d4d4ac68e727863e007eb054e0f5fed526","2021_05_05_18_41_43.mp3","\\SyNAS\Records\2021","4204668","4.01 MB","2021-05-05T18:41:43+00:00","2021-05-05T16:46:06+00:00"
"rec_555ef7164b7d419d3febe897f86fb57f27cca978","2021_06_14_21_16_34 histoire Vampirella et la sauce tomate.mp3","\\SyNAS\Records\2021","4640599","4.43 MB","2021-06-14T21:16:34+00:00","2021-06-14T19:21:24+00:00"
"rec_5d63daa31e071fd0a92ddb360907291dc15fa717","2021_02_21_21_18_34 histoire.mp3","\\SyNAS\Records\Audio\Time_Sort\2021","37014046","35.30 MB","2021-02-21T21:18:34+00:00","2021-02-21T20:57:07+00:00"
"rec_2fc8f6bed46a03b05c75d25862cfa93f2fc58de2","2021_04_24_21_43_26 soiree gateau.mp3","\\SyNAS\Records\Audio\Time_Sort\2021","76585535","73.04 MB","2021-04-24T21:43:26+00:00","2021-04-24T21:09:16+00:00"
"rec_51728ba96429a033469320c6494f4b5d6b7bc1ba","2022_02_25_12_21_20.mp3","\\SyNAS\Records\2022-Jan-July","198198333","189.02 MB","2022-02-25T12:21:20+00:00","2022-02-25T14:47:52+00:00"
"rec_c31cc70f347ca36148ff62f991148503a8afe164","2021_02_13_17_52_21.mp3","\\SyNAS\Records\Audio\Time_Sort\2021","1550627","1.48 MB","2021-02-13T17:52:21+00:00","2021-02-13T16:53:59+00:00"
"rec_f403ab93baaa57e26e64f839f99732cefc9ca48f","2022-10-31_21h39m39_Voix 093 retour d'halloween.m4a","\\SyNAS\Records\2022-July-Dec","19987709","19.06 MB","2022-10-31T21:39:00+00:00","2022-10-31T20:39:39+00:00"
"rec_5508b233c304123fd4cbb6f9567c748808c01536","2021_04_05_09_45_49 alois divorce.mp3","\\SyNAS\Records\2021","121258735","115.64 MB","2021-04-05T09:45:49+00:00","2021-04-05T09:52:13+00:00"
"rec_9f6a398b6782555c9b8afc9ccf2f93ce6215bac6","Audio recording 2020-08-29 21-17-11.wav","\\SyNAS\Records\2020","17311940","16.51 MB","2020-08-29T00:00:00+00:00","2020-08-29T19:18:50+00:00"
"rec_35afc182093296e8c5f0c7f0ee478fd807cf4226","2023-03-05_14h36m47_Voix 141 Alois a la maison chien.m4a","\\SyNAS\Records\2023","194021017","185.03 MB","2023-03-05T14:36:00+00:00","2023-03-05T13:36:47+00:00"
"rec_4fdd93b82c5f916250e1114f6489d91b0999f8cc","2023-08-07_18h57m46_Voix 010 Dinda.m4a","\\SyNAS\Records\2023","4767731","4.55 MB","2023-08-07T18:57:00+00:00","2023-08-07T16:57:46+00:00"
"rec_10b50266b71bb6b51fcf7685184ea2debe2b2b7b","2021_04_10_12_35_59.mp3","\\SyNAS\Records\Audio\Time_Sort\2021","145352410","138.62 MB","2021-04-10T12:35:59+00:00","2021-04-10T13:07:24+00:00"
"rec_d7ed77caa85f146873c2d58550f1ed729e186fae","2024-05-14_17h11m01_Voix 001.m4a","\\SyNAS\Records\2024-notag","99312210","94.71 MB","2024-05-14T17:11:00+00:00","2024-05-14T15:11:01+00:00"
"rec_363c39a6bade30bfcf64d547692d8fc5bbeb57e6","2021_01_19_15_08_19 TT rolandG2.mp3","\\SyNAS\Records\Audio\Time_Sort\2021","84811440","80.88 MB","2021-01-19T15:08:19+00:00","2021-01-19T15:36:41+00:00"
"rec_7338109bfe9124797ad00b848dca6fe576f9a109","2023-02-03_18h32m52_Voix 124 KTA courses de vêtements.m4a","\\SyNAS\Records\2023","13869751","13.23 MB","2023-02-03T18:32:00+00:00","2023-02-03T17:32:52+00:00"
"rec_0f2652e21e34a1a7da0bd4629195ccd4e8661a24","2021_05_13_11_23_10.mp3","\\SyNAS\Records\2021","6381399","6.09 MB","2021-05-13T11:23:10+00:00","2021-05-13T09:29:50+00:00"
"rec_ccc46ad504482dfd2164a74ff0688572c2e4aae2","2021_03_06_21_13_43.mp3","\\SyNAS\Records\Audio\Time_Sort\2021","3322356","3.17 MB","2021-03-06T21:13:43+00:00","2021-03-06T20:17:11+00:00"
"rec_fd1cc2b7f6826fdbe6ff346a89b241ec33cc2b25","2022_06_01_08_29_01.mp3","\\SyNAS\Records\2022-Jan-July","7520844","7.17 MB","2022-06-01T08:29:01+00:00","2022-06-01T07:00:10+00:00"
"rec_dcc73b1e8efb27a41bf428768cb8e23d22129164","2021_03_13_10_32_16.mp3","\\SyNAS\Records\Audio\Time_Sort\2021","18067538","17.23 MB","2021-03-13T10:32:16+00:00","2021-03-13T09:51:05+00:00"
"rec_4e92c3da733d526f3c7226cba11d2acefe472e10","2021_03_21_21_59_09.mp3","\\SyNAS\Records\Audio\Time_Sort\2021","1669328","1.59 MB","2021-03-21T21:59:09+00:00","2021-03-21T21:00:53+00:00"
"rec_d56e2417a3026e8a1f957c89757dea988b3227d6","2021_09_22_12_04_33 midi.mp3","\\SyNAS\Records\2021","13699447","13.06 MB","2021-09-22T12:04:33+00:00","2021-09-22T10:18:49+00:00"
"rec_2cab5e6ab158c05d272e0af6a4fdbd1e6cd4ff03","Audio recording 2020-11-15 21-41-31.aac","\\SyNAS\Records\Audio\Time_Sort\2020","499526499","476.39 MB","2020-11-15T00:00:00+00:00","2020-11-16T00:59:16+00:00"
"rec_dee5f630c83cae02ed2bc4f137d75b4a5c61fd3f","20220613_105341.m4a","\\SyNAS\Records\2022-Jan-July","243622729","232.34 MB","","2022-06-13T12:30:49+00:00"
"rec_dc72b370a0bebfdf97b269a1e033d3bc4ceb2393","2023-01-21_23h01m24_Voix 123 dr crisis.m4a","\\SyNAS\Records\2023","33386088","31.84 MB","2023-01-21T23:01:00+00:00","2023-01-21T22:01:24+00:00"
"rec_5b22d0b9adca317d5c819f642440ae780b743fc5","2021_02_07_22_00_28.mp3","\\SyNAS\Records\Audio\Time_Sort\2021","11924792","11.37 MB","2021-02-07T22:00:28+00:00","2021-02-07T21:12:54+00:00"
"rec_d9330ffe49f65a6241ff042c9401147ba27f6f32","2020-09-13 13-44-12_KTA_repas midi, medley.aac","\\SyNAS\Records\Audio\Court_Sort","89742198","85.58 MB","2020-09-13T00:00:00+00:00","2020-09-13T12:30:31+00:00"
"rec_97767f4d8206456776239226ce23bf8dd3fb9012","2021_04_16_08_01_25.mp3","\\SyNAS\Records\Audio\Time_Sort\2021","15881","15.51 KB","2021-04-16T08:01:25+00:00","2021-04-16T06:01:26+00:00"
"rec_3a278d85eaac44e77ba9af9e54cab1b4ee8791eb","2021_03_29_11_58_48 repas de midi.mp3","\\SyNAS\Records\2021","43371626","41.36 MB","2021-03-29T11:58:48+00:00","2021-03-29T10:43:58+00:00"
"rec_475526dc0a339cff82377356560ed8230e5994f3","2021_06_27_21_24_42 histoire Le prince noir et ses allumettes.mp3","\\SyNAS\Records\2021","4747179","4.53 MB","2021-06-27T21:24:42+00:00","2021-06-27T19:29:40+00:00"
"rec_76841c4cdf51eb7b3dc96c38dcf30d96c514e644","2020_08_03_12_13_02 lunch.mp3","\\SyNAS\Records\2020","186292766","177.66 MB","2020-08-03T12:13:02+00:00","2020-08-03T13:27:05+00:00"
"rec_36a17428a2443a49030830fea57dfa722dc52908","2020_08_24_21_46_49 petit mot avant faire dodo.mp3","\\SyNAS\Records\2020","9901034","9.44 MB","2020-08-24T21:46:49+00:00","2020-08-24T19:57:09+00:00"
"rec_86737ebebb8836abbf0eedc070d20edd5a853e31","2020_12_25_17_25_12.mp3","\\SyNAS\Records\#recycle\WebStorage\2020","381177","372.24 KB","2020-12-25T17:25:12+00:00","2020-12-25T16:25:36+00:00"
"rec_a3e424efcd3c2256fa2247445d951ac7d6c6f964","2021_07_14_22_20_52.mp3","\\SyNAS\Records\2021","9254033","8.83 MB","2021-07-14T22:20:52+00:00","2021-07-14T20:30:30+00:00"
"rec_bca00249683696b2e5f2e9efdfdbb09ee35b7228","2021_03_23_21_00_06.mp3","\\SyNAS\Records\Audio\Time_Sort\2021","136337866","130.02 MB","2021-03-23T21:00:06+00:00","2021-03-23T22:22:08+00:00"
"rec_d0f73ec58f513b07cc8aba88540fe51f9d437bb2","2020_09_06_13_29_00 midi.mp3","\\SyNAS\Records\Audio\2020-Unsorted","156294999","149.05 MB","2020-09-06T13:29:00+00:00","2020-09-06T14:11:49+00:00"
"rec_bdd4e6a03b51020ae8b2c050724facb1bf2f2873","2020_09_24_15_16_23.mp3","\\SyNAS\Records\Audio\2020-Unsorted","24172668","23.05 MB","2020-09-24T15:16:23+00:00","2020-09-24T13:41:34+00:00"
"rec_bb3792229de319bf3728fabbd6d364f8dd4be41c","2020_12_31_12_47_51 repas midi st sylvestre.mp3","\\SyNAS\Records\2020","49499323","47.21 MB","2020-12-31T12:47:51+00:00","2020-12-31T12:39:25+00:00"
"rec_699b0785479ee757da05a30a0a07abc6104eacea","2022-09-23_09h07m26_Voix 079 harcèlement.m4a","\\SyNAS\Records\2022-July-Dec","110125290","105.02 MB","2022-09-23T09:07:00+00:00","2022-09-23T07:07:26+00:00"
"rec_0ead4831a18aa1786d5c2d160a271900b4cdfba3","2020-03-26_15h08m50_Recording (9)_Dinda.m4a","\\SyNAS\Records\Rec\DD","87583423","83.53 MB","2020-03-26T15:08:00+00:00","2020-04-05T23:24:03+00:00"
"rec_8864fdf7c55e3ccb50ed194f8b87639968e56628","20220715_141109 interview expleo.m4a","\\SyNAS\Records\2022-Jan-July","142909228","136.29 MB","","2022-07-15T14:18:32+00:00"
"rec_a19eff49dde4979fc93eccabd6f7926e7e9fffa0","2021_04_14_18_59_25 aŕrangement avec realite.mp3","\\SyNAS\Records\2021","33438405","31.89 MB","2021-04-14T18:59:25+00:00","2021-04-14T17:34:15+00:00"
"rec_a8a0dfeeb8d76a0b4b2160abd33205d66d2e45a8","2021_06_23_22_22_37 soiree.mp3","\\SyNAS\Records\2021","134072946","127.86 MB","2021-06-23T22:22:37+00:00","2021-06-23T22:42:18+00:00"
"rec_aa5e7655cb29e52fdf103edce6f2f3667be99a2b","Audio recording 2020-07-13 13-32-41.wav","\\SyNAS\Records\2020","158460164","151.12 MB","2020-07-13T00:00:00+00:00","2020-07-13T11:47:40+00:00"
"rec_1695d5223a78092f589efb026f3ccb5c1403ea02","2023-07-30_10h30m25_Voix 006.m4a","\\SyNAS\Records\2023","59407454","56.66 MB","2023-07-30T10:30:00+00:00","2023-07-30T08:30:25+00:00"
"rec_5a09c73f7da55b3f3de3123d17565009c511b47e","Audio recording 2020-12-01 07-53-35.aac","\\SyNAS\Records\2020","21381412","20.39 MB","2020-12-01T00:00:00+00:00","2020-12-01T07:05:06+00:00"
"rec_de42612c0e3557ce6f0d22a138f8e70d2d9b44f0","2021_05_03_19_53_52 soiree.mp3","\\SyNAS\Records\Audio\Time_Sort\2021","71808730","68.48 MB","2021-05-03T19:53:52+00:00","2021-05-03T19:08:40+00:00"
"rec_46361ba05ecf719f52065be6f07760a422e5533a","2022-10-08_17h54m16_Voix 086.m4a","\\SyNAS\Records\2022-July-Dec","21530768","20.53 MB","2022-10-08T17:54:00+00:00","2022-10-08T15:54:16+00:00"
"rec_869264e43a2ce3b866edf82f44876f0e09b89995","Audio recording 2020-09-18 21-08-54.aac","\\SyNAS\Records\2020","14781785","14.10 MB","2020-09-18T00:00:00+00:00","2020-09-18T19:16:32+00:00"
"rec_fa109e5c364562e03e8fee5c61da627d5439fa7c","2020_08_22_21_01_36 soiree.mp3","\\SyNAS\Records\Audio\Time_Sort\2020","84233821","80.33 MB","2020-08-22T21:01:36+00:00","2020-08-22T20:29:21+00:00"
"rec_01a62dc98f97af14ff93cca65dffcd5e8114fcd3","2020-05-24_12h23m44_Voix 048_sd.m4a","\\SyNAS\Records\2020","12638255","12.05 MB","2020-05-24T12:23:00+00:00","2020-05-24T10:23:44+00:00"
"rec_f4ff4cca9eae2222c48d66ccbf2e462f599b8a22","2022-07-05_07h39m59_Voix 032.m4a","\\SyNAS\Records\2022-July-Dec","9606225","9.16 MB","2022-07-05T07:39:00+00:00","2022-07-05T05:39:59+00:00"
"rec_45360c34862eb46439f1e8b4c2bd8aad02e64596","2021_02_26_10_46_36 sprint demo.mp3","\\SyNAS\Records\2021","50078363","47.76 MB","2021-02-26T10:46:36+00:00","2021-02-26T10:38:51+00:00"
"rec_d497ef6176a23c3e89e09e70c443fe8d522dde3f","2020-06-02 12-00-09 lunch.aac","\\SyNAS\Records\2020","55487916","52.92 MB","2020-06-02T00:00:00+00:00","2020-07-06T22:25:41+00:00"
"rec_b8e2c6b91701838a82efd0e7f48d01d6d2049a37","20220607_071820.m4a","\\SyNAS\Records\2022-Jan-July","240442206","229.30 MB","","2022-06-07T08:52:38+00:00"
"rec_301c02edbd1ae38fc81f938c2edc384dedd78a4b","2021_02_19_22_08_19 tu ne sais pas avce qui tu joues.mp3","\\SyNAS\Records\2021","2466376","2.35 MB","2021-02-19T22:08:19+00:00","2021-02-19T21:10:53+00:00"
"rec_b249c10bfb7056aa8fca17dd28d7139de96e068b","2020_08_06_21_32_10.mp3","\\SyNAS\Records\Audio\Time_Sort\2020","55119202","52.57 MB","2020-08-06T21:32:10+00:00","2020-08-06T20:29:35+00:00"
"rec_c50c7e7beea6cd8f006c6e00f65e1d16aa88cc67","2020_07_30_13_56_16.mp3","\\SyNAS\Records\2020","78608926","74.97 MB","2020-07-30T13:56:16+00:00","2020-07-30T13:18:09+00:00"
"rec_df83ba0ba5b653bf3b8cccfdc777ff4cff245e04","2021_03_27_15_57_20.mp3","\\SyNAS\Records\2021","6273148","5.98 MB","2021-03-27T15:57:20+00:00","2021-03-27T15:03:52+00:00"
"rec_4f817870fd53d756f32a6286f6ff6c547c7b013d","2024-06-01_17h09m44_Voix 003 tiq.m4a","\\SyNAS\Records\2024-notag","87428476","83.38 MB","2024-06-01T17:09:00+00:00","2024-06-01T15:09:44+00:00"
"rec_caabacb00c4001134b8d3666fc3c4c796e3db213","2022-10-06_19h41m14_Voix 084.m4a","\\SyNAS\Records\2022-July-Dec","28320464","27.01 MB","2022-10-06T19:41:00+00:00","2022-10-06T17:41:14+00:00"
"rec_76bb483056066c8fd42c30f2e5e3c3f4379c479b","2021_02_27_17_14_32 kt harcelement.mp3","\\SyNAS\Records\2021","11049586","10.54 MB","2021-02-27T17:14:32+00:00","2021-02-27T16:26:03+00:00"
"rec_eb9b2d5ea004986dd3b9c9b71d7de177377f23b4","2021_02_12_13_07_16.mp3","\\SyNAS\Records\2021","58587427","55.87 MB","2021-02-12T13:07:16+00:00","2021-02-12T13:08:19+00:00"
"rec_7cf55bebaf60c5f1af40c84c8d12f88ae45c827d","Audio recording 2020-07-09 22-28-25.wav","\\SyNAS\Records\Audio\Time_Sort\2020","23291900","22.21 MB","2020-07-09T00:00:00+00:00","2020-07-09T20:30:38+00:00"
"rec_9764052302a0a5ca704db650c030be3943117a38","Audio recording 2020-08-05 21-49-41.wav","\\SyNAS\Records\Audio\Time_Sort\2020","54176012","51.67 MB","2020-08-05T00:00:00+00:00","2020-08-05T19:54:48+00:00"
"rec_37dd4d1936c6d534bfa709696ffed4549a23c466","2021_01_26_20_56_26.mp3","\\SyNAS\Records\Audio\Time_Sort\2021","6166986","5.88 MB","2021-01-26T20:56:26+00:00","2021-01-26T20:02:51+00:00"
"rec_724c4692347b4fdc292ce7b9bbd30e585439a5e6","2021_03_04_20_26_22.mp3","\\SyNAS\Records\Audio\Time_Sort\2021","45451806","43.35 MB","2021-03-04T20:26:22+00:00","2021-03-04T20:13:43+00:00"
"rec_aa9f9e54410a68d63b0c894bdc7dfa5354d584eb","Audio recording 2020-09-30 21-29-04.aac","\\SyNAS\Records\2020","3882457","3.70 MB","2020-09-30T00:00:00+00:00","2020-09-30T19:31:04+00:00"
"rec_fb703ddeb8171c7961964f9a1756a561529e9bcc","2021_04_19_19_23_31 homework delirium.mp3","\\SyNAS\Records\2021","37929377","36.17 MB","2021-04-19T19:23:31+00:00","2021-04-19T18:03:02+00:00"
"rec_0fcf7491fcca59519f1f796347776814978e40c5","Audio recording 2020-12-03 20-11-28.aac","\\SyNAS\Records\2020","1345699","1.28 MB","2020-12-03T00:00:00+00:00","2020-12-03T19:12:10+00:00"
"rec_5fec5ad0dc08843d7f10c5f8de74a1504510b597","2022_06_03_15_45_02 l0.mp3","\\SyNAS\Records\2022-Jan-July","22893713","21.83 MB","2022-06-03T15:45:02+00:00","2022-06-03T14:08:53+00:00"
"rec_a215591725e2b05a391c4d3c7c16a0fa1eb4ec93","2020_08_20_12_26_15.mp3","\\SyNAS\Records\2020","488163316","465.55 MB","2020-08-20T12:26:15+00:00","2020-08-20T18:54:47+00:00"
"rec_6eed5c389c67d92cba42195b8b39428f56e5bfd2","2021_03_09_17_53_47.mp3","\\SyNAS\Records\2021","55970167","53.38 MB","2021-03-09T17:53:47+00:00","2021-03-09T17:52:07+00:00"
"rec_4a2c4f17f0ddb147f8f313be03c6781f4bbffda1","2021_04_27_20_19_02.mp3","\\SyNAS\Records\2021","1496710","1.43 MB","2021-04-27T20:19:02+00:00","2021-04-27T18:20:36+00:00"
"rec_e09ad76ef2c0722d2bbccdcd417aeb7b58200578","2021_01_11_19_31_16 TA fifa 21.mp3","\\SyNAS\Records\2021","6056227","5.78 MB","2021-01-11T19:31:16+00:00","2021-01-11T18:37:34+00:00"
"rec_8c39170e26e3779590b7d2940c2dab87008bd2bd","2021_01_15_11_54_18 TA sims.mp3","\\SyNAS\Records\Audio\Time_Sort\2021","5021778","4.79 MB","2021-01-15T11:54:18+00:00","2021-01-15T10:59:32+00:00"
"rec_35482c47217825acfed96f8b4e13947bbb76a163","2024-05-25_12h17m03_Voix 003 talk.m4a","\\SyNAS\Records\2024-notag","29769981","28.39 MB","2024-05-25T12:17:00+00:00","2024-05-25T10:17:03+00:00"
"rec_1355460ad0e875d52a6dc6b0d7e9892b1d4ca691","2021_01_28_21_20_28.mp3","\\SyNAS\Records\2021","145709765","138.96 MB","2021-01-28T21:20:28+00:00","2021-01-28T22:52:15+00:00"
"rec_0b4e0a461a125c8b3adb75b2b926174aa68ec45e","2022-11-27_13h27m19_Voix 103 Explication avec Aloïs.m4a","\\SyNAS\Records\2022-July-Dec","16896375","16.11 MB","2022-11-27T13:27:00+00:00","2022-11-27T12:27:19+00:00"
"rec_b39ddeccbc46132a180b8b3246310e2e9a1249d5","Audio recording 2020-06-22 16-21-06.aac","\\SyNAS\Records\2020","4575457","4.36 MB","2020-06-22T00:00:00+00:00","2020-06-22T14:23:28+00:00"
"rec_29478a4964e28bd887f4318aa8ce37f8687dfbe5","2022-09-25_15h34m00_Voix 080 insultes prostitution devant Alois.m4a","\\SyNAS\Records\2022-July-Dec","34532765","32.93 MB","2022-09-25T15:34:00+00:00","2022-09-25T13:34:00+00:00"
"rec_ae685bbd45787ee9c4c138d4ac997894af43e97a","2021_01_14_21_29_08.mp3","\\SyNAS\Records\Audio\Time_Sort\2021","3217866","3.07 MB","2021-01-14T21:29:08+00:00","2021-01-14T20:32:29+00:00"
"rec_18e09fe931d2b532abacdab4698d0f9c9b91ba6e","2021_04_14_12_30_02 strategie clarifiee.mp3","\\SyNAS\Records\2021","12397922","11.82 MB","2021-04-14T12:30:02+00:00","2021-04-14T10:42:57+00:00"
"rec_a3178f563555132ca324878b0712437727bb5737","2022-11-13_11h58m51_Voix 099 Aloïs Mr je sais tout.m4a","\\SyNAS\Records\2022-July-Dec","2990806","2.85 MB","2022-11-13T11:58:00+00:00","2022-11-13T10:58:51+00:00"
"rec_b27f8aea2418c7e0579c9297b5e6a49d1b65a798","2021_09_25_22_38_54.mp3","\\SyNAS\Records\2021","1636727","1.56 MB","2021-09-25T22:38:54+00:00","2021-09-25T20:40:36+00:00"
"rec_f6a3c356afc9ed5cdd40ae068fa0b38d8b4649ff","2021_01_03_21_36_58 Alois fin vacances discussion.mp3","\\SyNAS\Records\Audio\Time_Sort\2021","33955415","32.38 MB","2021-01-03T21:36:58+00:00","2021-01-03T21:12:56+00:00"
"rec_0c0230c5459bb59ff90b6223e052a445746e4cba","Audio recording 2020-10-22 12-47-18.aac","\\SyNAS\Records\2020","2627456","2.51 MB","2020-10-22T00:00:00+00:00","2020-10-22T10:48:40+00:00"
"rec_053477081ef93eddabad106b58aa04c5620182fd","2024-08-23_19h09m15_Voix 019.m4a","\\SyNAS\Records\2024-notag","996543","973.19 KB","2024-08-23T19:09:00+00:00","2024-08-23T17:09:15+00:00"
"rec_227e7eac6f81649b7f11153cce6e4dd31ae04f2c","Audio recording 2020-12-12 08-00-04.aac","\\SyNAS\Records\2020","19371289","18.47 MB","2020-12-12T00:00:00+00:00","2020-12-12T07:10:05+00:00"
"rec_495e573e258a736917d980042293854b32c204dc","Audio recording 2020-11-18 07-18-01 de bon matin.aac","\\SyNAS\Records\Audio\Time_Sort\2020","12857303","12.26 MB","2020-11-18T00:00:00+00:00","2020-11-18T06:24:40+00:00"
"rec_f6ca7b8c245bf88bb544bb0923ad112ceb6b97db","Audio recording 2020-07-05 01-26-53.wav","\\SyNAS\Records\2020","16327628","15.57 MB","2020-07-05T00:00:00+00:00","2020-07-04T23:28:26+00:00"
"rec_144429891ea656a3ddcbb0ab02fd33b04012dd3e","2021_04_12_16_36_11.mp3","\\SyNAS\Records\Audio\Time_Sort\2021","29489109","28.12 MB","2021-04-12T16:36:11+00:00","2021-04-12T15:06:55+00:00"
"rec_4254983d0a25ab52fef6d9b6a434583a9046883d","2021_01_22_12_48_46.mp3","\\SyNAS\Records\Audio\Time_Sort\2021","6955257","6.63 MB","2021-01-22T12:48:46+00:00","2021-01-22T11:56:01+00:00"
"rec_db0c065afc7274b98a2821b1ebedb864b5ef246b","Audio recording 2020-08-09 20-13-12.wav","\\SyNAS\Records\2020","2437892","2.32 MB","2020-08-09T00:00:00+00:00","2020-08-09T18:13:26+00:00"
"rec_6a4308c9cf632d55d17f56b2e6976e294434d7b3","2021_06_02_03_53_12 peur et pleurs.mp3","\\SyNAS\Records\2021","117963963","112.50 MB","2021-06-02T03:53:12+00:00","2021-06-02T03:56:03+00:00"
"rec_51417f885b7c398ddd0725dae0b3be966838ede5","2021_02_06_16_57_28.mp3","\\SyNAS\Records\Audio\Time_Sort\2021","49890114","47.58 MB","2021-02-06T16:57:28+00:00","2021-02-06T16:49:26+00:00"
"rec_c84e39515814731cf0439b0e84848ec09ff3585f","2020_12_31_14_00_12.mp3","\\SyNAS\Records\2020","3608240","3.44 MB","2020-12-31T14:00:12+00:00","2020-12-31T13:03:58+00:00"
"rec_3e23b58d1b9b3d8690915f0d33c780fdf481e5e1","Audio recording 2020-11-30 21-07-47 TA zorro.aac","\\SyNAS\Records\Audio\Time_Sort\2020","38450834","36.67 MB","2020-11-30T00:00:00+00:00","2020-11-30T20:27:38+00:00"
"rec_83590b7a2683ef6321e53c0781a134091f1eedfc","2021_07_07_14_29_43 crise cafe.mp3","\\SyNAS\Records\2021","16314617","15.56 MB","2021-07-07T14:29:43+00:00","2021-07-07T12:46:43+00:00"
"rec_b41306f4afad6abd2e57ee991d5a4fb556ffa0a2","2023-06-29_00h14m51_Voix 124 dd stress about dîner.m4a","\\SyNAS\Records\2023","33920466","32.35 MB","2023-06-29T00:14:00+00:00","2023-06-28T22:14:51+00:00"
"rec_0b9d3d586a6da874a87afd448677049a1ec0f753","2021_01_05_11_33_21.mp3","\\SyNAS\Records\2021","34479959","32.88 MB","2021-01-05T11:33:21+00:00","2021-01-05T11:09:16+00:00"
"rec_bbb4b629996644131ecef70daa95679a709d72f1","2021_01_15_18_23_18.mp3","\\SyNAS\Records\2021","135417","132.24 KB","2021-01-15T18:23:18+00:00","2021-01-15T17:23:27+00:00"
"rec_3ff7ecb4e90670c91fc5e7dd0805a837a8ef7d0d","2021_09_22_20_53_55.mp3","\\SyNAS\Records\2021","27663045","26.38 MB","2021-09-22T20:53:55+00:00","2021-09-22T19:22:45+00:00"
"rec_dfbe39d327cdd1ace6bdb3e1d298c1d395836674","Audio recording 2020-06-27 23-09-37.aac","\\SyNAS\Records\Audio\Time_Sort\2020","1361378","1.30 MB","2020-06-27T00:00:00+00:00","2020-06-27T21:10:20+00:00"
"rec_9032f6a95dec652d6a251bfa09a8817e25be6849","2021_03_12_18_01_22.mp3","\\SyNAS\Records\2021","271884470","259.29 MB","2021-03-12T18:01:22+00:00","2021-03-12T21:44:37+00:00"
"rec_c779e65f12a987158a772138992e45f009ba1c1c","2022-11-04_20h35m25_Voix 093 le journal.m4a","\\SyNAS\Records\2022-July-Dec","63078478","60.16 MB","2022-11-04T20:35:00+00:00","2022-11-04T19:35:25+00:00"
"rec_6fc78f6f27bc7b79510523b477c12d51dfe702fa","Audio recording 2020-07-07 20-35-23.wav","\\SyNAS\Records\Audio\Time_Sort\2020","29483540","28.12 MB","2020-07-07T00:00:00+00:00","2020-07-07T18:38:10+00:00"
"rec_3670caf95846a382860663c795c11e54eb37d7a0","2021_01_11_13_03_59_VaMeChercherDuChocolatLindt.mp3","\\SyNAS\Records\Audio\Time_Sort\2021","6570930","6.27 MB","2021-01-11T13:03:59+00:00","2021-01-11T13:16:06+00:00"
"rec_6bea185a918d12215e8bda54489bfed28e271c47","2021_01_31_19_11_42 arrete de polluer ma boite.mp3","\\SyNAS\Records\Audio\Time_Sort\2021","581380","567.75 KB","2021-01-31T19:11:42+00:00","2021-01-31T18:12:19+00:00"
"rec_548532d046dec48c4e5564360509a911a7794088","2024-06-09_20h02m10_Voix 004 alois voiture.m4a","\\SyNAS\Records\2024-notag","134730856","128.49 MB","2024-06-09T20:02:00+00:00","2024-06-09T18:02:10+00:00"
"rec_e928b329358f9d5daa7985f80234570e32ecce74","Audio recording 2020-07-02 20-56-48.aac","\\SyNAS\Records\Audio\Time_Sort\2020","28428820","27.11 MB","2020-07-02T00:00:00+00:00","2020-07-02T19:11:28+00:00"
"rec_367dbbf2d288881015eb0a9e4254c0ef46788ca3","2021_02_09_17_28_52 tu la ferme psychiatrique.mp3","\\SyNAS\Records\Audio\Time_Sort\2021","43614039","41.59 MB","2021-02-09T17:28:52+00:00","2021-02-09T17:14:19+00:00"
"rec_a00cc73c43d02cd6efd87b6d418f0967fcd9a447","2021_06_23_15_59_03.mp3","\\SyNAS\Records\2021","10423901","9.94 MB","2021-06-23T15:59:03+00:00","2021-06-23T14:09:55+00:00"
"rec_50e6674321fd04c4ffd22ab9005817134de5ea11","2021_05_27_19_56_38 stores fermés .mp3","\\SyNAS\Records\2021","12865200","12.27 MB","2021-05-27T19:56:38+00:00","2021-05-27T18:10:02+00:00"
"rec_8f5f5c765399fd323b34d6fadfeb5a130f5ffcc9","2021_02_18_10_38_27.mp3","\\SyNAS\Records\Audio\Time_Sort\2021","117117177","111.69 MB","2021-02-18T10:38:27+00:00","2021-02-18T11:40:29+00:00"
"rec_470b95eee9913974e3f653d2e1bf004f8ec9b7d0","2022-11-27_13h50m22_Voix 103 Aloïs seconde thérapie.m4a","\\SyNAS\Records\2022-July-Dec","22297575","21.26 MB","2022-11-27T13:50:00+00:00","2022-11-27T12:50:22+00:00"
"rec_a4dec90604722028b79533a0d11cc918c1b2965e","2020-05-13_21h22m52_Chapitre 3.m4a","\\SyNAS\Records\2020","19316060","18.42 MB","2020-05-13T21:22:00+00:00","2020-05-13T19:22:52+00:00"
"rec_f01138c8b2aa50d19d1caca11bf8ca9408b84c28","2022-06-27_19h13m24_Voix 023 denner avec  Alois.m4a","\\SyNAS\Records\2022-July-Dec","30987515","29.55 MB","2022-06-27T19:13:00+00:00","2022-06-27T17:13:24+00:00"
"rec_a9d6ec8cb37dac06e9ab09934e0b6a1998f110b1","2021_01_24_20_53_25 lecture.mp3","\\SyNAS\Records\Audio\Time_Sort\2021","19613151","18.70 MB","2021-01-24T20:53:25+00:00","2021-01-24T20:13:51+00:00"
"rec_3e9f95d1b08cdfc481142b0d2c777722b21abf8d","2021_03_28_13_05_49.mp3","\\SyNAS\Records\2021","3469896","3.31 MB","2021-03-28T13:05:49+00:00","2021-03-28T11:09:26+00:00"
"rec_4066d422fa5c2e7a374e1a3ad6e7e42356ed756e","2020_11_23_07_52_19 morning.mp3","\\SyNAS\Records\Audio\2020-Unsorted","155079992","147.90 MB","2020-11-23T07:52:19+00:00","2020-11-23T09:33:52+00:00"
"rec_b6d610b8a7b9adaaf445e352dbffc27706def10e","Audio recording 2020-06-26 20-28-13 surdoué.aac","\\SyNAS\Records\2020","100240458","95.60 MB","2020-06-26T00:00:00+00:00","2020-06-26T19:19:56+00:00"
"rec_ccc002f02e8c3431039fe503b0b99b921a395aa5","2021_05_08_07_08_30 reveil.mp3","\\SyNAS\Records\2021","10503313","10.02 MB","2021-05-08T07:08:30+00:00","2021-05-08T05:19:26+00:00"
"rec_6aaee5075bcba4c3a236f04c1d10c06772640097","2021_02_12_19_17_43.mp3","\\SyNAS\Records\Audio\Time_Sort\2021","54236111","51.72 MB","2021-02-12T19:17:43+00:00","2021-02-12T19:14:13+00:00"
"rec_344ba35b14fae2b14eaf611e767b026b7d4caddc","2020_12_22_12_37_29 ton chien.mp3","\\SyNAS\Records\2020","9381510","8.95 MB","2020-12-22T12:37:29+00:00","2020-12-22T11:47:15+00:00"
"rec_5a597b0fd41ddab0d606dc2535ac1240f3694efd","Audio recording 2020-09-24 22-18-04.aac","\\SyNAS\Records\2020","290932492","277.45 MB","2020-09-24T00:00:00+00:00","2020-09-24T22:48:12+00:00"
"rec_161f89ed793762e45694919904ae4739ab7ad0c8","2023-07-10_12h11m42_Voix 003 lawyer.m4a","\\SyNAS\Records\2023","75587678","72.09 MB","2023-07-10T12:11:00+00:00","2023-07-10T10:11:42+00:00"
"rec_a716eacc12b97cb827d66f666733114a6f01f5fc","2021_05_18_22_42_26 dodo.mp3","\\SyNAS\Records\2021","15666363","14.94 MB","2021-05-18T22:42:26+00:00","2021-05-18T20:58:45+00:00"
"rec_9ac8f46b351d5c021bc02c1f027e457bb7795c78","2021_01_20_06_33_38 morning.mp3","\\SyNAS\Records\2021","48341994","46.10 MB","2021-01-20T06:33:38+00:00","2021-01-20T06:23:59+00:00"
"rec_19da7886d02c8612e83ea1ffe0cd4024963e809b","Audio recording 2020-10-23 15-23-14 après crise vendredi soir.aac","\\SyNAS\Records\2020","179399506","171.09 MB","2020-10-23T00:00:00+00:00","2020-10-23T14:55:48+00:00"
"rec_75bd267fa07a82ccbd7b7e009ccfbc2bb7245666","2021_02_12_15_34_11.mp3","\\SyNAS\Records\2021","108323734","103.31 MB","2021-02-12T15:34:11+00:00","2021-02-12T16:27:04+00:00"
"rec_28cbb16ed39280d69dae100b35cd21156deb061b","2021_03_29_23_29_20.mp3","\\SyNAS\Records\2021","2062627","1.97 MB","2021-03-29T23:29:20+00:00","2021-03-29T21:31:29+00:00"
"rec_ff4c39bdc7aa83f7330b5fe0d5604d37fd0f606d","Audio recording 2020-08-24 11-01-18.wav","\\SyNAS\Records\Audio\Time_Sort\2020","282310604","269.23 MB","2020-08-24T00:00:00+00:00","2020-08-24T09:28:00+00:00"
"rec_25f2e5cd41014003cce61a2469447bfd40d7f555","2021_02_19_14_30_30.mp3","\\SyNAS\Records\2021","1182405","1.13 MB","2021-02-19T14:30:30+00:00","2021-02-19T13:31:44+00:00"
"rec_4ac8adc7411f92ec37371e34f5ceeda7ae744668","2021_03_28_14_44_42 lance roquette.mp3","\\SyNAS\Records\Audio\Time_Sort\2021","35831639","34.17 MB","2021-03-28T14:44:42+00:00","2021-03-28T13:22:01+00:00"
"rec_eb50d46f746e51c83d39d4ea5c7baa643e5c741f","2021_03_04_21_45_23 TA histoire ka et hoh mange des fleurs.mp3","\\SyNAS\Records\2021","405420","395.92 KB","2021-03-04T21:45:23+00:00","2021-03-04T21:25:03+00:00"
"rec_7e45e52b45956ab52a4c7fd8d03e1c6fe40524da","2021_03_22_19_11_46.mp3","\\SyNAS\Records\2021","39624201","37.79 MB","2021-03-22T19:11:46+00:00","2021-03-22T18:53:02+00:00"
"rec_62fea188328e9df9b300c5435d6a6668038a737f","2023-02-04_20h34m39_Voix 124 repair.m4a","\\SyNAS\Records\2023","20352815","19.41 MB","2023-02-04T20:34:00+00:00","2023-02-04T19:34:39+00:00"
"rec_9a2aa21e9c95fefc2bf48cc5141f4072ba945f39","2020-05-14_21h38m58_Voix 030_sd fjdk.m4a","\\SyNAS\Records\Audio\Time_Sort\2020","1304720","1.24 MB","2020-05-14T21:38:00+00:00","2020-05-14T19:38:58+00:00"
"rec_39c81d2734ec5ffa7083cb7217bd66ca06fbc2d5","2024-05-17_18h46m01_Voix 002jdkfk.m4a","\\SyNAS\Records\2024-notag","16272057","15.52 MB","2024-05-17T18:46:00+00:00","2024-05-17T16:46:01+00:00"
"rec_00ea3630809f1cb58475bdebb11fd81c2bb16c07","2020_09_04_19_33_13 soirée .mp3","\\SyNAS\Records\Audio\Time_Sort\2020","94859179","90.46 MB","2020-09-04T19:33:13+00:00","2020-09-04T19:12:02+00:00"
"rec_ac5dcfe07bdcae7ba41c7e52c9da6cf2059b06fb","2021_01_01_21_14_28 de droit divin.mp3","\\SyNAS\Records\Audio\Time_Sort\2020","1481859","1.41 MB","2021-01-01T21:14:28+00:00","2021-01-02T01:49:24+00:00"
"rec_a401d6d1a955741030a761d1e066528c6c3eedcd","2020_12_27_13_52_25.mp3","\\SyNAS\Records\2020","1145625","1.09 MB","2020-12-27T13:52:25+00:00","2020-12-27T12:53:37+00:00"
"rec_7e4f59f9635a49cfefcfa6a9ee46c866a54d9c9a","2020-05-10_21h08m10_Voix 020_sd.m4a","\\SyNAS\Records\Audio\Time_Sort\2020","27742644","26.46 MB","2020-05-10T21:08:00+00:00","2020-05-10T19:08:10+00:00"
"rec_14febe40442554075e9db0291f7d32e3a83935ee","2022-07-07_22h55m17_Voix 035 histoire.m4a","\\SyNAS\Records\2022-July-Dec","44713873","42.64 MB","2022-07-07T22:55:00+00:00","2022-07-07T20:55:17+00:00"
"rec_693d804a0ec31687edc4413f40c78eae8e2a93ed","2022-11-22_22h28m56_Voix 100 coupe du monde.m4a","\\SyNAS\Records\2022-July-Dec","55148123","52.59 MB","2022-11-22T22:28:00+00:00","2022-11-22T21:28:56+00:00"
"rec_a5da5fae6d0cdad14cfa73ed3769bde73d4ae1f3","2021_02_02_12_06_30.mp3","\\SyNAS\Records\2021","22824750","21.77 MB","2021-02-02T12:06:30+00:00","2021-02-02T11:30:17+00:00"
"rec_cf4a46b82e58ada4565b9292d334b15e9010acaf","2021_02_18_12_40_36.mp3","\\SyNAS\Records\2021","128257043","122.32 MB","2021-02-18T12:40:36+00:00","2021-02-18T13:54:12+00:00"
"rec_3bb2cb26cdc8480ad8c36e7247dbcbde0ce05f28","Audio recording 2020-08-17 20-38-06.wav","\\SyNAS\Records\Audio\Time_Sort\2020","133845308","127.64 MB","2020-08-17T00:00:00+00:00","2020-08-17T18:50:45+00:00"
"rec_b1b12bc1e2c8bbd27061bf4a188c17bd73cfa819","Audio recording 2020-09-04 10-57-12.wav","\\SyNAS\Records\2020","325570940","310.49 MB","2020-09-04T00:00:00+00:00","2020-09-04T09:28:01+00:00"
"rec_5ca9a12910d0f59db1138d6a103b723feda4c24a","2021_01_07_21_11_38.mp3","\\SyNAS\Records\2021","142941","139.59 KB","2021-01-07T21:11:38+00:00","2021-01-07T20:11:47+00:00"
"rec_72a7e5e607711af0b5fd3802fa2587dfe2eb338d","2021_08_21_14_08_47.mp3","\\SyNAS\Records\2021","2814874","2.68 MB","2021-08-21T14:08:47+00:00","2021-08-21T12:11:44+00:00"
"rec_29cf57a0f4a86f6e7cde5722fa3e66adb7c3e411","2021_01_27_20_44_42.mp3","\\SyNAS\Records\2021","33091499","31.56 MB","2021-01-27T20:44:42+00:00","2021-01-27T20:19:10+00:00"
"rec_bd3766e09202f37acc8a8b6309540be8b04920d4","2020_12_30_20_40_02.mp3","\\SyNAS\Records\Audio\Time_Sort\2020","267492","261.22 KB","2020-12-30T20:40:02+00:00","2020-12-30T19:40:19+00:00"
"rec_be2958f2985b8981b66f19b213d073130b12dff3","2020-05-23_21h26m22_Voix 045_sd harcelemtnz.m4a","\\SyNAS\Records\Audio\Time_Sort\2020","136448245","130.13 MB","2020-05-23T21:26:00+00:00","2020-05-23T19:26:22+00:00"
"rec_3cc617837611831c92ebf522c4c3458a0cf2f0a6","2023-09-23_16h12m00_Voix 014.m4a","\\SyNAS\Records\2023","113316863","108.07 MB","2023-09-23T16:12:00+00:00","2023-09-23T14:12:00+00:00"
"rec_97fe41616d219729a9b3549408684016567a9d92","2021_05_06_12_03_49 lunch.mp3","\\SyNAS\Records\2021","60657579","57.85 MB","2021-05-06T12:03:49+00:00","2021-05-06T11:07:01+00:00"
"rec_3c0c1177878a25506e80d091b58b4d2b313d95fc","2020_08_01_11_50_15.mp3","\\SyNAS\Records\Audio\Time_Sort\2020","67284322","64.17 MB","2020-08-01T11:50:15+00:00","2020-08-01T11:00:20+00:00"
"rec_a70c46b0913c5234829a9c9d3eaf2bb81b16922a","Audio recording 2020-11-05 14-05-40.aac","\\SyNAS\Records\Audio\Time_Sort\2020","50132802","47.81 MB","2020-11-05T00:00:00+00:00","2020-11-05T13:31:32+00:00"
"rec_c022929105d6e450b032127b86da895cee05fcb4","2021_06_14_12_35_38.mp3","\\SyNAS\Records\2021","3192789","3.04 MB","2021-06-14T12:35:38+00:00","2021-06-14T10:38:58+00:00"
"rec_17a11a7f80209d122420e3d7b48dcb6627a2eb29","2020_12_31_23_42_14.mp3","\\SyNAS\Records\2020","66058026","63.00 MB","2020-12-31T23:42:14+00:00","2020-12-31T23:51:09+00:00"
"rec_4cb3c370a894b81d6f0bb4c8b6531994b7df3352","20220602_222722.m4a","\\SyNAS\Records\2022-Jan-July","2926376","2.79 MB","","2022-06-02T20:29:59+00:00"
"rec_458f377d8446a0bef5ed15649cd8e28d20355380","2020_08_07_10_04_59.mp3","\\SyNAS\Records\2020","509758910","486.14 MB","2020-08-07T10:04:59+00:00","2020-08-07T16:56:01+00:00"
"rec_d700da6e508361a1b12d2a2666a09b8b18431a02","2020_10_15_18_34_55 soir.mp3","\\SyNAS\Records\Audio\2020-Unsorted","155506310","148.30 MB","2020-10-15T18:34:55+00:00","2020-10-15T19:16:55+00:00"
"rec_f06d6609fb8e9929854065360d375243bc3edf8d","2021_02_12_14_27_50 repas harcelement.mp3","\\SyNAS\Records\2021","51555682","49.17 MB","2021-02-12T14:27:50+00:00","2021-02-12T14:21:32+00:00"
"rec_b2999fe6ebe4fcc7d83a5ebed7290b1b823bc8a0","Audio recording 2020-07-03 21-29-43 les musiciens de Brême.wav","\\SyNAS\Records\2020","180256148","171.91 MB","2020-07-03T00:00:00+00:00","2020-07-03T19:46:44+00:00"
"rec_9624dfa6f3c3d97b16e4292eb8a288e7d8d50ba7","2024-07-09_22h13m54_Voix 012 dd end of day discussion.m4a","\\SyNAS\Records\2024_DD_theater","210755760","200.99 MB","2024-07-09T22:13:00+00:00","2024-07-09T20:13:54+00:00"
"rec_47b8a1b3285f156cb06196d1e6e48f16e1c21a77","Audio recording 2020-12-12 08-00-04.aac","\\SyNAS\Records\Audio\Time_Sort\2020","19371289","18.47 MB","2020-12-12T00:00:00+00:00","2020-12-12T07:10:05+00:00"
"rec_be812fbaf2f721641701e9058a9767d541f7f44c","2021_06_11_12_06_57.mp3","\\SyNAS\Records\2021","177330885","169.12 MB","2021-06-11T12:06:57+00:00","2021-06-11T13:11:43+00:00"
"rec_44090f1db45bccd0eda632d8bc232d774091d106","2021_04_14_20_59_39 cobfidences a sa soeur.mp3","\\SyNAS\Records\2021","47778167","45.56 MB","2021-04-14T20:59:39+00:00","2021-04-14T19:49:26+00:00"
"rec_219e7a464b8463ae125dabe1411fa5d5c93d6717","20220607_210517.m4a","\\SyNAS\Records\2022-Jan-July","302369","295.28 KB","","2022-06-07T19:05:34+00:00"
"rec_f59ee84f223f0aaa14437529f28576fe00d444fb","2021_01_27_20_44_42.mp3","\\SyNAS\Records\Audio\Time_Sort\2021","33091499","31.56 MB","2021-01-27T20:44:42+00:00","2021-01-27T20:19:10+00:00"
"rec_f32330e397209c83ebb338c6a111b18c777e44d2","2020_11_06_23_38_59 border au lit.mp3","\\SyNAS\Records\Audio\2020-Unsorted","7402056","7.06 MB","2020-11-06T23:38:59+00:00","2020-11-08T21:19:01+00:00"
"rec_9f2300587839a12521e90462e176d71e551f6bbf","2020_08_11_17_30_52.mp3","\\SyNAS\Records\2020","34843166","33.23 MB","2020-08-11T17:30:52+00:00","2020-08-11T16:07:10+00:00"
"rec_394904f3b4fd7c12f24044863ac67e3b91028b2f","2021_02_19_12_40_11.mp3","\\SyNAS\Records\2021","7771950","7.41 MB","2021-02-19T12:40:11+00:00","2021-02-19T11:48:17+00:00"
"rec_d6712a20ecc831ac16f3252d6197e2cf83fb928d","Audio recording 2020-09-10 13-34-42.aac","\\SyNAS\Records\2020","6120395","5.84 MB","2020-09-10T00:00:00+00:00","2020-09-10T11:37:53+00:00"
"rec_1eeb5e7c2fd71ccc4f52f6c14797069bfbabaa18","2020_12_28_19_50_48.mp3","\\SyNAS\Records\Audio\Time_Sort\2020","5807123","5.54 MB","2020-12-28T19:50:48+00:00","2020-12-28T18:56:51+00:00"
"rec_5cfd7ddadea89ba4a6aa608a45c138bf7dced8ff","2023-12-26_17h58m34_Voix 022 fin de ballade.m4a","\\SyNAS\Records\2023","115368407","110.02 MB","2023-12-26T17:58:00+00:00","2023-12-26T16:58:34+00:00"
"rec_393f14a82b20356442abc6a6ea5ebfc133d3a2d5","2021_03_16_19_15_07 horrible mere.mp3","\\SyNAS\Records\Audio\Time_Sort\2021","78132034","74.51 MB","2021-03-16T19:15:07+00:00","2021-03-16T19:36:30+00:00"
"rec_29d8bba56ea83c3a757530d5c1379de2dde75673","Audio recording 2020-09-01 16-13-29.wav","\\SyNAS\Records\Audio\Time_Sort\2020","13244156","12.63 MB","2020-09-01T00:00:00+00:00","2020-09-01T14:14:45+00:00"
"rec_25bbe655f765b17af59c5890079b53e56df4278e","2021_02_03_12_34_37.mp3","\\SyNAS\Records\Audio\Time_Sort\2021","14956250","14.26 MB","2021-02-03T12:34:37+00:00","2021-02-03T11:50:12+00:00"
"rec_431533e481a8ff90b0961cb65aedaf09a866814e","2020_10_15_12_53_59midi.mp3","\\SyNAS\Records\Audio\2020-Unsorted","88428041","84.33 MB","2020-10-15T12:53:59+00:00","2020-10-15T12:26:06+00:00"
"rec_a5c07263f38e864b30f09f2a95d91249e8825f8f","2021_05_09_10_48_08 Gardening is a relaxing therapy.mp3","\\SyNAS\Records\2021","629027","614.28 KB","2021-05-09T10:48:08+00:00","2021-05-09T08:48:47+00:00"
"rec_7c193784ca6e44faac97f2f5eb88b923431933e4","2021_06_07_12_43_30 debrief and meetjngs.mp3","\\SyNAS\Records\2021","64000834","61.04 MB","2021-06-07T12:43:30+00:00","2021-06-07T11:50:13+00:00"
"rec_f318012b0e4a31cf05cee842402f24576c444661","2020-05-11_13h14m10_Voix 025_sd.m4a","\\SyNAS\Records\2020","22104998","21.08 MB","2020-05-11T13:14:00+00:00","2020-05-11T11:14:10+00:00"
"rec_dfef38cfa23f51df91baa6c5cb05bb161ccad396","2021_01_28_11_00_21.mp3","\\SyNAS\Records\2021","5081128","4.85 MB","2021-01-28T11:00:21+00:00","2021-01-28T10:05:38+00:00"
"rec_d7ec44b396d990cd0924ea1b01a1fa339ef762e6","2024-07-28_20h42m33_Voix 016 au revoir voiture.m4a","\\SyNAS\Records\2024-notag","20073535","19.14 MB","2024-07-28T20:42:00+00:00","2024-07-28T18:42:33+00:00"
"rec_e70da9c762bf9fc5022595c4638950f642b121ef","2021_01_18_16_03_33.mp3","\\SyNAS\Records\2021","81985200","78.19 MB","2021-01-18T16:03:33+00:00","2021-01-18T16:28:57+00:00"
"rec_faad41d771d1838d36876c39fbd686f6a356799c","2023-06-23_02h27m39_Voix 158 dd first talk.m4a","\\SyNAS\Records\2023","311042588","296.63 MB","2023-06-23T02:27:00+00:00","2023-06-23T00:27:39+00:00"
"rec_eb9c6ca3a94a6d9595c95bd42c1aa1a5f49dad3e","2021_02_13_18_05_45.mp3","\\SyNAS\Records\2021","553794","540.81 KB","2021-02-13T18:05:45+00:00","2021-02-13T17:06:20+00:00"
"rec_fd90f274a71ecc93a1116691775ddd277ff52685","Audio recording 2020-06-27 23-13-45.aac","\\SyNAS\Records\2020","190725881","181.89 MB","2020-06-27T00:00:00+00:00","2020-06-27T22:52:10+00:00"
"rec_2a3da77848d83937694c40e22d5ace3f43f689e8","2024-06-04_19h23m17_Voix 004 dd tirade.m4a","\\SyNAS\Records\2024_DD_theater","9982029","9.52 MB","2024-06-04T19:23:00+00:00","2024-06-04T17:23:17+00:00"
"rec_dc6c7aeb858c7943283ecbd740fb9c39294d0587","2021_03_29_23_29_20.mp3","\\SyNAS\Records\Audio\Time_Sort\2021","2062627","1.97 MB","2021-03-29T23:29:20+00:00","2021-03-29T21:31:29+00:00"
"rec_3efbcb341836b04a87b0e33ad6616ceeff9af4b7","2023-03-09_19h51m56_Voix 144 visite Steinhausen.m4a","\\SyNAS\Records\2023","38905247","37.10 MB","2023-03-09T19:51:00+00:00","2023-03-09T18:51:56+00:00"
"rec_513dd58138787e196c100c1be5de60db9e52a9c2","Audio recording 2020-12-02 07-03-00 KTA evet matin.aac","\\SyNAS\Records\2020","44877847","42.80 MB","2020-12-02T00:00:00+00:00","2020-12-02T06:26:10+00:00"
"rec_76f6acbd84252ef8155d02d8249ede2e81cda85d","2021_01_13_12_21_40 KT tas des problemes faire soigner.mp3","\\SyNAS\Records\2021","32145239","30.66 MB","2021-01-13T12:21:40+00:00","2021-01-13T11:55:09+00:00"
"rec_44e8470784614128b495a6607b79008bdd9dc45a","Audio recording 2020-12-10 21-39-21 zorro.aac","\\SyNAS\Records\Audio\Time_Sort\2020","10629625","10.14 MB","2020-12-10T00:00:00+00:00","2020-12-10T20:44:51+00:00"
"rec_191fed1669bb2916d10f92b804f42a432c9f43dd","Audio recording 2020-09-06 19-10-47 dessous de plat cassé.aac","\\SyNAS\Records\2020","7747240","7.39 MB","2020-09-06T00:00:00+00:00","2020-09-06T17:14:48+00:00"
"rec_7da4045a85de5c9d9f68b118e399dbee6f4939eb","2020-10-11 16-46-44 Hello.aac","\\SyNAS\Records\2020","2412970","2.30 MB","2020-10-11T00:00:00+00:00","2020-10-11T14:48:00+00:00"
"rec_ab29a61bc9dc5c6ce1abb2ac61e260dbec57d7ce","2022-07-13_11h07m11_Voix 039.m4a","\\SyNAS\Records\2022-July-Dec","130150","127.10 KB","2022-07-13T11:07:00+00:00","2022-07-13T09:07:11+00:00"
"rec_0413a472b0b876f4c1b996ff6bd1c884dd4c7a0c","2023-11-26_21h38m50_Voix 016 violence sur enfant.m4a","\\SyNAS\Records\2023","1209070","1.15 MB","2023-11-26T21:38:00+00:00","2023-11-26T20:38:50+00:00"
"rec_1fa5e3d92112227684ac84dda95e73d0e711c805","2023-06-13_17h36m18_Voix 156.m4a","\\SyNAS\Records\2023","4980500","4.75 MB","2023-06-13T17:36:00+00:00","2023-06-13T15:36:18+00:00"
"rec_4c3e3bb9cddc0e07d4ab3942a19928a8a89fb66f","2021_02_09_18_14_39.mp3","\\SyNAS\Records\2021","51902170","49.50 MB","2021-02-09T18:14:39+00:00","2021-02-09T18:08:43+00:00"
"rec_6e73c244cb81294ed30f35b9382b644933f77da6","2021_03_06_22_45_14.mp3","\\SyNAS\Records\Audio\Time_Sort\2021","8475549","8.08 MB","2021-03-06T22:45:14+00:00","2021-03-06T22:15:18+00:00"
"rec_336c6eef055f6039ae6c1ff2f9cae68b4b809c2c","2022_05_31_20_13_20 netfpux avec Alois.mp3","\\SyNAS\Records\2022-Jan-July","66182999","63.12 MB","2022-05-31T20:13:20+00:00","2022-05-31T19:22:17+00:00"
"rec_683b74b92490eb8c4b3004869ae1c7a785f8d43d","2020_12_31_12_13_17.mp3","\\SyNAS\Records\Audio\Time_Sort\2020","19702594","18.79 MB","2020-12-31T12:13:17+00:00","2020-12-31T11:33:48+00:00"
"rec_02cca939869b149fbb806287d15dcf0e534a9b05","2022-07-08_16h02m01_Voix 035 vacances.m4a","\\SyNAS\Records\2022-July-Dec","12696113","12.11 MB","2022-07-08T16:02:00+00:00","2022-07-08T14:02:01+00:00"
"rec_2b68cf262cc86b628ffdf7fda219c92a1a7307d4","2021_02_16_14_05_19.mp3","\\SyNAS\Records\Audio\Time_Sort\2021","2959150","2.82 MB","2021-02-16T14:05:19+00:00","2021-02-16T13:08:26+00:00"
"rec_c5ebda48b3829abaf23346d321e866507ef26afd","2019-10-15_23h48m18_Tnm.m4a","\\SyNAS\Records\2019","91739","89.59 KB","2019-10-15T23:48:00+00:00","2019-10-15T21:48:18+00:00"
"rec_d1882e19ea1e93ebfe5f42a108b82b0d0d4f6157","2020_09_24_16_26_53.mp3","\\SyNAS\Records\Audio\2020-Unsorted","224473337","214.07 MB","2020-09-24T16:26:53+00:00","2020-09-24T18:20:43+00:00"
"rec_6c1f134ded54d1f067e1d1356cf90fea35890d68","2022-11-24_18h58m04_Voix 101 retour calme de course.m4a","\\SyNAS\Records\2022-July-Dec","2686232","2.56 MB","2022-11-24T18:58:00+00:00","2022-11-24T17:58:04+00:00"
"rec_259fdb3f64b30f346910be8ef8a1e290262a220c","2021_02_13_13_01_27 KT avocat trop gentille.mp3","\\SyNAS\Records\2021","6833213","6.52 MB","2021-02-13T13:01:27+00:00","2021-02-13T12:08:34+00:00"
"rec_c60b4329ac83977746159c6d1450f9a88ca862d9","2021_01_02_17_17_43.mp3","\\SyNAS\Records\2021","53713605","51.23 MB","2021-01-02T17:17:43+00:00","2021-01-02T17:13:41+00:00"
"rec_1bece71333282112c77ed44695d6304b4e625c57","Audio recording 2020-12-08 20-13-25.aac","\\SyNAS\Records\2020","56298724","53.69 MB","2020-12-08T00:00:00+00:00","2020-12-08T19:42:29+00:00"
"rec_b1fe0bb9d6cb8dd6854d8befde8f6fac08490540","2021_06_05_13_17_55 tonight forever.mp3","\\SyNAS\Records\2021","486085","474.69 KB","2021-06-05T13:17:55+00:00","2021-06-05T11:18:25+00:00"
"rec_db59f6f6a5eea8419614ccb33301b8c26688c410","2020_08_22_16_40_44.mp3","\\SyNAS\Records\Audio\Time_Sort\2020","4602565","4.39 MB","2020-08-22T16:40:44+00:00","2020-08-22T14:45:32+00:00"
"rec_7f97900dd322c31f2297890e548fa8cf29ac976e","2021_01_10_16_38_54.mp3","\\SyNAS\Records\2021","589321","575.51 KB","2021-01-10T16:38:54+00:00","2021-01-10T15:39:31+00:00"
"rec_2fb9ef85d6d9ba13a1c1eb80d446fe930a0c4d32","2021_01_30_21_52_46.mp3","\\SyNAS\Records\2021","22409716","21.37 MB","2021-01-30T21:52:46+00:00","2021-01-30T21:16:07+00:00"
"rec_44156047fd07e07cb0876c0905a8672b97010871","2020_09_17_17_12_14 devoir a la maison.mp3","\\SyNAS\Records\Audio\2020-Unsorted","12153416","11.59 MB","2020-09-17T17:12:14+00:00","2020-09-17T15:24:54+00:00"
"rec_52dce5f938c200d2b3bb678f45b1dc4ac77fcc23","Audio recording 2020-08-29 09-14-07.wav","\\SyNAS\Records\Audio\Time_Sort\2020","128260484","122.32 MB","2020-08-29T00:00:00+00:00","2020-08-29T07:36:08+00:00"
"rec_a9fe46826ef67f18ac50559cd3583f87369adc8b","2020_11_13_13_48_47 security bonds.mp3","\\SyNAS\Records\2020\Tradewell-part2","5476936","5.22 MB","2020-11-13T13:48:47+00:00","2020-11-13T12:54:30+00:00"
"rec_6f8ae6457d51e54d5dfb1da9fb39c41f5aa11ddd","2022-09-11_08h03m54_Voix 069.m4a","\\SyNAS\Records\2022-July-Dec","474078","462.97 KB","2022-09-11T08:03:00+00:00","2022-09-11T06:03:54+00:00"
"rec_c10f9f3917869ee8e67742deff95b552e8069b2d","2021_02_01_13_53_47.mp3","\\SyNAS\Records\Audio\Time_Sort\2021","3247959","3.10 MB","2021-02-01T13:53:47+00:00","2021-02-01T12:57:10+00:00"
"rec_f304fa3421533b1329700cd799f1742506a48c57","2020_12_27_13_33_03.mp3","\\SyNAS\Records\Audio\Time_Sort\2020","1020655","996.73 KB","2020-12-27T13:33:03+00:00","2020-12-27T12:34:07+00:00"
"rec_5ec3ca8ba5997770f6e8dae79d3bb5bebc624033","2023-12-17_18h20m18_Voix 017 retour.m4a","\\SyNAS\Records\2023","28844253","27.51 MB","2023-12-17T18:20:00+00:00","2023-12-17T17:20:18+00:00"
"rec_0aaec51cea1eace5720e7a5f6c0a022115173a86","2020_09_02_21_23_01.mp3","\\SyNAS\Records\Audio\Time_Sort\2020","4797577","4.58 MB","2020-09-02T21:23:01+00:00","2020-09-02T19:28:02+00:00"
"rec_00089e80dcd1af0325a5e71f1f9b324747bc2489","2022-09-26_10h02m24_Voix 080 la poubelle.m4a","\\SyNAS\Records\2022-July-Dec","1504184","1.43 MB","2022-09-26T10:02:00+00:00","2022-09-26T08:02:24+00:00"
"rec_d3651665a6e9d36116e88b6e98c8824b85a3a0c0","2021_01_31_19_31_26 KTA repas du soir.mp3","\\SyNAS\Records\Audio\Time_Sort\2021","38459349","36.68 MB","2021-01-31T19:31:26+00:00","2021-01-31T19:11:30+00:00"
"rec_f0a74fc8eaddfed4e6ae633ccddf4e41ccd21d8f","2021_03_25_20_56_08.mp3","\\SyNAS\Records\Audio\Time_Sort\2021","2028772","1.93 MB","2021-03-25T20:56:08+00:00","2021-03-25T19:58:15+00:00"
"rec_ad845e62c7e0c4dc2ab8181914bc1fc518563c57","2021_07_03_08_08_48.mp3","\\SyNAS\Records\2021","172439509","164.45 MB","2021-07-03T08:08:48+00:00","2021-07-03T09:08:26+00:00"
"rec_171d66e67d2bcf42aad6c257c28a0066b7de4ca5","Audio recording 2020-11-15 08-04-47.aac","\\SyNAS\Records\Audio\Time_Sort\2020","23801017","22.70 MB","2020-11-15T00:00:00+00:00","2020-11-15T07:21:52+00:00"
"rec_996a9e52701988c768c3da2680dcc91b1c6cd79f","2021_06_27_14_24_08 midi.mp3","\\SyNAS\Records\2021","18277772","17.43 MB","2021-06-27T14:24:08+00:00","2021-06-27T12:43:11+00:00"
"rec_ac0027e7597d5abef02a1aab921480c5ca4a10b0","Audio recording 2020-11-22 15-14-51.aac","\\SyNAS\Records\2020","3955059","3.77 MB","2020-11-22T00:00:00+00:00","2020-11-22T14:16:54+00:00"
"rec_08b53f094a0726f76451cb5c12441b9b87272268","2020-04-04_05h53m40_Recording (23)_Dinda.m4a","\\SyNAS\Records\WebStorage\DD","41185131","39.28 MB","2020-04-04T05:53:00+00:00","2020-04-05T23:41:19+00:00"
"rec_5fe990e010e1dfeab3a1b65e1979ec2b4a5b3cbb","2022-08-03_00h31m08_Entretien 001 zkb.m4a","\\SyNAS\Records\2022-July-Dec","4102810","3.91 MB","2022-08-03T00:31:00+00:00","2022-08-02T22:31:08+00:00"
"rec_69f3205cdfccd28c7d7e0652ef385eab23d0e1f9","2021_05_08_16_26_11.mp3","\\SyNAS\Records\2021","7479796","7.13 MB","2021-05-08T16:26:11+00:00","2021-05-08T14:33:58+00:00"
"rec_674fb21a75519a3767034ad2ec6c5126f0c14be8","2021_01_26_18_45_35 dirige de son canape.mp3","\\SyNAS\Records\Audio\Time_Sort\2021","19298846","18.40 MB","2021-01-26T18:45:35+00:00","2021-01-26T18:05:41+00:00"
"rec_579664c74cb67e60b5b643eb175cacf7d4d8f183","2022-11-05_20h02m53_Retour de Zürich.m4a","\\SyNAS\Records\2022-July-Dec","89581796","85.43 MB","2022-11-05T20:02:00+00:00","2022-11-05T19:02:53+00:00"
"rec_7d02ac7bd234f8df402dcf32f90740e313b3d8c9","2021_02_14_20_14_38.mp3","\\SyNAS\Records\2021","16328410","15.57 MB","2021-02-14T20:14:38+00:00","2021-02-14T19:31:38+00:00"
"rec_5f0626303e6acfeeee6e1b941561328cdb3ff73e","2021_10_17_18_47_03 ranger chambre.mp3","\\SyNAS\Records\2021","36907466","35.20 MB","2021-10-17T18:47:03+00:00","2021-10-17T17:25:30+00:00"
"rec_d1475ba5be0946cc94e47e5754b808f1ab76876a","2021_03_09_07_50_00 YDS other meeting.mp3","\\SyNAS\Records\2021","145776221","139.02 MB","2021-03-09T07:50:00+00:00","2021-03-09T09:21:51+00:00"
"rec_a9de0d7c42bc09f732ac4f001d25db9566bc9638","Audio recording 2020-07-21 21-20-35 KTA_Diffamation_Famille_Les_Tuches.wav","\\SyNAS\Records\Audio\Time_Sort\2020","77058620","73.49 MB","2020-07-21T00:00:00+00:00","2020-07-21T19:27:52+00:00"
"rec_daa111119c68339306facf74e2723dc5f603a378","2019-10-19_17h29m14_Saxi.m4a","\\SyNAS\Records\2019","201877","197.15 KB","2019-10-19T17:29:00+00:00","2019-10-19T15:29:14+00:00"
"rec_a3bed7c32a293082224fab8b69324c116e0a3d52","2021_04_18_12_33_02.mp3","\\SyNAS\Records\Audio\Time_Sort\2021","17191079","16.39 MB","2021-04-18T12:33:02+00:00","2021-04-18T10:53:14+00:00"
"rec_a0126e6558e697f8f77cb1aa9f2b3ab99e79d84f","Audio recording 2020-10-24 18-21-46.aac","\\SyNAS\Records\2020","264829","258.62 KB","2020-10-24T00:00:00+00:00","2020-10-24T16:21:55+00:00"
"rec_b37c76dccc86bd4f49d093953c74534ba1c34d78","20220715_171520.m4a","\\SyNAS\Records\2022-Jan-July","47295136","45.10 MB","","2022-07-15T15:57:57+00:00"
"rec_0a80c4ef4e354ea1dc802d591c43451fd5bbaaec","2019-10-28_18h02m18_Enregistrement_423.wav","\\SyNAS\Records\2019","350873699","334.62 MB","2019-10-28T18:02:00+00:00","2019-10-28T17:02:18+00:00"
"rec_52a0e19d39a2ddb6b2cd7a9e130127b5f41595fc","2021_06_28_12_42_48.mp3","\\SyNAS\Records\2021","4931081","4.70 MB","2021-06-28T12:42:48+00:00","2021-06-28T10:47:56+00:00"
"rec_da36759c4bce4e04d72e947a14466d3feed06bc2","Audio recording 2020-09-27 21-31-01.aac","\\SyNAS\Records\2020","8414753","8.02 MB","2020-09-27T00:00:00+00:00","2020-09-27T19:35:23+00:00"
"rec_871830809e8a24d577e4e709f039b962a9ad4668","Audio recording 2020-09-13 14-35-28.aac","\\SyNAS\Records\2020","3523060","3.36 MB","2020-09-13T00:00:00+00:00","2020-09-13T12:37:18+00:00"
"rec_8b4571a2373d25cf972318af205116b65d3ef1c7","Audio recording 2020-06-29 20-53-02.aac","\\SyNAS\Records\Audio\Time_Sort\2020","31697460","30.23 MB","2020-06-29T00:00:00+00:00","2020-06-29T19:09:24+00:00"
"rec_58854e6792cd23cab51193851f111b3835d53307","Audio recording 2020-10-25 21-28-50.aac","\\SyNAS\Records\2020","15615137","14.89 MB","2020-10-25T00:00:00+00:00","2020-10-25T20:36:54+00:00"
"rec_b91401ae1baf296dcbd879249510274c6e52c804","2022-06-21_14h53m02_Voix 014 confessions à la famille.m4a","\\SyNAS\Records\2022-July-Dec","48195579","45.96 MB","2022-06-21T14:53:00+00:00","2022-06-21T12:53:02+00:00"
"rec_cfd4ff6ac905751576d1fa507ce48836b7b3b8b4","Audio recording 2020-11-30 16-14-50 violoncelle & menaces Peter le nez.aac","\\SyNAS\Records\2020","41032483","39.13 MB","2020-11-30T00:00:00+00:00","2020-11-30T15:36:00+00:00"
"rec_ed8a5b85f3f372546130e593d0b9401c5b003350","2022-06-22_12h48m50_Voix 015 Guinée presentation.m4a","\\SyNAS\Records\2022-July-Dec","26670936","25.44 MB","2022-06-22T12:48:00+00:00","2022-06-22T10:48:50+00:00"
"rec_0ce26908839576e09adf2a0e0c361ac1a53e1880","2023-02-19_23h39m29_Voix 139 dd fin soirée.m4a","\\SyNAS\Records\2023","71421280","68.11 MB","2023-02-19T23:39:00+00:00","2023-02-19T22:39:29+00:00"
"rec_cdf72b216cb00e13bf0442fc2d04f43060dbae79","2021_06_25_15_32_31.mp3","\\SyNAS\Records\2021","77321","75.51 KB","2021-06-25T15:32:31+00:00","2021-06-25T13:32:36+00:00"
"rec_7be0005934be8500e7f51077a3cea12ee7644f61","Audio recording 2020-08-29 07-17-39.wav","\\SyNAS\Records\2020","97577468","93.06 MB","2020-08-29T00:00:00+00:00","2020-08-29T05:26:53+00:00"
"rec_786b6ba85a43a95e2ff3b69890af2a0c75af392b","20220610_120757 normal lunch.m4a","\\SyNAS\Records\2022-Jan-July","58794526","56.07 MB","","2022-06-10T11:00:21+00:00"
"rec_c1fc036c13deccfa07ed71928b2bb82037ec73c6","2021_05_30_21_38_21.mp3","\\SyNAS\Records\2021","18135666","17.30 MB","2021-05-30T21:38:21+00:00","2021-05-30T19:57:15+00:00"
"rec_edaad84fded3c9039faa184f4e86a4c2809d71d8","2021_01_18_12_38_31 KT gargamel.mp3","\\SyNAS\Records\2021","840514","820.81 KB","2021-01-18T12:38:31+00:00","2021-01-18T11:39:23+00:00"
"rec_3df339dce6fe7a50f08cb06b7786deec2caaeac3","2021_02_14_17_10_02.mp3","\\SyNAS\Records\2021","86558092","82.55 MB","2021-02-14T17:10:02+00:00","2021-02-14T17:40:13+00:00"
"rec_05dbddce26e7925d78134e99619e0029e014defc","2020_12_28_19_49_03.mp3","\\SyNAS\Records\Audio\Time_Sort\2020","1558986","1.49 MB","2020-12-28T19:49:03+00:00","2020-12-28T18:50:41+00:00"
"rec_93eb8f68985f24e8343563debf3a0c10dc1460c7","Audio recording 2020-08-27 21-13-28.wav","\\SyNAS\Records\2020","39513644","37.68 MB","2020-08-27T00:00:00+00:00","2020-08-27T19:17:12+00:00"
"rec_a28eeb955deffcf116057ef3cf827c308b9a51dc","2021_02_02_16_49_31.mp3","\\SyNAS\Records\Audio\Time_Sort\2021","14511123","13.84 MB","2021-02-02T16:49:31+00:00","2021-02-02T16:04:38+00:00"
"rec_f6566ea4c4bd65f4d7d1973177ecf76137259d79","2021_02_21_21_18_34 histoire.mp3","\\SyNAS\Records\2021","37014046","35.30 MB","2021-02-21T21:18:34+00:00","2021-02-21T20:57:07+00:00"
"rec_99dc5ff7d22fa66b11adfa39c911c4a383a980d9","2021_01_06_17_09_40 contact avec famille.mp3","\\SyNAS\Records\2021","402927","393.48 KB","2021-01-06T17:09:40+00:00","2021-01-06T16:11:47+00:00"
"rec_5c31e15344e44ac01289d683312dc66bd2a01401","2022-09-23_21h21m06_Voix 079 paroles offensives.m4a","\\SyNAS\Records\2022-July-Dec","2822175","2.69 MB","2022-09-23T21:21:00+00:00","2022-09-23T19:21:06+00:00"
"rec_3f72e420d5255d07bea33c3d1f906754b44c34c7","2021_02_09_21_46_35 ta histoire.mp3","\\SyNAS\Records\2021","11634728","11.10 MB","2021-02-09T21:46:35+00:00","2021-02-09T20:58:42+00:00"
"rec_ff2574b9ca9077ecb83c148dcfcbc336cd3b287b","2021_03_04_21_45_23 TA histoire 2 petites oreilles hors du courant_1.mp3","\\SyNAS\Records\2021","14629","14.29 KB","2021-03-04T21:45:23+00:00","2021-03-04T21:40:06+00:00"
"rec_77456c964231b41a2459cea2f71d681057f13847","2020_11_06_23_21_38 tu ramasses Alois.mp3","\\SyNAS\Records\2020","2144547","2.05 MB","2020-11-06T23:21:38+00:00","2020-11-06T22:23:52+00:00"
"rec_6563d2b2ca9f28651d03d988ce116ebf4eac9de1","2021_04_27_20_21_43.mp3","\\SyNAS\Records\Audio\Time_Sort\2021","348236485","332.10 MB","2021-04-27T20:21:43+00:00","2021-04-28T00:24:28+00:00"
"rec_87881a1a8f651bacdaab5268ca0f3ee27e1e9282","2021_02_19_13_03_00.mp3","\\SyNAS\Records\2021","2789040","2.66 MB","2021-02-19T13:03:00+00:00","2021-02-19T12:05:55+00:00"
"rec_478fb18ee858f5adb1f80e7e2d99df7ac31534d2","2021_07_18_17_59_14.mp3","\\SyNAS\Records\2021","4032887","3.85 MB","2021-07-18T17:59:14+00:00","2021-07-18T16:03:26+00:00"
"rec_a891df4c9b4af16b18f7834419385767d4353275","2021_04_11_10_29_35 doctor.mp3","\\SyNAS\Records\2021","11149060","10.63 MB","2021-04-11T10:29:35+00:00","2021-04-11T08:41:12+00:00"
"rec_35b1f925d57dfb0446ff85c25622f9457b9775f9","2021_04_06_00_02_51.mp3","\\SyNAS\Records\Audio\Time_Sort\2021","922434","900.81 KB","2021-04-06T00:02:51+00:00","2021-04-05T22:03:49+00:00"
"rec_288845dfc7934dc15a90f6fc0310b3f8731082be","2020_12_26_18_54_06.mp3","\\SyNAS\Records\2020","1039881","1015.51 KB","2020-12-26T18:54:06+00:00","2020-12-26T17:55:11+00:00"
"rec_03b5797be608fbe6cb9c4c6ef8a50938b0f89d3a","2021_01_09_15_03_11 repas.mp3","\\SyNAS\Records\Audio\Time_Sort\2021","14711326","14.03 MB","2021-01-09T15:03:11+00:00","2021-01-09T14:18:31+00:00"
"rec_1bf763af2fe908eb746c23c5848751c144cdda28","2024-07-09_22h34m13_Voix 012 dd crise de folie.m4a","\\SyNAS\Records\2024_DD_theater","10714710","10.22 MB","2024-07-09T22:34:00+00:00","2024-07-09T20:34:13+00:00"
"rec_bba5265f04bd31bdc95828014b19be5f8bb1dcc3","2021_03_20_13_11_14 KT repas.mp3","\\SyNAS\Records\Audio\Time_Sort\2021","57864358","55.18 MB","2021-03-20T13:11:14+00:00","2021-03-20T13:11:31+00:00"
"rec_3fb3567f5f5f00e0125d435cf77ad48593314470","Audio recording 2020-06-27 22-23-45.aac","\\SyNAS\Records\Audio\Time_Sort\2020","37111179","35.39 MB","2020-06-27T00:00:00+00:00","2020-06-27T20:42:54+00:00"
"rec_f7cbb380c38a8d927e55a1a8d38dfe033ef86778","Audio recording 2020-07-05 01-17-58.wav","\\SyNAS\Records\2020","59051708","56.32 MB","2020-07-05T00:00:00+00:00","2020-07-04T23:23:32+00:00"
"rec_66c009a3e66805dc7f993ac31e844ac001ac9eb9","Audio recording 2020-08-25 20-35-20.wav","\\SyNAS\Records\2020","308904668","294.59 MB","2020-08-25T00:00:00+00:00","2020-08-25T19:04:32+00:00"
"rec_1ddc8e11cc2ce14067be2d046fd50ffa86d6e454","2022-07-12_15h35m00_Voix 037 travail.m4a","\\SyNAS\Records\2022-July-Dec","13289338","12.67 MB","2022-07-12T15:35:00+00:00","2022-07-12T13:35:00+00:00"
"rec_a2ca02a1205b7a5265c276f82baa4fe76beefd77","Audio recording 2020-07-11 21-32-57.wav","\\SyNAS\Records\Audio\Time_Sort\2020","4593500","4.38 MB","2020-07-11T00:00:00+00:00","2020-07-11T19:33:22+00:00"
"rec_50ab6f4b3a8e3cc660d164ce52029faffef93b9c","2023-06-28_15h01m40_Voix 159 CAT recherche livre, chante faux.m4a","\\SyNAS\Records\2023","126631178","120.76 MB","2023-06-28T15:01:00+00:00","2023-06-28T13:01:40+00:00"
"rec_48124ab1633f0d5871617451176f4355d84298dc","2022-08-01_11h33m04_Voix 051.m4a","\\SyNAS\Records\2022-July-Dec","1953863","1.86 MB","2022-08-01T11:33:00+00:00","2022-08-01T09:33:04+00:00"
"rec_376b575d6a56fb0a4e7ce132f8884f367a60d786","Audio recording 2020-09-13 15-03-58 degage.aac","\\SyNAS\Records\2020","2519454","2.40 MB","2020-09-13T00:00:00+00:00","2020-09-13T13:05:17+00:00"
"rec_5bac122cdd7d437fa78bf1f3cc909ebfcce223e4","Audio recording 2020-08-31 19-09-57.wav","\\SyNAS\Records\Audio\Time_Sort\2020","55516652","52.94 MB","2020-08-31T00:00:00+00:00","2020-08-31T17:33:57+00:00"
"rec_e32065409164016a31a6e96b102937d6267c2095","2021_04_02_14_40_57 lunch easter.mp3","\\SyNAS\Records\Audio\Time_Sort\2021","28947016","27.61 MB","2021-04-02T14:40:57+00:00","2021-04-02T13:11:07+00:00"
"rec_5543177631b7431813ddff8979c09a18d0c607f2","2021_03_04_21_45_23 TA histoire 2 petites oreilles.mp3","\\SyNAS\Records\2021","946259","924.08 KB","2021-03-04T21:45:23+00:00","2021-03-04T21:30:24+00:00"
"rec_c02a8239c9be04a256ef97fb5104bfdd3d34a7af","2022-07-24_19h39m49_Voix 049hhdh.m4a","\\SyNAS\Records\2022-July-Dec","5596862","5.34 MB","2022-07-24T19:39:00+00:00","2022-07-24T17:39:49+00:00"
"rec_b7b4a20a6a18fdfb972cc68458d131d66d30a20c","2021_04_30_20_40_11.mp3","\\SyNAS\Records\2021","171406732","163.47 MB","2021-04-30T20:40:11+00:00","2021-04-30T21:38:44+00:00"
"rec_7b91fb71240f0b2941d13d25cf5dc02a75b72d41","2020_12_30_23_41_16 Alois confessions.mp3","\\SyNAS\Records\2020","7259950","6.92 MB","2020-12-30T23:41:16+00:00","2020-12-30T22:48:50+00:00"
"rec_9844aa24746f2b7a93989d7fde354ba1069cf655","2021_05_06_14_45_14.mp3","\\SyNAS\Records\2021","53915","52.65 KB","2021-05-06T14:45:14+00:00","2021-05-06T12:45:17+00:00"
"rec_a35e2c141e078aaf9dee20e323776c958c463b4b","Audio recording 2020-07-02 20-51-52.aac","\\SyNAS\Records\2020","5296261","5.05 MB","2020-07-02T00:00:00+00:00","2020-07-02T18:54:36+00:00"
"rec_74623d79fef313fdcad55f82ccae5ac72901737c","2024-06-18_23h17m39_Voix 004 dd retour du travail late.m4a","\\SyNAS\Records\2024_DD_theater","5162922","4.92 MB","2024-06-18T23:17:00+00:00","2024-06-18T21:17:39+00:00"
"rec_cb91d2502ae2224c5f8725356d03a3b9e27a68fd","2021_01_06_14_28_01.mp3","\\SyNAS\Records\2021","4018676","3.83 MB","2021-01-06T14:28:01+00:00","2021-01-06T13:32:12+00:00"
"rec_e9d5a451d0d26f7603284472d1962be37ab734a6","2019-10-15_23h48m26_Vevo 1.m4a","\\SyNAS\Records\Audio\Time_Sort\2019","478584","467.37 KB","2019-10-15T23:48:00+00:00","2019-10-15T21:48:26+00:00"
"rec_8705170bacf7620c67e90877e2bebe3939abf712","Audio recording 2020-08-02 01-20-04.wav","\\SyNAS\Records\Audio\Time_Sort\2020","111502484","106.34 MB","2020-08-02T00:00:00+00:00","2020-08-01T23:30:36+00:00"
"rec_36534475511f6fb962ed0b5faf9f9ac9c7015a7c","Audio recording 2020-10-29 19-08-12.aac","\\SyNAS\Records\2020","17781970","16.96 MB","2020-10-29T00:00:00+00:00","2020-10-29T18:17:23+00:00"
"rec_ad5495cf878133b9337be30b29913504eaeff783","2021_01_11_13_03_59_VaMeChercherDuChocolatLindt.mp3","\\SyNAS\Records\2021","6570930","6.27 MB","2021-01-11T13:03:59+00:00","2021-01-11T13:16:06+00:00"
"rec_90f92534f70f8447252b7e06cb5fbca0d6a646ab","2021_04_25_20_27_02.mp3","\\SyNAS\Records\2021","671659","655.92 KB","2021-04-25T20:27:02+00:00","2021-04-25T18:27:45+00:00"
"rec_f02106bc8bc69848261bdf69e866dba073cd8c4d","Audio recording 2020-09-04 17-30-57.wav","\\SyNAS\Records\Audio\Time_Sort\2020","145840508","139.08 MB","2020-09-04T00:00:00+00:00","2020-09-04T16:04:51+00:00"
"rec_cbb1b13d841b521ec62ac0091f757b08b51d371c","2021_05_30_13_10_19 lunch.mp3","\\SyNAS\Records\2021","106848338","101.90 MB","2021-05-30T13:10:19+00:00","2021-05-30T13:01:37+00:00"
"rec_6433150a5e8fa8399fd6ad77cb5633165dc208b5","2021_03_01_12_08_27 midi.mp3","\\SyNAS\Records\Audio\Time_Sort\2021","92271594","88.00 MB","2021-03-01T12:08:27+00:00","2021-03-01T12:44:35+00:00"
"rec_4c33ed56b1edb5d216a05f8ba548336d5e6a54a9","2022_05_21_16_44_46 Dinda Crisis Hausseman.mp3","\\SyNAS\Records\2022-Jan-July","10874434","10.37 MB","2022-05-21T16:44:46+00:00","2022-05-21T14:56:06+00:00"
"rec_162fb6fd7d1fc37730bf9eae457726fcc0490a8c","2020_12_30_23_01_47 TA confessions 2019.mp3","\\SyNAS\Records\2020","37308707","35.58 MB","2020-12-30T23:01:47+00:00","2020-12-30T22:40:38+00:00"
"rec_583f550edf2e7dcf431c2be644a59d02b1c55163","2020_11_04_21_46_00.mp3","\\SyNAS\Records\Audio\2020-Unsorted","3219120","3.07 MB","2020-11-04T21:46:00+00:00","2020-11-04T20:49:22+00:00"
"rec_7074107dc3ab2fb133c835632882f9ee1e6a24d7","Audio recording 2020-11-08 18-48-41 j aimerais que tu te suicides.aac","\\SyNAS\Records\Audio\2020-Unsorted","6782697","6.47 MB","2020-11-08T00:00:00+00:00","2020-11-08T17:52:12+00:00"
"rec_240b69dcb541d223be7285642e5806479a513e89","2020_07_30_12_42_49.mp3","\\SyNAS\Records\2020","70164897","66.91 MB","2020-07-30T12:42:49+00:00","2020-07-30T11:55:55+00:00"
"rec_88997c81399252401876e95162f5d0e032fc29be","2021_02_03_21_44_53.mp3","\\SyNAS\Records\2021","32698617","31.18 MB","2021-02-03T21:44:53+00:00","2021-02-03T21:18:56+00:00"
"rec_3a0f4b6e80b3ab4df1efe303afec80de378c1498","2021_03_06_16_44_50.mp3","\\SyNAS\Records\2021","21595950","20.60 MB","2021-03-06T16:44:50+00:00","2021-03-06T16:07:20+00:00"
"rec_fe38c2f32e0282853c94513898c68207f6c46317","20220606_170851.m4a","\\SyNAS\Records\2022-Jan-July","164668279","157.04 MB","","2022-06-06T17:35:37+00:00"
"rec_9c5e2f54276bf9c5c44351d2d055dcf7c1e7aaff","2020_09_13_20_29_54 soir.mp3","\\SyNAS\Records\Audio\2020-Unsorted","24185220","23.06 MB","2020-09-13T20:29:54+00:00","2020-09-13T18:55:06+00:00"
"rec_2f61980f61c873dae2765f02e27651ff375a3ca4","2021_04_17_17_16_52.mp3","\\SyNAS\Records\Audio\Time_Sort\2021","438438","428.16 KB","2021-04-17T17:16:52+00:00","2021-04-17T15:17:20+00:00"
"rec_c12c2539befd26ee68909bd7c9c48fa6f4602a82","2024-12-19_Voix 002 refus l'accès à mon appartement.m4a","\\SyNAS\Records\2024","4349720","4.15 MB","2024-12-19T00:00:00+00:00","2024-12-19T10:49:25+00:00"
"rec_d47548f031f18f35a9e52b3ef8cf8cd88ef5d837","2021_05_31_20_11_06 Alois internat interview.mp3","\\SyNAS\Records\2021","8369213","7.98 MB","2021-05-31T20:11:06+00:00","2021-05-31T18:19:49+00:00"
"rec_0e795a11ac3592c3daadbedde1f86f4beacd4145","2021_04_11_06_58_12.mp3","\\SyNAS\Records\Audio\Time_Sort\2021","3504168","3.34 MB","2021-04-11T06:58:12+00:00","2021-04-11T05:01:51+00:00"
"rec_c9922443ac8d987aa1f58363d2f2f7438b57ae6a","2021_01_26_20_48_45.mp3","\\SyNAS\Records\Audio\Time_Sort\2021","6552763","6.25 MB","2021-01-26T20:48:45+00:00","2021-01-26T19:55:34+00:00"
"rec_e469397bb64534620c27d4494bba1452f0c9cad5","2022-07-08_09h45m33_Voix 035 2h morning.m4a","\\SyNAS\Records\2022-July-Dec","120612744","115.03 MB","2022-07-08T09:45:00+00:00","2022-07-08T07:45:33+00:00"
"rec_0e3d35d26d52961e20c92b7eb050b6319043fe05","2021_06_30_19_34_06.mp3","\\SyNAS\Records\2021","47629373","45.42 MB","2021-06-30T19:34:06+00:00","2021-06-30T18:23:43+00:00"
"rec_aa6801c4045c7e1b3f4865ec690a380196b6f53f","Audio recording 2020-10-31 15-34-24 halloween.aac","\\SyNAS\Records\2020","64925587","61.92 MB","2020-10-31T00:00:00+00:00","2020-10-31T15:07:55+00:00"
"rec_c00e6e47c3231ae181f5ef0bd0fda1c25de0f6b9","2021_06_01_18_53_55 soiree avant audition.mp3","\\SyNAS\Records\2021","170505194","162.61 MB","2021-06-01T18:53:55+00:00","2021-06-01T19:51:32+00:00"
"rec_b28f9dbf4772fd3c1c87f732d7449e619dd22f9f","Audio recording 2020-12-10 15-14-55.aac","\\SyNAS\Records\Audio\Time_Sort\2020","466974066","445.34 MB","2020-12-10T00:00:00+00:00","2020-12-10T18:15:53+00:00"
"rec_1fd1164243a51868b596fb8e3c8dbf3b3e1a6b57","2022_05_29_16_56_42.mp3","\\SyNAS\Records\2022-Jan-July","6184541","5.90 MB","2022-05-29T16:56:42+00:00","2022-05-29T15:03:09+00:00"
"rec_0360acb679d5fdd27de850d00a06727c362d2bb7","2024-10-04_17h41m48_Voix 024 vendredi récupération Aloïs.m4a","\\SyNAS\Records\2024","53448628","50.97 MB","2024-10-04T17:41:00+00:00","2024-10-04T15:41:48+00:00"
"rec_bcd1b2cf507ad7a48baeeb8b026721ffe85b6a54","2021_02_19_22_08_19 tu ne sais pas avce qui tu joues.mp3","\\SyNAS\Records\Audio\Time_Sort\2021","2466376","2.35 MB","2021-02-19T22:08:19+00:00","2021-02-19T21:10:53+00:00"
"rec_3678d8c8905da8c254b8cfe97fe5f61d651db93e","2020-04-05_10h16m40_Recording (25)_Dinda.m4a","\\SyNAS\Records\Rec\DD","76507061","72.96 MB","2020-04-05T10:16:00+00:00","2020-04-05T23:43:40+00:00"
"rec_e1a10aec2649a9589bf34138eccc336e08ca0146","20220605_120706.m4a","\\SyNAS\Records\2022-Jan-July","2224056","2.12 MB","","2022-06-05T10:09:05+00:00"
"rec_a779484d7be437a75f79f9d8d078cf49ec1c1932","Audio recording 2020-12-02 20-09-12.aac","\\SyNAS\Records\Audio\Time_Sort\2020","3277048","3.13 MB","2020-12-02T00:00:00+00:00","2020-12-02T19:10:54+00:00"
"rec_9476bcad6ba75a7ca8e8527d0d54a3f84ee08cfd","2021_05_22_22_10_07.mp3","\\SyNAS\Records\2021","10259643","9.78 MB","2021-05-22T22:10:07+00:00","2021-05-22T20:20:49+00:00"
"rec_b9e1fbf61f92116e51869bd6c626547c989be9da","Audio recording 2020-07-20 12-06-12.wav","\\SyNAS\Records\Audio\Time_Sort\2020","196918892","187.80 MB","2020-07-20T00:00:00+00:00","2020-07-20T10:30:18+00:00"
"rec_64c341e62ff513267f366722daef43c4ff37ed98","2021_07_23_15_15_07.mp3","\\SyNAS\Records\2021","34367110","32.78 MB","2021-07-23T15:15:07+00:00","2021-07-23T13:50:55+00:00"
"rec_0e27a35246f83df91d30e240fc79c3240f9799cc","2021_02_01_07_19_19.mp3","\\SyNAS\Records\2021","43501180","41.49 MB","2021-02-01T07:19:19+00:00","2021-02-01T07:04:40+00:00"
"rec_9551646a7bc67f4f2450758190415440f6e95d86","2021_07_27_13_51_42 repas alian.mp3","\\SyNAS\Records\2021","218728488","208.60 MB","2021-07-27T13:51:42+00:00","2021-07-27T15:39:33+00:00"
"rec_e7dc2122e4697c448af42ea9b4ab97afb89c8381","2022-06-15_22h47m30_Voix 006 crise kebab.m4a","\\SyNAS\Records\2022-July-Dec","27209527","25.95 MB","2022-06-15T22:47:00+00:00","2022-06-15T20:47:30+00:00"
"rec_48db40d13265e9a904e6cf9fc265a5c1179873f7","2020-05-12_20h21m26_Voix 026_sd.m4a","\\SyNAS\Records\Audio\Time_Sort\2020","1595247","1.52 MB","2020-05-12T20:21:00+00:00","2020-05-12T18:21:26+00:00"
"rec_f4efbfc3109887520c410ec716d369f9bc794b0a","Audio recording 2020-07-01 10-00-27.aac","\\SyNAS\Records\Audio\Time_Sort\2020","63660351","60.71 MB","2020-07-01T00:00:00+00:00","2020-07-01T08:33:18+00:00"
"rec_33b8317dd5197cc8c31a8fdaf0798ae18dc71f43","2022_05_22_14_47_16_Dinda_AtParentPlace_In_France.mp3","\\SyNAS\Records\2022-Jan-July","328599509","313.38 MB","2022-05-22T14:47:16+00:00","2022-05-22T18:29:36+00:00"
"rec_252900ea346fbd36082fc044a4e3dcee8d8f6eb0","2022-06-27_11h51m43_Voix 022.m4a","\\SyNAS\Records\2022-July-Dec","263341638","251.14 MB","2022-06-27T11:51:00+00:00","2022-06-27T09:51:43+00:00"
"rec_6eaca635c3b2ebf7d5584a21c000b123503531da","Audio recording 2020-07-13 21-40-49.wav","\\SyNAS\Records\2020","20617676","19.66 MB","2020-07-13T00:00:00+00:00","2020-07-13T19:42:46+00:00"
"rec_61430a6fcf48532b85d19ed9349145a619ee1edb","2020-05-19_20h49m12_Voix 041_sd soiree.m4a","\\SyNAS\Records\Audio\Time_Sort\2020","28849782","27.51 MB","2020-05-19T20:49:00+00:00","2020-05-19T18:49:12+00:00"
"rec_945b7cc71bef5482350d9efbf9976322c3f0a245","2021_01_17_18_55_52 KTA falempin.mp3","\\SyNAS\Records\Audio\Time_Sort\2021","161012923","153.55 MB","2021-01-17T18:55:52+00:00","2021-01-17T20:43:35+00:00"
"rec_f21dde80052c1bc4b40539979be69e0407c7c6e4","2021_03_06_15_43_57 KTA confiscation telephone.mp3","\\SyNAS\Records\2021","55819283","53.23 MB","2021-03-06T15:43:57+00:00","2021-03-06T15:42:06+00:00"
"rec_0a1400a4570042ddb476bed3c2eb40c86f7da261","2020_11_07_06_01_24_AloisEnPleur.mp3","\\SyNAS\Records\Audio\2020-Unsorted","337748217","322.10 MB","2020-11-07T06:01:24+00:00","2020-11-07T10:53:14+00:00"
"rec_cf5679d0c3ecd7d1a870b00e2481739f34d3d5d4","2019-09-17_15h20m02_Enregistrement_411.wav","\\SyNAS\Records\2019","20624099","19.67 MB","2019-09-17T15:20:00+00:00","2019-09-17T13:20:02+00:00"
"rec_efddd266ad60bed7838a57169902c7997af9db6c","2021_06_23_12_46_08.mp3","\\SyNAS\Records\2021","173686281","165.64 MB","2021-06-23T12:46:08+00:00","2021-06-23T13:47:04+00:00"
"rec_c151060dc20117b21926eb682c064e3bc4f2c299","2021_01_02_20_04_48.mp3","\\SyNAS\Records\Audio\Time_Sort\2021","42590039","40.62 MB","2021-01-02T20:04:48+00:00","2021-01-02T19:49:11+00:00"
"rec_8787bc67ab15e40325fbdf4325cf8c66c379bc42","Audio recording 2020-06-23 20-16-27.aac","\\SyNAS\Records\2020","3444259","3.28 MB","2020-06-23T00:00:00+00:00","2020-06-23T18:18:14+00:00"
"rec_f1f7cfe38458f09f541c801995ea6df6a7dd1611","2021_05_16_13_34_42 harcelemrnt dominicale.mp3","\\SyNAS\Records\2021","8402651","8.01 MB","2021-05-16T13:34:42+00:00","2021-05-16T11:43:27+00:00"
"rec_7b410f24b076e3514e7338f418cd34ea7f7acd5e","2021_06_28_16_35_26 Daniela consultation.mp3","\\SyNAS\Records\2021","78969155","75.31 MB","2021-06-28T16:35:26+00:00","2021-06-28T15:57:41+00:00"
"rec_2ab734748ae9f4d0a26ca1c2a9e8f1f923241b0f","2023-02-25_12h17m12_Voix 141 ta shopping with alois.m4a","\\SyNAS\Records\2023","68292468","65.13 MB","2023-02-25T12:17:00+00:00","2023-02-25T11:17:12+00:00"
"rec_8c71372507f0e170c307041a6768cd24dd502d42","2021_03_28_14_44_42 lance roquette.mp3","\\SyNAS\Records\2021","35831639","34.17 MB","2021-03-28T14:44:42+00:00","2021-03-28T13:22:01+00:00"
"rec_77f1e73ae9cc5b8fc6bf372c1ecd74349f373bed","2021_01_12_12_08_54 TA repas midi.mp3","\\SyNAS\Records\2021","24789158","23.64 MB","2021-01-12T12:08:54+00:00","2021-01-12T11:34:44+00:00"
"rec_446e5a7978ce303ea0f67e20cf008526e061b8c1","Audio recording 2020-06-25 07-41-55.aac","\\SyNAS\Records\Audio\Time_Sort\2020","53200310","50.74 MB","2020-06-25T00:00:00+00:00","2020-06-25T06:09:22+00:00"
"rec_98632e034558d31cc39383641908d73d72767054","2023-10-23_19h54m40_Voix 015 after violoncelle.m4a","\\SyNAS\Records\2023","56151642","53.55 MB","2023-10-23T19:54:00+00:00","2023-10-23T17:54:40+00:00"
"rec_e6ce9003f2d865cee970763e119e8236a4fd94c4","Audio recording 2020-06-30 07-19-25.aac","\\SyNAS\Records\2020","29190059","27.84 MB","2020-06-30T00:00:00+00:00","2020-06-30T05:34:30+00:00"
"rec_eb6f5c53f667329f8157d7310085b06abf0635f3","2021_01_27_22_14_14.mp3","\\SyNAS\Records\2021","191872874","182.98 MB","2021-01-27T22:14:14+00:00","2021-01-28T00:34:06+00:00"
"rec_c9e9ca488bc582018f52b759d6028b613107dbed","2019-10-15_23h48m28_Voix 001_sd.m4a","\\SyNAS\Records\Audio\Time_Sort\2019","42405884","40.44 MB","2019-10-15T23:48:00+00:00","2019-10-15T21:48:28+00:00"
"rec_aefe7cc4efa622b6e271919d8d1310da50b24fef","2021_08_15_21_45_54 loch ness.mp3","\\SyNAS\Records\2021","13399770","12.78 MB","2021-08-15T21:45:54+00:00","2021-08-15T19:59:52+00:00"
"rec_18bc066ac58ac5e16aa64550e1f7ea81e213cd0c","2021_03_31_20_54_03.mp3","\\SyNAS\Records\2021","39023594","37.22 MB","2021-03-31T20:54:03+00:00","2021-03-31T19:34:42+00:00"
"rec_3c0035625f7a2aa5bf8ce1028ee892020b7e1267","2021_01_01_20_33_06.mp3","\\SyNAS\Records\2020","12312240","11.74 MB","2021-01-01T20:33:06+00:00","2021-01-01T19:45:56+00:00"
"rec_957587563492d7ed2dc30462d1a7d6e307c258df","2021_04_29_12_15_32.mp3","\\SyNAS\Records\2021","200284786","191.01 MB","2021-04-29T12:15:32+00:00","2021-04-29T13:44:11+00:00"
"rec_497bbcf493bd29abf500575b0d1197a9c35d3dc2","2024-07-30_20h58m16_Voix 017   plombier service.m4a","\\SyNAS\Records\2024-notag","86435465","82.43 MB","2024-07-30T20:58:00+00:00","2024-07-30T18:58:16+00:00"
"rec_e6890c708b2508d1889ee303857126cf86c54851","2020-03-19_17h47m16_Recording (7) Dinda Confessions.m4a","\\SyNAS\Records\WebStorage\DD","156704958","149.45 MB","2020-03-19T17:47:00+00:00","2020-04-05T23:24:03+00:00"
"rec_facc3c6a70acc7410af18685349d620dd3c1268c","2021_07_07_23_09_42.mp3","\\SyNAS\Records\2021","4689501","4.47 MB","2021-07-07T23:09:42+00:00","2021-07-07T21:14:35+00:00"
"rec_3ce9684d2e313a6af3007079d8c73c9344ff0373","2021_01_02_22_47_41.mp3","\\SyNAS\Records\2021","13029040","12.43 MB","2021-01-02T22:47:41+00:00","2021-01-02T22:01:15+00:00"
"rec_7e52c088775bc656b852efda86c0d442dc3d65a7","2022-06-18_23h13m05_Voix 009 interupt menace avant la fin du film.m4a","\\SyNAS\Records\temps","11540320","11.01 MB","2022-06-18T23:13:00+00:00","2022-06-18T21:13:05+00:00"
"rec_0308851da2d15159c34c03d350ec53d3c2af9b53","2020_12_27_18_27_36.mp3","\\SyNAS\Records\2020","25110986","23.95 MB","2020-12-27T18:27:36+00:00","2020-12-27T17:53:43+00:00"
"rec_6d2ed931b0196af6e0ce5c233976d26b4a09b251","2023-01-29_18h33m48_Voix 123 rangements.m4a","\\SyNAS\Records\2023","39831319","37.99 MB","2023-01-29T18:33:00+00:00","2023-01-29T17:33:48+00:00"
"rec_7cea0d3dab345a40cb8f9b3725a658f4e653f080","2021_04_18_19_37_19.mp3","\\SyNAS\Records\Audio\Time_Sort\2021","28376083","27.06 MB","2021-04-18T19:37:19+00:00","2021-04-18T18:06:53+00:00"
"rec_1f7b80821f131a590dd4d463952036368c65fc0f","2023-07-14_17h29m59_Voix 005 dog no dog.m4a","\\SyNAS\Records\2023","1461369","1.39 MB","2023-07-14T17:29:00+00:00","2023-07-14T15:29:59+00:00"
"rec_939e344e05c4afe7b53e6ca9a93e2b3c8e1046f7","Audio recording 2020-06-24 15-01-40.aac","\\SyNAS\Records\Audio\Time_Sort\2020","323230859","308.26 MB","2020-06-24T00:00:00+00:00","2020-06-24T15:48:28+00:00"
"rec_ba035d7e6a2616ded8259ed974e9580838363fb5","2021_06_17_19_44_10.mp3","\\SyNAS\Records\2021","2066317","1.97 MB","2021-06-17T19:44:10+00:00","2021-06-17T17:46:19+00:00"
"rec_c8793593e48ae50112941c25944950045ba92f71","Audio recording 2020-08-16 19-06-05.wav","\\SyNAS\Records\2020","162019916","154.51 MB","2020-08-16T00:00:00+00:00","2020-08-16T17:21:25+00:00"
"rec_c50bacb45cb5a58e705623609d75231cd8f3a36d","Audio recording 2020-12-09 18-25-54.aac","\\SyNAS\Records\Audio\Time_Sort\2020","9437102","9.00 MB","2020-12-09T00:00:00+00:00","2020-12-09T17:30:47+00:00"
"rec_e9f7b9206d7a61d19ce88ac30bbf4df214c0a4ee","2021_03_23_19_52_42.mp3","\\SyNAS\Records\2021","64644492","61.65 MB","2021-03-23T19:52:42+00:00","2021-03-23T20:00:04+00:00"
"rec_a6edc26130bbb71baf9f7b503b760164957c1d62","Audio recording 2020-11-06 15-57-57.aac","\\SyNAS\Records\2020","9231601","8.80 MB","2020-11-06T00:00:00+00:00","2020-11-06T15:02:44+00:00"
"rec_311c697abd56f71956d786f37cc8141895eee619","2020_12_30_18_42_25 computer asked.mp3","\\SyNAS\Records\2020","10606967","10.12 MB","2020-12-30T18:42:25+00:00","2020-12-30T17:53:28+00:00"
"rec_20d483ad0ed8c4a581c1efab78e7e4366449d263","2022_06_03_18_24_16.mp3","\\SyNAS\Records\2022-Jan-July","4083042","3.89 MB","2022-06-03T18:24:16+00:00","2022-06-03T16:28:32+00:00"
"rec_c61840c6eab2619d0b88edd08f1a2773b3a59935","20220609_072826.m4a","\\SyNAS\Records\2022-Jan-July","2519542","2.40 MB","","2022-06-09T05:30:41+00:00"
"rec_1de9be77284189b07d51495750795cce4334f788","2021_07_07_22_38_11.mp3","\\SyNAS\Records\2021","19730180","18.82 MB","2021-07-07T22:38:11+00:00","2021-07-07T20:58:45+00:00"
"rec_5d0f71e0a5f366e04dbb5b096a0c1615eb2d22fe","2021_01_26_20_14_09.mp3","\\SyNAS\Records\Audio\Time_Sort\2021","33182614","31.65 MB","2021-01-26T20:14:09+00:00","2021-01-26T19:48:43+00:00"
"rec_ef9645f364046855d8f0a48c8a13f6d24a30d432","Audio recording 2020-12-12 08-10-07.aac","\\SyNAS\Records\2020","27516116","26.24 MB","2020-12-12T00:00:00+00:00","2020-12-12T07:24:19+00:00"
"rec_eb92f81ac1acc96f1354b0e221b1fe1086c7a367","Audio recording 2020-12-02 12-08-12.aac","\\SyNAS\Records\Audio\Time_Sort\2020","44493117","42.43 MB","2020-12-02T00:00:00+00:00","2020-12-02T11:31:10+00:00"
"rec_0a40bc3c3eacc37625e1f963c4b1d80ced97abad","2021_03_23_12_04_28.mp3","\\SyNAS\Records\2021","331511012","316.15 MB","2021-03-23T12:04:28+00:00","2021-03-23T16:49:51+00:00"
"rec_3c6f794e21da539f47981ae13e1207d01beacc39","Audio recording 2020-08-31 09-04-35.wav","\\SyNAS\Records\2020","57502916","54.84 MB","2020-08-31T00:00:00+00:00","2020-08-31T07:10:02+00:00"
"rec_9e97a2dd43c026e396b4845c414eb0adb0e9f29a","2024-01-26_16h45m06_Voix 026.m4a","\\SyNAS\Records\2024","11497415","10.96 MB","2024-01-26T16:45:00+00:00","2024-01-26T15:45:06+00:00"
"rec_590291bd37fffbdd919dd5ebd7cd25352cb761c3","2022-10-30_19h42m57_Voix 093 mère ultra nocive.m4a","\\SyNAS\Records\2022-July-Dec","17668042","16.85 MB","2022-10-30T19:42:00+00:00","2022-10-30T18:42:57+00:00"
"rec_7a330c41766ad7936a1500e98d352c9992daf974","Audio recording 2020-07-02 20-54-38.aac","\\SyNAS\Records\Audio\Time_Sort\2020","4066766","3.88 MB","2020-07-02T00:00:00+00:00","2020-07-02T18:56:44+00:00"
"rec_9d26474ec5c6bc6181d1b48133048ced9153d1c4","2020_10_17_21_18_53 alois confidence.mp3","\\SyNAS\Records\Audio\2020-Unsorted","14184279","13.53 MB","2020-10-17T21:18:53+00:00","2020-10-17T19:33:40+00:00"
"rec_82ddd2d06ca4159aeecf693fd7e4920e98a95c3c","Audio recording 2020-07-13 08-37-06.wav","\\SyNAS\Records\2020","212988932","203.12 MB","2020-07-13T00:00:00+00:00","2020-07-13T06:57:14+00:00"
"rec_7b34e9d076fe4e26776e27632c220fddd42b0291","2021_04_02_06_20_56.mp3","\\SyNAS\Records\2021","448887","438.37 KB","2021-04-02T06:20:56+00:00","2021-04-02T04:21:24+00:00"
"rec_2d8cdf8ebfccf09efcdaba412c8e1fb68030f680","Audio recording 2020-12-01 07-19-07.aac","\\SyNAS\Records\Audio\Time_Sort\2020","1212285","1.16 MB","2020-12-01T00:00:00+00:00","2020-12-01T06:19:44+00:00"
"rec_e32053c7a2a4f19e2edab9ca4c04f2b11572c404","2022_07_18_18_50_DD_Confession.mp3","\\SyNAS\Records\2022-Jan-July","63845863","60.89 MB","2022-07-18T18:50:00+00:00","2022-07-18T16:55:33+00:00"
"rec_96d03d69c02c2cfafa5771efe494daab327c2765","2021_01_12_15_01_50.mp3","\\SyNAS\Records\Audio\Time_Sort\2021","110499630","105.38 MB","2021-01-12T15:01:50+00:00","2021-01-12T15:56:57+00:00"
"rec_e71cc144ce31ff0dcb2d65e102f922f18f0c9f9a","2020_12_31_18_41_58.mp3","\\SyNAS\Records\Audio\Time_Sort\2020","53374640","50.90 MB","2020-12-31T18:41:58+00:00","2020-12-31T18:37:40+00:00"
"rec_2725ff4db33c84f50472a7bd8b466eec1284dfc9","2021_01_17_17_16_48.mp3","\\SyNAS\Records\2021","95053530","90.65 MB","2021-01-17T17:16:48+00:00","2021-01-17T17:55:50+00:00"
"rec_0c6618030324d0fe3c090f996a9eba1bb1ba75be","2021_03_02_11_58_17.mp3","\\SyNAS\Records\2021","36447257","34.76 MB","2021-03-02T11:58:17+00:00","2021-03-02T11:36:15+00:00"
"rec_2e59e6a2544503b8bd45b086102cd01d3e935a23","2020_10_03_19_11_10 retour de courses.mp3","\\SyNAS\Records\Audio\2020-Unsorted","147980537","141.13 MB","2020-10-03T19:11:10+00:00","2020-10-03T19:45:19+00:00"
"rec_724c1fe358d0e46c76b4fd59694dbdfe1d27dcb0","2021_02_25_11_51_51 midi.mp3","\\SyNAS\Records\2021","42961605","40.97 MB","2021-02-25T11:51:51+00:00","2021-02-25T11:36:37+00:00"
"rec_d70b2fb6340f689a2e8a35fa6759e58608db04a5","Audio recording 2020-08-29 07-17-39.wav","\\SyNAS\Records\Audio\Time_Sort\2020","97577468","93.06 MB","2020-08-29T00:00:00+00:00","2020-08-29T05:26:53+00:00"
"rec_1355f5cb76a4856e34b6e5f06e18f0d57a122605","2021_04_14_05_19_32.mp3","\\SyNAS\Records\Audio\Time_Sort\2021","1184913","1.13 MB","2021-04-14T05:19:32+00:00","2021-04-14T03:20:48+00:00"
"rec_1c990873e878a4729501c3f3075f87e8cc60a81a","2021_02_02_20_35_07.mp3","\\SyNAS\Records\Audio\Time_Sort\2021","7998483","7.63 MB","2021-02-02T20:35:07+00:00","2021-02-02T19:43:27+00:00"
"rec_4c863e681f89129ff07685a0324abc9b476c5392","2019-01-18_14h37m14_Enregistrement_0365.wav","\\SyNAS\Records\Rec\GoogleRec\SmartVoiceRecorder","9833004","9.38 MB","2019-01-18T14:37:00+00:00","2019-01-18T13:37:14+00:00"
"rec_767e770ac710a67232e8ac374a9a1980876f7a9c","2020_12_30_20_40_02.mp3","\\SyNAS\Records\2020","267492","261.22 KB","2020-12-30T20:40:02+00:00","2020-12-30T19:40:19+00:00"
"rec_c96d03443d8b36680b5d43f9cfb5637c949577ad","Audio recording 2020-07-03 21-29-43 les musiciens de Brême.wav","\\SyNAS\Records\Audio\Time_Sort\2020","180256148","171.91 MB","2020-07-03T00:00:00+00:00","2020-07-03T19:46:44+00:00"
"rec_02ad296617f7faf622785d19438854d7fdc50ec4","2021_07_04_19_42_47 birds.mp3","\\SyNAS\Records\2021","224861","219.59 KB","2021-07-04T19:42:47+00:00","2021-07-04T17:43:01+00:00"
"rec_cf3ea81c67ef5e46909c68953a53925ca01e560f","2022_06_03_22_49_28.mp3","\\SyNAS\Records\2022-Jan-July","71341452","68.04 MB","2022-06-03T22:49:28+00:00","2022-06-03T22:03:47+00:00"
"rec_f7045d5477dc8161b845ce95e9c4716b898d6c08","2021_01_30_18_59_23.mp3","\\SyNAS\Records\Audio\Time_Sort\2021","1670","1.63 KB","2021-01-30T18:59:23+00:00","2021-01-30T17:59:23+00:00"
"rec_0cd02434878b919d82e8ed57b1b8b4572072ac86","2021_03_01_19_13_10 diffamation au pied du lit histoire.mp3","\\SyNAS\Records\Audio\Time_Sort\2021","171125027","163.20 MB","2021-03-01T19:13:10+00:00","2021-03-01T21:11:25+00:00"
"rec_d2a621d61bc518c879985a98374f40c315210c06","2020_08_06_12_12_59 lunch.mp3","\\SyNAS\Records\Audio\Time_Sort\2020","113492635","108.24 MB","2020-08-06T12:12:59+00:00","2020-08-06T12:11:13+00:00"
"rec_57e1fce30f729b0941b36d1d1353495bd2264ea8","2021_06_04_20_39_42 folie.mp3","\\SyNAS\Records\2021","14386154","13.72 MB","2021-06-04T20:39:42+00:00","2021-06-04T18:54:42+00:00"
"rec_1356d37dd97b986deb2e8ac1439aee4e4ebf3ba3","2021_07_10_22_58_47 recherche de clef.mp3","\\SyNAS\Records\2021","14344776","13.68 MB","2021-07-10T22:58:47+00:00","2021-07-10T21:13:44+00:00"
"rec_65d74b927add8fc9296a323cf770eac6ed114147","2021_02_03_15_43_58.mp3","\\SyNAS\Records\Audio\Time_Sort\2021","4999626","4.77 MB","2021-02-03T15:43:58+00:00","2021-02-03T14:49:10+00:00"
"rec_010f832ed1143c823c9eaa4615a4ae977a1be174","2021_01_03_22_47_53.mp3","\\SyNAS\Records\2021","8570670","8.17 MB","2021-01-03T22:47:53+00:00","2021-01-03T21:56:49+00:00"
"rec_9efe09efd57903043c9228df516a0f180343bfdd","2020_07_03_15_55_51 cul de petit vlanc.mp3","\\SyNAS\Records\Audio\Time_Sort\2020","5862294","5.59 MB","2020-07-03T15:55:51+00:00","2020-07-03T14:01:58+00:00"
"rec_a7d8523014aebd64119fca32de3df8b2406cad29","2021_02_27_14_27_37.mp3","\\SyNAS\Records\2021","68206758","65.05 MB","2021-02-27T14:27:37+00:00","2021-02-27T14:38:42+00:00"
"rec_f78f84759f5febb183a41f72b2dc68d3c76fb7de","2022-08-03_00h09m50_Voix 015 KA citronade.m4a","\\SyNAS\Records\2022-July-Dec","28094268","26.79 MB","2022-08-03T00:09:00+00:00","2022-08-02T22:09:50+00:00"
"rec_b7361ff03ca693d2d5ac47cd979c2996ef30df12","Audio recording 2020-07-09 13-22-48.wav","\\SyNAS\Records\2020","316168820","301.52 MB","2020-07-09T00:00:00+00:00","2020-07-09T11:52:42+00:00"
"rec_cbde937c4f8a2eb8559ee2388c91d76dc8018b86","2021_03_22_20_39_00.mp3","\\SyNAS\Records\Audio\Time_Sort\2021","3055290","2.91 MB","2021-03-22T20:39:00+00:00","2021-03-22T19:42:12+00:00"
"rec_956bb0166f6fb906941bdfba896607b89fd2373a","Audio recording 2020-12-03 21-20-36.aac","\\SyNAS\Records\2020","48433806","46.19 MB","2020-12-03T00:00:00+00:00","2020-12-03T20:45:38+00:00"
"rec_067e3ab66ca2df411a951e9feebfabff6dd2d7c5","2021_04_02_06_17_50.mp3","\\SyNAS\Records\Audio\Time_Sort\2021","117027","114.28 KB","2021-04-02T06:17:50+00:00","2021-04-02T04:17:58+00:00"
"rec_9b32fb375470c3cad15b23c87babda3e7c25b6c1","2021_06_19_09_16_52.mp3","\\SyNAS\Records\2021","788270","769.79 KB","2021-06-19T09:16:52+00:00","2021-06-19T07:17:42+00:00"
"rec_53fe77516d143b6fd5df0e936f25aedd2fa4ecc1","2021_03_29_17_11_13.mp3","\\SyNAS\Records\2021","775313","757.14 KB","2021-03-29T17:11:13+00:00","2021-03-29T15:12:02+00:00"
"rec_d2c43043c4f29ac23d6ffd0478b40c5b0401047f","2021_06_29_12_22_55.mp3","\\SyNAS\Records\2021","3809697","3.63 MB","2021-06-29T12:22:55+00:00","2021-06-29T10:26:53+00:00"
"rec_170b521378fc67d9f2bbc9ddd5220399a92f7f15","2021_04_02_18_41_45 degage.mp3","\\SyNAS\Records\2021","694639","678.36 KB","2021-04-02T18:41:45+00:00","2021-04-02T16:42:29+00:00"
"rec_afe883db13f2d7aa680dc555aa75e7cabfaf4979","Audio recording 2020-08-29 21-00-00.wav","\\SyNAS\Records\Audio\Time_Sort\2020","14725916","14.04 MB","2020-08-29T00:00:00+00:00","2020-08-29T19:01:24+00:00"
"rec_60a58a93239e4bfe8d647f7fabe7b61456ef605a","2021_03_04_12_58_15 sw testing.mp3","\\SyNAS\Records\Audio\Time_Sort\2021","60676805","57.87 MB","2021-03-04T12:58:15+00:00","2021-03-04T13:01:26+00:00"
"rec_620b7809654e8a4e8492c63d1041058d2b95faeb","2021_04_25_14_09_48 harcelement tu es folle javoue.mp3","\\SyNAS\Records\Audio\Time_Sort\2021","11646013","11.11 MB","2021-04-25T14:09:48+00:00","2021-04-25T12:21:56+00:00"
"rec_8a5c236b5404c3269113d0a4c373c6c6203c8869","2021_01_16_22_58_03.mp3","\\SyNAS\Records\Audio\Time_Sort\2021","687959","671.83 KB","2021-01-16T22:58:03+00:00","2021-01-16T21:58:47+00:00"
"rec_74acd90a7fed2849feed2ade4d5d63951b21d846","2021_01_11_19_37_36.mp3","\\SyNAS\Records\2021","16844590","16.06 MB","2021-01-11T19:37:36+00:00","2021-01-11T18:55:09+00:00"
"rec_733867dfc0c73ad3f22160a8c987629c57e40fb2","2023-05-08_20h59m40_Voix 154.m4a","\\SyNAS\Records\2023","11549317","11.01 MB","2023-05-08T20:59:00+00:00","2023-05-08T18:59:40+00:00"
"rec_3e2e60ca2f60f57d8f0cad8fe0a1429f9504eca4","2022-08-31_06h19m39_Voix 065.m4a","\\SyNAS\Records\2022-July-Dec","44787488","42.71 MB","2022-08-31T06:19:00+00:00","2022-08-31T04:19:39+00:00"
"rec_52dcf0a7d9b1db01fa8eeb9b85a0bf3eea3875a7","2021_07_12_19_55_50 KTA film zarafa.mp3","\\SyNAS\Records\2021","83013798","79.17 MB","2021-07-12T19:55:50+00:00","2021-07-12T19:22:19+00:00"
"rec_34a31bfa76f15534d7aa8f14a741ce9bb2dc6efb","Audio recording 2020-12-15 21-13-21.aac","\\SyNAS\Records\Audio\Time_Sort\2020","6444444","6.15 MB","2020-12-15T00:00:00+00:00","2020-12-15T20:16:41+00:00"
"rec_67d5076d9689f06412c7019af4a7a51efa3b5939","2024-10-13_18h46m36_Voix 026 reconnaissance d actes diffamatoires.m4a","\\SyNAS\Records\2024","6883418","6.56 MB","2024-10-13T18:46:00+00:00","2024-10-13T16:46:36+00:00"
"rec_d573d6f1d3baca21c465b9e33cc44b013c3b11af","2021_01_07_13_08_01.mp3","\\SyNAS\Records\2021","38412119","36.63 MB","2021-01-07T13:08:01+00:00","2021-01-07T12:48:02+00:00"
"rec_7089da4e1ae832e8e00237cce73c0de5d9abaf87","2019-10-15_23h48m26_Vevo.m4a","\\SyNAS\Records\2019","2190557","2.09 MB","2019-10-15T23:48:00+00:00","2019-10-15T21:48:26+00:00"
"rec_216e042dc7b9882a5835749cf0d7d4ecedaa57d0","Audio recording 2020-09-01 16-35-13.wav","\\SyNAS\Records\2020","14542460","13.87 MB","2020-09-01T00:00:00+00:00","2020-09-01T14:37:02+00:00"
"rec_a36d71d4babd32ad540c96cd84056687cfbec0b0","2020_10_18_12_41_56 dimamche.mp3","\\SyNAS\Records\Audio\2020-Unsorted","307399783","293.16 MB","2020-10-18T12:41:56+00:00","2020-10-18T16:02:11+00:00"
"rec_d9e264df4c720238158e72ba8be18acce79eeae8","2021_02_23_21_07_08 apres histoire.mp3","\\SyNAS\Records\Audio\Time_Sort\2021","35163291","33.53 MB","2021-02-23T21:07:08+00:00","2021-02-23T20:43:47+00:00"
"rec_c6fa7a798a5983d345b361f5595c8cf49f1447d2","2021_01_06_16_56_43 irruption menace  insultes.mp3","\\SyNAS\Records\Audio\Time_Sort\2021","1717393","1.64 MB","2021-01-06T16:56:43+00:00","2021-01-06T15:58:31+00:00"
"rec_8ac2c3cd526bdd3d0e2bf5282d3168b9c506fece","Audio recording 2020-11-08 18-48-41 j aimerais que tu te suicides.aac","\\SyNAS\Records\2020","6782697","6.47 MB","2020-11-08T00:00:00+00:00","2020-11-08T17:52:12+00:00"
"rec_0cb52ee5665851da79d04d6b18897b69e5df5483","2021_04_12_12_36_56.mp3","\\SyNAS\Records\2021","8071236","7.70 MB","2021-04-12T12:36:56+00:00","2021-04-12T11:00:26+00:00"
"rec_da2b50d84df73deaf9e05bb450e4c93c8cf501af","2021_02_01_13_19_40 midi.mp3","\\SyNAS\Records\2021","3329935","3.18 MB","2021-02-01T13:19:40+00:00","2021-02-01T12:33:26+00:00"
"rec_1401fdbbac45fd16f6b66e91d783be3b10896968","2023-01-10_19h52m13_Voix 122 KTA chassé de chez moi.m4a","\\SyNAS\Records\2023","11673956","11.13 MB","2023-01-10T19:52:00+00:00","2023-01-10T18:52:13+00:00"
"rec_037be44a58f5f74faba466bf1ed00e7cac26614f","2021_05_05_20_44_31.mp3","\\SyNAS\Records\2021","14261224","13.60 MB","2021-05-05T20:44:31+00:00","2021-05-05T19:27:01+00:00"
"rec_91e89fc1f97f70309a07d1f6a60929a7b49579fe","rec_20190816-1627.wav","\\SyNAS\Records\Audio\Time_Sort\2019","135051884","128.80 MB","","2019-08-16T15:27:30+00:00"
"rec_007ea4e468fa353f38dbd494bb82ec49623ece8e","2023-04-08_22h33m30_Voix 146 boxeuse amoureuse.m4a","\\SyNAS\Records\2023","1492079","1.42 MB","2023-04-08T22:33:00+00:00","2023-04-08T20:33:30+00:00"
"rec_86c28755b67bd803af2ecf94862c1964ef8be2dc","2021_05_15_22_48_43.mp3","\\SyNAS\Records\2021","8898768","8.49 MB","2021-05-15T22:48:43+00:00","2021-05-15T20:57:59+00:00"
"rec_da1135b21703c1b469d5566898c0fccba3a5f1bb","2021_01_28_12_51_40 plus racisme.mp3","\\SyNAS\Records\Audio\Time_Sort\2021","3455685","3.30 MB","2021-01-28T12:51:40+00:00","2021-01-28T11:55:17+00:00"
"rec_865b7b0694ed651ce1f5e433abcd9da4980aef84","2021_02_01_20_03_45.mp3","\\SyNAS\Records\Audio\Time_Sort\2021","3306056","3.15 MB","2021-02-01T20:03:45+00:00","2021-02-01T19:07:12+00:00"
"rec_c8b21698e66e64423723556efdf90cc2fe89a177","2021_01_31_18_57_59 KT j en ai marre du vin heureusement.mp3","\\SyNAS\Records\Audio\Time_Sort\2021","7048880","6.72 MB","2021-01-31T18:57:59+00:00","2021-01-31T18:05:20+00:00"
"rec_5880742338edb23b429fe5985cf67d7b4bec9c57","Audio recording 2020-07-07 20-38-13.wav","\\SyNAS\Records\Audio\Time_Sort\2020","4865156","4.64 MB","2020-07-07T00:00:00+00:00","2020-07-07T18:38:40+00:00"
"rec_f34d3e7e65a9cc5c60876e51dac0c1b1bfc13862","2020_12_25_08_21_08 noel by Alois.mp3","\\SyNAS\Records\2020","223634911","213.27 MB","2020-12-25T08:21:08+00:00","2020-12-25T11:14:06+00:00"
"rec_8a555014e9eda6b5862a4f1d6b5e9b49be58c1e3","2021_05_01_18_51_28 perversion.mp3","\\SyNAS\Records\2021","130101497","124.07 MB","2021-05-01T18:51:28+00:00","2021-05-01T19:07:00+00:00"
"rec_c13d70f2998e4f58a33e478bf11d49aed5458b1f","Audio recording 2020-07-18 21-20-29.wav","\\SyNAS\Records\Audio\Time_Sort\2020","437955380","417.67 MB","2020-07-18T00:00:00+00:00","2020-07-18T20:45:16+00:00"
"rec_8f0cecf99c498325a1ea2162cb1a4fa06aea49b7","2021_07_12_21_33_41.mp3","\\SyNAS\Records\2021","58732035","56.01 MB","2021-07-12T21:33:41+00:00","2021-07-12T20:34:52+00:00"
"rec_efdc09b93ba8fdbf390928d90d9cb7a73f5d995b","2021_02_19_22_38_27 alois explication.mp3","\\SyNAS\Records\Audio\Time_Sort\2021","44840332","42.76 MB","2021-02-19T22:38:27+00:00","2021-02-19T22:25:07+00:00"
"rec_b8aa7233c620f894e28b48cef651b93f18b01375","2020_12_24_13_52_15 rien a manger.mp3","\\SyNAS\Records\2020","13258082","12.64 MB","2020-12-24T13:52:15+00:00","2020-12-24T13:06:03+00:00"
"rec_087086f6a051e09070dbfedc9928f08e1f7be0a5","2021_01_26_19_17_01 taré.mp3","\\SyNAS\Records\Audio\Time_Sort\2021","1052838","1.00 MB","2021-01-26T19:17:01+00:00","2021-01-26T18:18:07+00:00"
"rec_6795f6853bcc4f30c3b850808bef6b0535a73532","2021_02_10_19_07_06 K critique de l achat de jambon.mp3","\\SyNAS\Records\Audio\Time_Sort\2021","35273664","33.64 MB","2021-02-10T19:07:06+00:00","2021-02-10T18:43:50+00:00"
"rec_6d37160b39478ca9fa193818ec5b1e2fd21404e4","Audio recording 2020-08-03 22-43-02.wav","\\SyNAS\Records\2020","99644876","95.03 MB","2020-08-03T00:00:00+00:00","2020-08-03T20:52:28+00:00"
"rec_2e9cfa24974db0d476e571e899310e00e387f5de","2021_01_04_20_15_11.mp3","\\SyNAS\Records\2021","41459460","39.54 MB","2021-01-04T20:15:11+00:00","2021-01-04T19:58:23+00:00"
"rec_4048c190f3c0ba3846f3a0d8ec7db4a711d441be","2020-05-28 21-48-55 pour parler.aac","\\SyNAS\Records\2020","53654940","51.17 MB","2020-05-28T00:00:00+00:00","2020-07-06T21:32:14+00:00"
"rec_83cc634e4fdc708ccd9b59aa06cd11d63eb52edf","2020-05-19_21h32m20_Voix 042_sd chapitre 5.m4a","\\SyNAS\Records\2020","41936823","39.99 MB","2020-05-19T21:32:00+00:00","2020-05-19T19:32:20+00:00"
"rec_ef08b855744283c9c61f6faafc9c2a6dfa14eed4","2021_08_15_20_51_51.mp3","\\SyNAS\Records\2021","51841984","49.44 MB","2021-08-15T20:51:51+00:00","2021-08-15T19:45:51+00:00"
"rec_b88c3177c03849685799b6b5bf58813ee3a31ef5","2021_03_16_20_55_00.mp3","\\SyNAS\Records\Audio\Time_Sort\2021","25864567","24.67 MB","2021-03-16T20:55:00+00:00","2021-03-16T20:21:57+00:00"
"rec_832dee501da475681658749a8f7fca988ef65ef7","2021_03_29_17_36_59 petit nabot.mp3","\\SyNAS\Records\2021","12396668","11.82 MB","2021-03-29T17:36:59+00:00","2021-03-29T15:49:53+00:00"
"rec_a9cb84cd745eabfca755629d8ecaf1a296b49873","2020_12_21_15_16_12 groupe mutuel.mp3","\\SyNAS\Records\Audio\Time_Sort\2020","15795930","15.06 MB","2020-12-21T15:16:12+00:00","2020-12-21T14:32:40+00:00"
"rec_e062ea3e0bcfbcdc66eaf500da31f540c2f76496","2024-10-04_21h37m02_Voix 026 journal avec Aloïs.m4a","\\SyNAS\Records\2024","59226366","56.48 MB","2024-10-04T21:37:00+00:00","2024-10-04T19:37:02+00:00"
"rec_7d99b58f2b5a92fc5c499868ca6152f2cee6b0a9","rec_20190818-2107.wav","\\SyNAS\Records\2019","21415004","20.42 MB","","2019-08-18T20:07:28+00:00"
"rec_4d68f964b1782447e1a4a6b8cfdac96c6c767a0b","2021_04_12_16_36_11.mp3","\\SyNAS\Records\2021","29489109","28.12 MB","2021-04-12T16:36:11+00:00","2021-04-12T15:06:55+00:00"
"rec_1f9163673f72d4970e5a69e51c261a61a927f82b","Audio recording 2020-11-13 11-59-35 harsselement.aac","\\SyNAS\Records\2020","43921649","41.89 MB","2020-11-13T00:00:00+00:00","2020-11-13T11:22:50+00:00"
"rec_12adcf2369a74a07ab70fac1998c9b7f412bd184","2021_04_06_22_30_09.mp3","\\SyNAS\Records\2021","89024","86.94 KB","2021-04-06T22:30:09+00:00","2021-04-06T20:30:14+00:00"
"rec_d9d72492f21d1d0f7441d34a3bbe79f48ff30413","2023-08-11_09h23m24_Voix 010 dd mise au point.m4a","\\SyNAS\Records\2023","102439478","97.69 MB","2023-08-11T09:23:00+00:00","2023-08-11T07:23:24+00:00"
"rec_9ea2eded1546e09f39728f107e600b8f703bffd1","2021_11_14_21_26_46.mp3","\\SyNAS\Records\2021","44022803","41.98 MB","2021-11-14T21:26:46+00:00","2021-11-14T21:12:38+00:00"
"rec_33bf03eebad44c5f05a143465965bd2bed38acd7","2022-08-06_08h17m19_Voix 055 Dimanche matin.m4a","\\SyNAS\Records\2022-July-Dec","4082216","3.89 MB","2022-08-06T08:17:00+00:00","2022-08-06T06:17:19+00:00"
"rec_6858b73907622e2e26f34c4aa1e4ceeda35555b0","Audio recording 2020-06-25 07-41-55.aac","\\SyNAS\Records\2020","53200310","50.74 MB","2020-06-25T00:00:00+00:00","2020-06-25T06:09:22+00:00"
"rec_824e23764b53afe2cba3746dace3556904987df6","2019-09-23_11h43m50_Enregistrement_417.wav","\\SyNAS\Records\2019","611299","596.97 KB","2019-09-23T11:43:00+00:00","2019-09-23T09:43:50+00:00"
"rec_9c7d6a89502eea50d8b6905c73196014f7bdfff8","2022-06-17_19h41m57_Voix 006.m4a","\\SyNAS\Records\2022-July-Dec","35752959","34.10 MB","2022-06-17T19:41:00+00:00","2022-06-17T17:41:57+00:00"
"rec_f64e0fd4cc5fa3b36e3f350276fa0cf4095d441c","2021_01_01_00_53_01.mp3","\\SyNAS\Records\2020","3434787","3.28 MB","2021-01-01T00:53:01+00:00","2020-12-31T23:56:36+00:00"
"rec_c64988c296c34685e93dcd96b549e1da188de385","2021_01_16_20_54_14.mp3","\\SyNAS\Records\2021","1177390","1.12 MB","2021-01-16T20:54:14+00:00","2021-01-16T19:55:27+00:00"
"rec_ed524d87912d7cb2f2583837d2070fc67c12be52","Audio recording 2020-12-09 21-19-49 zorro.aac","\\SyNAS\Records\Audio\Time_Sort\2020","43278889","41.27 MB","2020-12-09T00:00:00+00:00","2020-12-09T20:42:10+00:00"
"rec_dc0edd577408f79d7437f569c7e41460536fe5ce","Audio recording 2020-10-26 12-36-22.aac","\\SyNAS\Records\2020","79561917","75.88 MB","2020-10-26T00:00:00+00:00","2020-10-26T12:17:26+00:00"
"rec_2f14243707653d01ba09a07046d129659dcedd5f","2020-03-20_19h20m24_Recording (7) Dinda conversations.m4a","\\SyNAS\Records\Rec\DD","73261010","69.87 MB","2020-03-20T19:20:00+00:00","2020-04-05T23:24:03+00:00"
"rec_8a2b318c3638565640d171c7ebe1cf63234f601a","2021_01_31_14_05_47.mp3","\\SyNAS\Records\Audio\Time_Sort\2021","1421896","1.36 MB","2021-01-31T14:05:47+00:00","2021-01-31T13:07:16+00:00"
"rec_73a617c0aacded71c464a2470403ec5a48b85bc2","2022-10-04_19h41m18_Voix 083 ttt.m4a","\\SyNAS\Records\2022-July-Dec","10881066","10.38 MB","2022-10-04T19:41:00+00:00","2022-10-04T17:41:18+00:00"
"rec_d9463910536212a4c435b1805e6ff5856f539693","2021_10_17_20_35_17.mp3","\\SyNAS\Records\2021","37707858","35.96 MB","2021-10-17T20:35:17+00:00","2021-10-17T19:14:34+00:00"
"rec_58535366314958a5557649b369d6dc07e7e3d26c","2019-10-12_00h56m54_Vevo 1.m4a","\\SyNAS\Records\2019","478584","467.37 KB","2019-10-12T00:56:00+00:00","2019-10-11T22:56:54+00:00"
"rec_4ae5680b232867945a25244b8eb8d7a22149492c","2024-10-13_18h46m36_Voix 026 reconnaissance d actes diffamatoires.m4a","\\SyNAS\Records\2024-notag","6883418","6.56 MB","2024-10-13T18:46:00+00:00","2024-10-13T16:46:36+00:00"
"rec_63e68c701de9b1d1828d4a2dcc432c09bb8f26d8","2021_02_18_21_43_53.mp3","\\SyNAS\Records\2021","258079698","246.12 MB","2021-02-18T21:43:53+00:00","2021-02-19T01:12:43+00:00"
"rec_a1a80d1b2c45b934c4e5570fe8275184a5180df3","Audio recording 2020-07-01 21-12-51.aac","\\SyNAS\Records\2020","50548920","48.21 MB","2020-07-01T00:00:00+00:00","2020-07-01T19:38:56+00:00"
"rec_502f721803959628731d61cd15c99403d3e0bb47","2021_02_17_18_28_36 tu sers a rien.mp3","\\SyNAS\Records\Audio\Time_Sort\2021","969246","946.53 KB","2021-02-17T18:28:36+00:00","2021-02-17T17:29:37+00:00"
"rec_a7bee6a515b46c15b36ea6df20471af04f4c8909","Audio recording 2020-11-01 21-13-45.aac","\\SyNAS\Records\2020","8157473","7.78 MB","2020-11-01T00:00:00+00:00","2020-11-01T20:18:01+00:00"
"rec_c9efb705cd8fd647f1208c696d7455b9c4515d9d","2022-07-12_14h06m21_Voix 036.m4a","\\SyNAS\Records\2022-July-Dec","6700285","6.39 MB","2022-07-12T14:06:00+00:00","2022-07-12T12:06:21+00:00"
"rec_27215311beb8b899f4f9d77a31a14029799fee74","2022-07-02_08h17m34_Voix 030 pop corn.m4a","\\SyNAS\Records\2022-July-Dec","38955644","37.15 MB","2022-07-02T08:17:00+00:00","2022-07-02T06:17:34+00:00"
"rec_5966c00ad802b9440911a115d492ae8fa1d8703b","2021_04_14_05_19_32.mp3","\\SyNAS\Records\2021","1184913","1.13 MB","2021-04-14T05:19:32+00:00","2021-04-14T03:20:48+00:00"
"rec_6278d283c2723c54dc88c6b7a68b5f3cd93c13d2","2021_04_18_14_01_30.mp3","\\SyNAS\Records\2021","119777912","114.23 MB","2021-04-18T14:01:30+00:00","2021-04-18T14:08:10+00:00"
"rec_006f146e20a02dc2ef45cf171a98e7f2ff2ae5f6","2021_09_09_21_22_55 histoire - djodjo.mp3","\\SyNAS\Records\2021","14472253","13.80 MB","2021-09-09T21:22:55+00:00","2021-09-09T19:37:59+00:00"
"rec_1614cd516b7d893f28c04ef9d9bdcb9f9587a4a2","2023-05-06_13h13m39_Voix 153 Alois 3 jours.m4a","\\SyNAS\Records\2023","45081069","42.99 MB","2023-05-06T13:13:00+00:00","2023-05-06T11:13:39+00:00"
"rec_9f89c3c8aed488c850919f6cc2ba94fc7d09859f","Audio recording 2020-11-09 15-42-06.aac","\\SyNAS\Records\2020","4996827","4.77 MB","2020-11-09T00:00:00+00:00","2020-11-09T14:44:40+00:00"
"rec_463f786ee7d046c65e5fc1b91f604c64dffbc2ee","2022_06_01_19_09_13.mp3","\\SyNAS\Records\2022-Jan-July","39755022","37.91 MB","2022-06-01T19:09:13+00:00","2022-06-01T17:50:38+00:00"
"rec_8a20d25f41054cc94d471a10359ce604fa4163f2","Audio recording 2020-11-30 21-07-47 TA zorro.aac","\\SyNAS\Records\2020","38450834","36.67 MB","2020-11-30T00:00:00+00:00","2020-11-30T20:27:38+00:00"
"rec_e4fec993ee46bb4250e110784e9ebc652c717f47","2024-09-08_19h14m54_Voix 022 dimanche.m4a","\\SyNAS\Records\2024","266307801","253.97 MB","2024-09-08T19:14:00+00:00","2024-09-08T17:14:54+00:00"
"rec_45616045a7b92d155c2372dfc7add9c77a441b28","Audio recording 2020-11-13 20-52-15.aac","\\SyNAS\Records\Audio\Time_Sort\2020","14677556","14.00 MB","2020-11-13T00:00:00+00:00","2020-11-13T19:59:50+00:00"
"rec_639c1723bfb05503619c8937262b7d4602997ecd","2021_02_20_21_02_22 histoirr.mp3","\\SyNAS\Records\2021","102652028","97.90 MB","2021-02-20T21:02:22+00:00","2021-02-20T21:49:18+00:00"
"rec_569de2fad2133c98c66336823433a360b3dfb452","2020_08_23_20_59_21 histoire Bretone.mp3","\\SyNAS\Records\2020","38820048","37.02 MB","2020-08-23T20:59:21+00:00","2020-08-23T19:39:48+00:00"
"rec_fc1f2d2430169adc428fb57d73e175a2507dfcc3","2020_08_12_17_58_34.mp3","\\SyNAS\Records\Audio\Time_Sort\2020","164018895","156.42 MB","2020-08-12T17:58:34+00:00","2020-08-12T18:49:25+00:00"
"rec_13e1427acfdf07197efc5b05ad5a07ddd2010f4a","2021_02_10_16_18_00_KT louer des skis.mp3","\\SyNAS\Records\Audio\Time_Sort\2021","5163466","4.92 MB","2021-02-10T16:18:00+00:00","2021-02-10T15:23:23+00:00"
"rec_e45851372ba70ba2ecc77229bbdbdfc55b5caf63","Audio recording 2020-10-11 15-16-29.aac","\\SyNAS\Records\2020","5151315","4.91 MB","2020-10-11T00:00:00+00:00","2020-10-11T13:19:10+00:00"
"rec_1a62c2b01f4d54be37aa452881e82d218bea5b6b","2023-06-27_00h05m14_Voix 158 amour.m4a","\\SyNAS\Records\2023","19110331","18.23 MB","2023-06-27T00:05:00+00:00","2023-06-26T22:05:14+00:00"
"rec_c4a881d4de059cae08807aaaa6a09ccb27ccf4c0","2021_07_17_15_44_32 mobbying extra.mp3","\\SyNAS\Records\2021","59132028","56.39 MB","2021-07-17T15:44:32+00:00","2021-07-17T14:46:08+00:00"
"rec_43a380e09cf3f7e38841d622829f986a97a86808","2019-10-27_14h36m04_Voix 006.m4a","\\SyNAS\Records\Audio\Time_Sort\2019","15813126","15.08 MB","2019-10-27T14:36:00+00:00","2019-10-27T13:36:04+00:00"
"rec_ae49bc125efa92bd0c99b6468499aa166597c3f0","2021_02_18_17_07_05.mp3","\\SyNAS\Records\2021","30561592","29.15 MB","2021-02-18T17:07:05+00:00","2021-02-18T16:38:56+00:00"
"rec_c694170465ad535a7055d4165e2fe64635e490e4","Audio recording 2020-08-19 07-08-44.wav","\\SyNAS\Records\Audio\Time_Sort\2020","225065276","214.64 MB","2020-08-19T00:00:00+00:00","2020-08-19T05:30:43+00:00"
"rec_f4e8bb62810898651d2b12a14b9ac118787b417f","rec_20190819-2059.wav","\\SyNAS\Records\2019","6604460","6.30 MB","","2019-08-19T18:59:32+00:00"
"rec_d87c8c1631face15734ae8c024e147c3741b9f9d","2023-07-04_06h58m00_Voix 002 night.m4a","\\SyNAS\Records\2023","482299400","459.96 MB","2023-07-04T06:58:00+00:00","2023-07-04T04:58:00+00:00"
"rec_729c2d71258481847b849a7eebc68351bd408e72","Audio recording 2020-07-11 11-58-30.wav","\\SyNAS\Records\2020","4420628","4.22 MB","2020-07-11T00:00:00+00:00","2020-07-11T10:38:00+00:00"
"rec_0d8f974afe9f32749ffb16da4755817b64a9a3ab","Audio recording 2020-11-13 18-54-55.aac","\\SyNAS\Records\2020","43902877","41.87 MB","2020-11-13T00:00:00+00:00","2020-11-13T18:17:34+00:00"
"rec_8d3c2c670117492fad99021830c50028a5f779b2","2022-08-03_21h35m48_Voix 054 crié car Alois a faim a 21h30.m4a","\\SyNAS\Records\2022-July-Dec","5606310","5.35 MB","2022-08-03T21:35:00+00:00","2022-08-03T19:35:48+00:00"
"rec_755793ec10e7883a568d7b4dc62292e8aa8db0ee","2021_02_02_21_01_30.mp3","\\SyNAS\Records\2021","6686","6.53 KB","2021-02-02T21:01:30+00:00","2021-02-02T20:01:31+00:00"
"rec_d63397066d2bf6488912c9ca0800f2246a2e2020","2022-12-27_21h51m49_Voix 119.m4a","\\SyNAS\Records\2023","7539454","7.19 MB","2022-12-27T21:51:00+00:00","2022-12-27T20:51:49+00:00"
"rec_c1a1146c851f440f9d131e80355ff3b15aff6196","2022-08-02_08h34m52_Voix 053.m4a","\\SyNAS\Records\2022-July-Dec","1791344","1.71 MB","2022-08-02T08:34:00+00:00","2022-08-02T06:34:52+00:00"
"rec_026ed7da5f01392406efb6c0cf93e78e22ef9adc","Audio recording 2020-10-15 15-35-57.aac","\\SyNAS\Records\2020","903173","882.00 KB","2020-10-15T00:00:00+00:00","2020-10-15T13:36:25+00:00"
"rec_23e0da29d15e4b18362fa25ca39c2ffc5b67d7ac","2021_02_21_16_21_09.mp3","\\SyNAS\Records\2021","79559365","75.87 MB","2021-02-21T16:21:09+00:00","2021-02-21T16:44:02+00:00"
"rec_41db48e9e6a049b5820480cd94e5126775573465","2021_03_08_12_03_59 resultats scolaire.mp3","\\SyNAS\Records\Audio\Time_Sort\2021","9341386","8.91 MB","2021-03-08T12:03:59+00:00","2021-03-08T11:13:43+00:00"
"rec_0818ba7eb362ce5d771a6cd49a83ff4ceca872cf","2021_01_15_11_49_52.mp3","\\SyNAS\Records\Audio\Time_Sort\2021","91877876","87.62 MB","2021-01-15T11:49:52+00:00","2021-01-15T12:25:34+00:00"
"rec_046507763e74e283bc164b0c2e1685dbff668cad","2021_01_27_20_29_54.mp3","\\SyNAS\Records\2021","14167561","13.51 MB","2021-01-27T20:29:54+00:00","2021-01-27T19:44:40+00:00"
"rec_8b8cbe7726eb4b6d6e20883983aff8ab4650f713","2020_10_22_13_01_01 crise part2.mp3","\\SyNAS\Records\Audio\2020-Unsorted","19438444","18.54 MB","2020-10-22T13:01:01+00:00","2020-10-22T11:21:16+00:00"
"rec_47688c82522095dbc6733e3326c01fea5211c98e","Audio recording 2020-07-21 21-48-50.wav","\\SyNAS\Records\Audio\Time_Sort\2020","2875364","2.74 MB","2020-07-21T00:00:00+00:00","2020-07-22T06:25:38+00:00"
"rec_a3a8e00480a1989f7901295ac41bced8cc6ae5a6","Audio recording 2020-07-07 20-38-13.wav","\\SyNAS\Records\2020","4865156","4.64 MB","2020-07-07T00:00:00+00:00","2020-07-07T18:38:40+00:00"
"rec_73ce77b6a4ccab3e9ef8b15745a41752bcf9c334","2021_02_19_12_54_27 depart ski.mp3","\\SyNAS\Records\Audio\Time_Sort\2021","7280920","6.94 MB","2021-02-19T12:54:27+00:00","2021-02-19T12:02:37+00:00"
"rec_2acd1c1ed15024441e74dad62f369896c39f2a19","2022_05_27_18_38_40.mp3","\\SyNAS\Records\2022-Jan-July","28157909","26.85 MB","2022-05-27T18:38:40+00:00","2022-05-27T17:08:01+00:00"
"rec_963cec36a456964b9d42f5bbab31e174b76f3b71","2021_01_17_17_01_53.mp3","\\SyNAS\Records\Audio\Time_Sort\2021","1420642","1.35 MB","2021-01-17T17:01:53+00:00","2021-01-17T16:03:22+00:00"
"rec_6bf52740838e5e0d9a42dafc48a0ed95e662947e","2021_04_19_22_45_58.mp3","\\SyNAS\Records\2021","8834575","8.43 MB","2021-04-19T22:45:58+00:00","2021-04-19T20:58:09+00:00"
"rec_52f3407ee2cc300100ff727b7fded7be899a593b","2021_05_02_20_35_28.mp3","\\SyNAS\Records\Audio\Time_Sort\2021","23977481","22.87 MB","2021-05-02T20:35:28+00:00","2021-05-02T19:00:27+00:00"
"rec_38921aab204e21830b95cbe148025855428a8810","Audio recording 2020-11-22 20-14-12.aac","\\SyNAS\Records\2020","9601340","9.16 MB","2020-11-22T00:00:00+00:00","2020-11-22T19:19:10+00:00"
"rec_291be0e7a538142bfeedaf66a4ce2d67268bb961","Audio recording 2020-07-13 21-38-25.wav","\\SyNAS\Records\2020","12069332","11.51 MB","2020-07-13T00:00:00+00:00","2020-07-13T19:39:34+00:00"
"rec_cac659515ac916a40778242cd3ab1302fed1061a","2023-05-07_19h55m19_Voix 154 affaire  chloe blois.m4a","\\SyNAS\Records\2023","16966538","16.18 MB","2023-05-07T19:55:00+00:00","2023-05-07T17:55:19+00:00"
"rec_de9002160376ee34dabc1ec4f1f6c3e042b01907","Audio recording 2020-11-29 21-31-40 whiskey.aac","\\SyNAS\Records\Audio\Time_Sort\2020","3706854","3.54 MB","2020-11-29T00:00:00+00:00","2020-11-29T20:33:34+00:00"
"rec_be11af1070029caab7d312c3641bca44308622ed","2021_02_15_21_59_50.mp3","\\SyNAS\Records\2021","17300165","16.50 MB","2021-02-15T21:59:50+00:00","2021-02-15T21:17:51+00:00"
"rec_91056a2a7ecd52a5a23119af270a021b8c21327d","Audio recording 2020-05-31 22-51-54.aac","\\SyNAS\Records\2020","8192718","7.81 MB","2020-05-31T00:00:00+00:00","2020-05-31T20:56:08+00:00"
"rec_0b4fe07a97b0458396377c803f558a032a1182b6","2021_01_22_19_48_51.mp3","\\SyNAS\Records\2021","7893576","7.53 MB","2021-01-22T19:48:51+00:00","2021-01-22T18:57:05+00:00"
"rec_4c50828d3334d83cfbe36ad05c72c9c97bbdc3f9","2023-09-29_17h10m53_Voix 015 Steinhausen Ottenbach.m4a","\\SyNAS\Records\2023","256139847","244.27 MB","2023-09-29T17:10:00+00:00","2023-09-29T15:10:53+00:00"
"rec_1d2df8ca1cadeba5bc766a10ee00f902391b19e1","Audio recording 2020-12-08 21-26-49.aac","\\SyNAS\Records\2020","15139654","14.44 MB","2020-12-08T00:00:00+00:00","2020-12-08T20:34:38+00:00"
"rec_8b94ec35e83391aff2592fd4d0693fcdaea4384e","2023-12-24_16h30m19_Voix 018.m4a","\\SyNAS\Records\2023","138533789","132.12 MB","2023-12-24T16:30:00+00:00","2023-12-24T15:30:19+00:00"
"rec_fda4c6db2299363020648bf1ec8a26d01416d162","2020_12_27_23_47_34.mp3","\\SyNAS\Records\Audio\Time_Sort\2020","19922441","19.00 MB","2020-12-27T23:47:34+00:00","2020-12-27T23:08:20+00:00"
"rec_7f274c35dfdf0584830c61dfab9da4b18d495c9f","2021_04_25_20_40_18.mp3","\\SyNAS\Records\2021","33312599","31.77 MB","2021-04-25T20:40:18+00:00","2021-04-25T19:15:00+00:00"
"rec_eae5890a9a4fdc4b283ef25bd5b1549f332d919a","2021_01_13_20_32_53.mp3","\\SyNAS\Records\Audio\Time_Sort\2021","400403","391.02 KB","2021-01-13T20:32:53+00:00","2021-01-13T19:33:18+00:00"
"rec_a585aa57052842aadf8ce4af0ee0f02d878a2a71","2021_02_12_12_54_03.mp3","\\SyNAS\Records\2021","662882","647.35 KB","2021-02-12T12:54:03+00:00","2021-02-12T11:54:44+00:00"
"rec_12c3fae5c52099372ed23115bc86bd9fe3e763cd","2021_02_10_17_34_24.mp3","\\SyNAS\Records\2021","73096462","69.71 MB","2021-02-10T17:34:24+00:00","2021-02-10T17:50:33+00:00"
"rec_6aaced2bf6ba9caf84c98c16047a35a4a5e404a7","2023-01-06_21h49m21_Voix 122 Jakarta.m4a","\\SyNAS\Records\2023","2291795","2.19 MB","2023-01-06T21:49:00+00:00","2023-01-06T20:49:21+00:00"
"rec_0f377901375c78509d1bc4f0ee3c3d5b9dcb39c7","2021_04_01_08_03_42.mp3","\\SyNAS\Records\2021","12537","12.24 KB","2021-04-01T08:03:42+00:00","2021-04-01T06:03:43+00:00"
"rec_f9f37aaf51c4b3475ce77c892324fdb5dbec0134","Audio recording 2020-07-26 13-18-48.wav","\\SyNAS\Records\Audio\Time_Sort\2020","155496628","148.29 MB","2020-07-26T00:00:00+00:00","2020-07-26T11:33:30+00:00"
"rec_ad89f4d6067180ba8b452e0ea4695b8795eec3ad","2020_08_04_13_48_36.mp3","\\SyNAS\Records\2020","194392815","185.39 MB","2020-08-04T13:48:36+00:00","2020-08-04T15:11:05+00:00"
"rec_403402226103485d070d66a36775aaf6cf4c3331","Audio recording 2020-07-19 13-06-13.wav","\\SyNAS\Records\2020","262828988","250.65 MB","2020-07-19T00:00:00+00:00","2020-07-19T11:31:04+00:00"
"rec_7f13199a56c59a35f04c42142428c6c78de1da12","2021_09_05_21_24_22 petit nicolas le football.mp3","\\SyNAS\Records\2021","11695750","11.15 MB","2021-09-05T21:24:22+00:00","2021-09-05T19:36:33+00:00"
"rec_8cae316f11163150429f13430ca62758b439a6e0","2021_04_17_17_58_02.mp3","\\SyNAS\Records\2021","24277158","23.15 MB","2021-04-17T17:58:02+00:00","2021-04-17T16:23:19+00:00"
"rec_1b03718f77390fc082eebe96bfc3a02cf8ae02e8","Audio recording 2020-12-06 16-01-25 lecture.aac","\\SyNAS\Records\2020","49456106","47.17 MB","2020-12-06T00:00:00+00:00","2020-12-06T15:26:56+00:00"
"rec_bfc8ae56b5e2c94aebb9f3781847a757f49bb779","Audio recording 2020-08-27 11-14-20.wav","\\SyNAS\Records\2020","132779852","126.63 MB","2020-08-27T00:00:00+00:00","2020-08-27T09:26:53+00:00"
"rec_48d790588e9e921e889a911c83a3d1a2d898f4a0","2021_01_25_07_42_17 KTA matin grognon.mp3","\\SyNAS\Records\Audio\Time_Sort\2021","25593311","24.41 MB","2021-01-25T07:42:17+00:00","2021-01-25T07:08:57+00:00"
"rec_1a30bb34aafdd8d765103323d69254c65fed2248","2022_05_08_12_04_04 KTA steinhausen mise au clair.mp3","\\SyNAS\Records\2022-Jan-July","273476544","260.81 MB","2022-05-08T12:04:04+00:00","2022-05-08T14:48:57+00:00"
"rec_02e14bae3920571ae5e66dd32cc8e7e2e8844b68","2021_01_25_21_36_55.mp3","\\SyNAS\Records\2021","17321899","16.52 MB","2021-01-25T21:36:55+00:00","2021-01-25T20:54:58+00:00"
"rec_954c52c066b0eae9250298a5c2fe6bc6fc8da876","2021_03_11_21_00_13.mp3","\\SyNAS\Records\2021","3231659","3.08 MB","2021-03-11T21:00:13+00:00","2021-03-11T20:03:36+00:00"
"rec_14c8bc855457c2e0e8797a0de80da10ec80feb3d","2020_12_28_19_50_48.mp3","\\SyNAS\Records\2020","5807123","5.54 MB","2020-12-28T19:50:48+00:00","2020-12-28T18:56:51+00:00"
"rec_98499f538ff4f2e5a27c9ae9659b7c47c9832de5","2021_06_19_17_00_44.mp3","\\SyNAS\Records\2021","4342594","4.14 MB","2021-06-19T17:00:44+00:00","2021-06-19T15:05:15+00:00"
"rec_d571e0b13a29013da056432f7f199ab828bc87c9","2021_04_29_12_15_32.mp3","\\SyNAS\Records\Audio\Time_Sort\2021","200284786","191.01 MB","2021-04-29T12:15:32+00:00","2021-04-29T13:44:11+00:00"
"rec_45416682763f44b6590c6025ff2e842646f0553a","2021_01_01_00_53_01.mp3","\\SyNAS\Records\Audio\Time_Sort\2020","3434787","3.28 MB","2021-01-01T00:53:01+00:00","2020-12-31T23:56:36+00:00"
"rec_1993326bf904b253362398da030bbde79dca8290","Audio recording 2020-11-05 15-23-04 retourecole.aac","\\SyNAS\Records\2020","44247836","42.20 MB","2020-11-05T00:00:00+00:00","2020-11-05T14:45:54+00:00"
"rec_70c9163c3f2cb252b80384667c6d3455f7661db3","2021_06_04_21_49_21 non stop.mp3","\\SyNAS\Records\2021","91528880","87.29 MB","2021-06-04T21:49:21+00:00","2021-06-04T21:24:42+00:00"
"rec_f8aa26cb0267e38599edaac466e05c40186d8d83","2021_01_23_16_01_55.mp3","\\SyNAS\Records\2021","21117386","20.14 MB","2021-01-23T16:01:55+00:00","2021-01-23T15:23:55+00:00"
"rec_b7203ffbac763cca2ee1a108b6bd92508004c59f","Audio recording 2020-07-02 20-46-29.aac","\\SyNAS\Records\Audio\Time_Sort\2020","10079102","9.61 MB","2020-07-02T00:00:00+00:00","2020-07-02T18:51:42+00:00"
"rec_3b12aaac85040ce6931ab5dc09864190fc9b7583","2021_01_30_17_09_36 retour courses.mp3","\\SyNAS\Records\2021","41666350","39.74 MB","2021-01-30T17:09:36+00:00","2021-01-30T16:53:01+00:00"
"rec_c5edf2241b000adfab3e4f18dab75913c5bfeab6","2020_12_31_14_29_40.mp3","\\SyNAS\Records\Audio\Time_Sort\2020","6402297","6.11 MB","2020-12-31T14:29:40+00:00","2020-12-31T13:36:20+00:00"
"rec_62eab43442a1ab22ac24075f1b647647f08b26e0","2020_11_06_23_21_38 tu ramasses Alois.mp3","\\SyNAS\Records\Audio\Time_Sort\2020","2144547","2.05 MB","2020-11-06T23:21:38+00:00","2020-11-06T22:23:52+00:00"
"rec_9fa3ff97593bcf1b2a5260ec1dbea9db7747be73","2023-04-18_12h14m09_Voix 148 1to1 with BB.m4a","\\SyNAS\Records\2023","43164783","41.17 MB","2023-04-18T12:14:00+00:00","2023-04-18T10:14:09+00:00"
"rec_778c8be242fef8fd3b5370a666f3040de1922b25","2021_03_02_00_38_01.mp3","\\SyNAS\Records\2021","12107022","11.55 MB","2021-03-02T00:38:01+00:00","2021-03-01T23:50:38+00:00"
"rec_e2a1457674527efb3522640b07688bdabc7335c2","2021_01_13_12_21_40 KT tas des problemes faire soigner.mp3","\\SyNAS\Records\Audio\Time_Sort\2021","32145239","30.66 MB","2021-01-13T12:21:40+00:00","2021-01-13T11:55:09+00:00"
"rec_bf56be0a02c13b9b7d148526620c4e79115063d2","2021_01_02_22_35_09 le cyclope.mp3","\\SyNAS\Records\2021","10194859","9.72 MB","2021-01-02T22:35:09+00:00","2021-01-02T21:45:46+00:00"
"rec_25064f396f34cefbcc2fd4b2f6a0d43126e3b3c6","2021_03_16_20_55_00.mp3","\\SyNAS\Records\2021","25864567","24.67 MB","2021-03-16T20:55:00+00:00","2021-03-16T20:21:57+00:00"
"rec_4a940dbb11f4d6e01d7d87c3458ef55b6fde86fb","2022-10-30_15h05m41_Voix 093 elle m'a sortie  du caniveaux.m4a","\\SyNAS\Records\2022-July-Dec","3050991","2.91 MB","2022-10-30T15:05:00+00:00","2022-10-30T14:05:41+00:00"
"rec_9c844c7856b3b3045e4fe184e50c9f3301b0b45a","2020_12_31_14_47_37.mp3","\\SyNAS\Records\Audio\Time_Sort\2020","19939159","19.02 MB","2020-12-31T14:47:37+00:00","2020-12-31T14:08:23+00:00"
"rec_447a4f24222c733c0a99b1cf4b2c6ed96fb20c94","2021_03_22_12_20_59 repas diffamstoire.mp3","\\SyNAS\Records\Audio\Time_Sort\2021","9505644","9.07 MB","2021-03-22T12:20:59+00:00","2021-03-22T11:30:53+00:00"
"rec_c1e9f6412cbb0b85949922ce9cf387e2e7a8ce38","2023-04-17_17h23m37_Voix 148 K sa façon de ne rien faire.m4a","\\SyNAS\Records\2023","1004853","981.30 KB","2023-04-17T17:23:00+00:00","2023-04-17T15:23:37+00:00"
"rec_bfc7ec23eede1ca75fa144f19c196b7627880b6d","2021_03_30_12_07_57 repas.mp3","\\SyNAS\Records\2021","25895078","24.70 MB","2021-03-30T12:07:57+00:00","2021-03-30T10:34:55+00:00"
"rec_2ab94775566659a89db5972d6b1accaefc6ed343","2019-08-30_12h30m50_Enregistrement_0366.wav","\\SyNAS\Records\Audio\Time_Sort\2019","8781824","8.38 MB","2019-08-30T12:30:00+00:00","2019-08-30T10:30:50+00:00"
"rec_b996522c31370ce91f8a8a8444c6abe16b760951","2021_01_26_12_36_15.mp3","\\SyNAS\Records\2021","3029367","2.89 MB","2021-01-26T12:36:15+00:00","2021-01-26T11:39:24+00:00"
"rec_699ee8d05226a3cd1e15f5a771f74a6ff3708160","2022-09-02_15h30m23_Voix 066.m4a","\\SyNAS\Records\2022-July-Dec","2540363","2.42 MB","2022-09-02T15:30:00+00:00","2022-09-02T13:30:23+00:00"
"rec_1ee30fe7a55bc12ce8ba756a7e1c53071581878e","2020_09_03_17_26_33 dd sing.mp3","\\SyNAS\Records\Audio\Time_Sort\2020","38440541","36.66 MB","2020-09-03T17:26:33+00:00","2020-09-03T16:06:35+00:00"
"rec_158bb031beea965e92503ec0290cf1ef917fc549","2020-03-14_08h24m38_Recording (1)_Papa_Alois.m4a","\\SyNAS\Records\Rec\ALO","1403209","1.34 MB","2020-03-14T08:24:00+00:00","2020-04-06T15:42:00+00:00"
"rec_a76614d1c0c1a93867c9eb97ed706ff3d6bbcd8e","2021_07_16_21_22_14.mp3","\\SyNAS\Records\2021","68859215","65.67 MB","2021-07-16T21:22:14+00:00","2021-07-16T20:33:58+00:00"
"rec_b897483d05bba67505cae35efbfdd7dd6b0ce0a4","2021_02_19_17_17_18.mp3","\\SyNAS\Records\2021","19414621","18.52 MB","2021-02-19T17:17:18+00:00","2021-02-19T16:37:32+00:00"
"rec_adbac3d9feadece683257260fb7a8825090b57aa","rec_20190816-2021.wav","\\SyNAS\Records\Audio\Time_Sort\2019","145191356","138.47 MB","","2019-08-16T19:21:22+00:00"
"rec_e9e43588684426d77d36ca3e34443e42e6fd50a0","2021_05_26_14_52_21 ortjo.mp3","\\SyNAS\Records\2021","8377990","7.99 MB","2021-05-26T14:52:21+00:00","2021-05-26T13:01:05+00:00"
"rec_cfe0562ace6c7cc3900a4b68b6184a7077729bbe","2022-10-02_20h38m54_Voix 082 fifa 23.m4a","\\SyNAS\Records\2022-July-Dec","43548929","41.53 MB","2022-10-02T20:38:00+00:00","2022-10-02T18:38:54+00:00"
"rec_ebf3a22eb6507665ad45916071cbf763f4a8930f","Audio recording 2020-11-22 15-14-51.aac","\\SyNAS\Records\Audio\Time_Sort\2020","3955059","3.77 MB","2020-11-22T00:00:00+00:00","2020-11-22T14:16:54+00:00"
"rec_9a1fe06f12fb42d0b6cd6046a7f4c62348231132","2022-11-09_13h22m38_Voix 096.m4a","\\SyNAS\Records\2022-July-Dec","16376911","15.62 MB","2022-11-09T13:22:00+00:00","2022-11-09T12:22:38+00:00"
"rec_aefc5579b02636337d95a6880eb150c5095c03e0","Audio recording 2020-08-29 21-17-11.wav","\\SyNAS\Records\Audio\Time_Sort\2020","17311940","16.51 MB","2020-08-29T00:00:00+00:00","2020-08-29T19:18:50+00:00"
"rec_2e0141c88d67b067fb7fe88c4f7c5f7bc4dc8dfa","Audio recording 2020-08-29 09-01-37.wav","\\SyNAS\Records\Audio\Time_Sort\2020","128539184","122.58 MB","2020-08-29T00:00:00+00:00","2020-08-29T07:13:47+00:00"
"rec_ec2a82d19d30495fc875db8a2ddd2c7db67318f3","2021_05_22_19_20_09.mp3","\\SyNAS\Records\2021","41271378","39.36 MB","2021-05-22T19:20:09+00:00","2021-05-22T18:03:08+00:00"
"rec_dc85f2237a65fa75092cda6b9b00cf9ecf786815","Audio recording 2020-11-23 07-19-40.aac","\\SyNAS\Records\2020","24075523","22.96 MB","2020-11-23T00:00:00+00:00","2020-11-23T06:32:06+00:00"
"rec_34202d67139d031e69041dde1ff5f29f96f3e3ee","Audio recording 2020-10-12 23-34-25.aac","\\SyNAS\Records\2020","5825554","5.56 MB","2020-10-12T00:00:00+00:00","2020-10-12T21:37:26+00:00"
"rec_9939f1d39320b9a2bd5d56e77458b553e74b67fe","2022_05_08_18_09_03.mp3","\\SyNAS\Records\2022-Jan-July","135328077","129.06 MB","2022-05-08T18:09:03+00:00","2022-05-08T18:30:01+00:00"
"rec_ae93c5b1094b6d5fc48e694b6aa57d6fe1760f24","2019-01-19_07h47m44_Enregistrement_0367_samedi_matin.wav","\\SyNAS\Records\Rec\GoogleRec\SmartVoiceRecorder","51084844","48.72 MB","2019-01-19T07:47:00+00:00","2019-01-19T06:47:44+00:00"
"rec_c5dc8c682febd827cf1949916c9513428bc68670","Audio recording 2020-10-17 19-25-47.aac","\\SyNAS\Records\2020","11138151","10.62 MB","2020-10-17T00:00:00+00:00","2020-10-17T17:31:33+00:00"
"rec_0f530ddc0717c37eef8b72850f202707f94b3150","2021_01_23_21_45_50.mp3","\\SyNAS\Records\2021","16289122","15.53 MB","2021-01-23T21:45:50+00:00","2021-01-23T21:02:46+00:00"
"rec_7c91be0e69c9b90d8b7bbeed9147298a0a403c43","2023-12-23_20h32m56_Voix 017.m4a","\\SyNAS\Records\2023","21798926","20.79 MB","2023-12-23T20:32:00+00:00","2023-12-23T19:32:56+00:00"
"rec_36382cd9b4314c238c8646d6998f7400fa9d8c38","2020_10_22_16_03_43 cours.mp3","\\SyNAS\Records\Audio\2020-Unsorted","148602461","141.72 MB","2020-10-22T16:03:43+00:00","2020-10-22T16:38:31+00:00"
"rec_221a8fa5fa424c1a4f28b66d561b207b4c27d03d","2021_03_14_12_57_19 dimanche midi.mp3","\\SyNAS\Records\Audio\Time_Sort\2021","38664567","36.87 MB","2021-03-14T12:57:19+00:00","2021-03-14T12:37:36+00:00"
"rec_82e31d7986e7d95dc761edd13ff419314b2fb3e5","2023-07-25_20h07m00_Voix 006 Steinhausen.m4a","\\SyNAS\Records\2023","115187203","109.85 MB","2023-07-25T20:07:00+00:00","2023-07-25T18:07:00+00:00"
"rec_330f99c93cbd03f6c904f354cf88e1c1a55092a7","2019-01-18_15h07m15_Enregistrement_0366.wav","\\SyNAS\Records\Rec\GoogleRec\SmartVoiceRecorder","55311404","52.75 MB","2019-01-18T15:07:00+00:00","2019-01-18T14:07:15+00:00"
"rec_4f9b5eacbff329f183f2bbd63fb75a0b9bd2690e","Audio recording 2020-08-13 05-15-46 Hope Shash.wav","\\SyNAS\Records\2020","22261724","21.23 MB","2020-08-13T00:00:00+00:00","2020-08-13T03:17:52+00:00"
"rec_94ba8faf8da4fe6bef123215a8196503d7d89458","2021_01_06_13_38_45.mp3","\\SyNAS\Records\Audio\Time_Sort\2021","44137324","42.09 MB","2021-01-06T13:38:45+00:00","2021-01-06T13:24:44+00:00"
"rec_d6cb7b3a8de0adee293e671cac8de122e480f7df","2021_07_14_23_38_34.mp3","\\SyNAS\Records\2021","284590835","271.41 MB","2021-07-14T23:38:34+00:00","2021-07-15T02:35:02+00:00"
"rec_b7fc09ed0b2f9f6ecffdfa0ba261d11ade4ed7e5","2020_08_05_20_52_39.mp3","\\SyNAS\Records\2020","42772270","40.79 MB","2020-08-05T20:52:39+00:00","2020-08-05T19:37:12+00:00"
"rec_e7a02cd4cbab3e94b80702923f8665bc20c972a6","2020-05-18_08h27m46_Voix 036_sd achat panthalons.m4a","\\SyNAS\Records\2020","49259330","46.98 MB","2020-05-18T08:27:00+00:00","2020-05-18T06:27:46+00:00"
"rec_6cc66a4cf23aff00a4698545690923312148b14c","2021_03_14_20_08_11.mp3","\\SyNAS\Records\Audio\Time_Sort\2021","53892074","51.40 MB","2021-03-14T20:08:11+00:00","2021-03-14T20:04:20+00:00"
"rec_a3154ffb57397aa0e0554fe8bdf8d06dcb85b497","2020-03-19_03h24m46_Recording (7) Dinda working.m4a","\\SyNAS\Records\Rec\DD","76527826","72.98 MB","2020-03-19T03:24:00+00:00","2020-04-05T23:24:00+00:00"
"rec_31a477922e01fe567c64b3cad69de0dd76490306","2021_02_28_12_58_40.mp3","\\SyNAS\Records\Audio\Time_Sort\2021","18810670","17.94 MB","2021-02-28T12:58:40+00:00","2021-02-28T12:18:16+00:00"
"rec_0631f0398fab407f9cf54926e9cd552d93c5ea28","2023-11-23_17h18m18_Voix 016 piano.m4a","\\SyNAS\Records\2023","24830522","23.68 MB","2023-11-23T17:18:00+00:00","2023-11-23T16:18:18+00:00"
"rec_4c880f819d1950c06f1407b7353f80b065fd5f9f","2019-09-17_16h44m38_Enregistrement_412.wav","\\SyNAS\Records\2019","104393699","99.56 MB","2019-09-17T16:44:00+00:00","2019-09-17T14:44:38+00:00"
"rec_e2c65cb7802f8aae86d5b94de6fbd14d811fcede","2021_04_25_14_22_33.mp3","\\SyNAS\Records\2021","31103734","29.66 MB","2021-04-25T14:22:33+00:00","2021-04-25T13:06:09+00:00"
"rec_1b1f9e9ce436a04af52c5cd5421b82e97c05cd68","2022-07-30_20h48m06_Voix 051 Marie Antoinette.m4a","\\SyNAS\Records\2022-July-Dec","6378446","6.08 MB","2022-07-30T20:48:00+00:00","2022-07-30T18:48:06+00:00"
"rec_d954a686abdfa60c332c659159d9a0a765e3e7d1","2020_12_25_23_46_45 alois confidence.mp3","\\SyNAS\Records\Audio\Time_Sort\2020","23179179","22.11 MB","2020-12-25T23:46:45+00:00","2020-12-25T23:10:54+00:00"
"rec_0950dac8b1965f77c803e87dbd0b2111e0a8d0b6","2023-02-09_18h16m14_Voix 129 shopping.m4a","\\SyNAS\Records\2023","19722552","18.81 MB","2023-02-09T18:16:00+00:00","2023-02-09T17:16:14+00:00"
"rec_0566a8dd0ad683a2e4a222a212082caa960051d7","2022-11-24_06h35m07_Voix 100 alois ne veut pas manger pti dej.m4a","\\SyNAS\Records\2022-July-Dec","9083050","8.66 MB","2022-11-24T06:35:00+00:00","2022-11-24T05:35:07+00:00"
"rec_f16c02ad8eeca6771b3c97b04bdd39de45a531eb","2021_03_28_21_28_47.mp3","\\SyNAS\Records\Audio\Time_Sort\2021","7463496","7.12 MB","2021-03-28T21:28:47+00:00","2021-03-28T19:36:33+00:00"
"rec_4c827b23cfc65ccad649eb9eac5613d0fce53bf5","2022-12-26_00h32m27_Voix 110.m4a","\\SyNAS\Records\2023","4364473","4.16 MB","2022-12-26T00:32:00+00:00","2022-12-25T23:32:27+00:00"
"rec_b683e1f139546617204043585c78d7b01f117cf6","2021_04_08_19_29_54.mp3","\\SyNAS\Records\2021","5145494","4.91 MB","2021-04-08T19:29:54+00:00","2021-04-08T17:35:16+00:00"
"rec_232047b84a4f6fb3befc8eaa5a57b73237a8ce98","2020_12_30_20_41_23.mp3","\\SyNAS\Records\Audio\Time_Sort\2020","22018506","21.00 MB","2020-12-30T20:41:23+00:00","2020-12-30T20:04:20+00:00"
"rec_3fdb33318b37fd3b7eb9e9b171d039b75bb6f487","2020_09_03_17_26_33 dd sing.mp3","\\SyNAS\Records\2020","38440541","36.66 MB","2020-09-03T17:26:33+00:00","2020-09-03T16:06:35+00:00"
"rec_628dd68d98bde43ae4df5098de231c3d66f63b0a","2022-12-27_18h08m08_Voix 113_DD_IamSelfish.m4a","\\SyNAS\Records\2023","14214850","13.56 MB","2022-12-27T18:08:00+00:00","2022-12-27T17:08:08+00:00"
"rec_ad46e50faccb5f26544cdb1631a8b057b4778ddb","2021_10_31_20_29_18.mp3","\\SyNAS\Records\2021","5293870","5.05 MB","2021-10-31T20:29:18+00:00","2021-10-31T19:34:49+00:00"
"rec_0d50654b80d6a4f0175ce64de7f7badd35e00744","Audio recording 2020-06-30 11-57-40.aac","\\SyNAS\Records\2020","67087343","63.98 MB","2020-06-30T00:00:00+00:00","2020-06-30T10:32:16+00:00"
"rec_7d76b980dc0830d146b17f87fc8b49324dfd98e8","2021_02_13_18_19_24.mp3","\\SyNAS\Records\Audio\Time_Sort\2021","132611342","126.47 MB","2021-02-13T18:19:24+00:00","2021-02-13T19:37:34+00:00"
"rec_a94697f708fae8823d86fb8eb7f68d39093f8ae5","Audio recording 2020-06-28 16-18-54.aac","\\SyNAS\Records\2020","8230276","7.85 MB","2020-06-28T00:00:00+00:00","2020-06-28T14:23:10+00:00"
"rec_aa28f1d11ccfe73c94f6c950a7d586dd545f3ee1","2021_04_11_10_29_35 doctor.mp3","\\SyNAS\Records\Audio\Time_Sort\2021","11149060","10.63 MB","2021-04-11T10:29:35+00:00","2021-04-11T08:41:12+00:00"
"rec_ed5a8f63140dcf1c770a1115087e5f5fa784876f","2021_07_17_20_03_42.mp3","\\SyNAS\Records\2021","18554461","17.69 MB","2021-07-17T20:03:42+00:00","2021-07-17T18:23:02+00:00"
"rec_2943d39d02d8713327609123d0ea72cb73318c2e","2021_05_04_19_33_24 porcineyt.mp3","\\SyNAS\Records\Audio\Time_Sort\2021","6885040","6.57 MB","2021-05-04T19:33:24+00:00","2021-05-04T17:40:35+00:00"
"rec_a68d64f0639b6970f571e2f151113be37bfbf1b8","2021_01_31_19_11_42 arrete de polluer ma boite.mp3","\\SyNAS\Records\2021","581380","567.75 KB","2021-01-31T19:11:42+00:00","2021-01-31T18:12:19+00:00"
"rec_150c63a1854552774a0d2d86bfc15d481bbf1f86","2021_01_25_21_12_32 Appolon chapitre 2.mp3","\\SyNAS\Records\Audio\Time_Sort\2021","21877654","20.86 MB","2021-01-25T21:12:32+00:00","2021-01-25T20:35:19+00:00"
"rec_53c4dd5db91802a4b3601594cc98e8f7c69e0782","2023-12-05_20h37m52_Voix 016 retour Aloïs.m4a","\\SyNAS\Records\2023","18080260","17.24 MB","2023-12-05T20:37:00+00:00","2023-12-05T19:37:52+00:00"
"rec_1db44c0a67bbd8992bfb809f57058845cb0a7e1d","2021_08_25_06_25_19.mp3","\\SyNAS\Records\2021","15582782","14.86 MB","2021-08-25T06:25:19+00:00","2021-08-25T05:05:11+00:00"
"rec_d5d57fc4b218d7f39ce510e0e96a0b2ea47c6c2a","2020-03-28_05h39m02_Recording (14)_Dinda.m4a","\\SyNAS\Records\WebStorage\DD","18533334","17.67 MB","2020-03-28T05:39:00+00:00","2020-04-05T23:24:07+00:00"
"rec_c4b3d1878130921a91e1048001d7134f0287e524","Audio recording 2020-07-02 20-51-52.aac","\\SyNAS\Records\Audio\Time_Sort\2020","5296261","5.05 MB","2020-07-02T00:00:00+00:00","2020-07-02T18:54:36+00:00"
"rec_51aaecbec6f0337fa304b1a0a1c7a20927d65fe5","2021_04_02_18_41_45 degage.mp3","\\SyNAS\Records\Audio\Time_Sort\2021","694639","678.36 KB","2021-04-02T18:41:45+00:00","2021-04-02T16:42:29+00:00"
"rec_665c67b19e70857ed95bae0a70a31f38be78aa38","2021_06_02_14_01_20.mp3","\\SyNAS\Records\2021","29707283","28.33 MB","2021-06-02T14:01:20+00:00","2021-06-02T12:32:17+00:00"
"rec_9fd3a8fb8b35ade23f16aebdeae2e6364f81c2ef","2020_09_06_12_49_29.mp3","\\SyNAS\Records\Audio\2020-Unsorted","18520606","17.66 MB","2020-09-06T12:49:29+00:00","2020-09-06T11:08:47+00:00"
"rec_82d96c5806b4bb64fd5332e7a9a5f5214c1a347e","2020_12_22_12_53_55 liste de noel.mp3","\\SyNAS\Records\2020","30873390","29.44 MB","2020-12-22T12:53:55+00:00","2020-12-22T12:26:04+00:00"
"rec_0fb93c3371971b336a7e12a9988ed86be5391e90","2021_01_09_17_30_50_KTA_EducationEnglish.mp3","\\SyNAS\Records\Audio\Time_Sort\2021","92529057","88.24 MB","2021-01-09T17:30:50+00:00","2021-01-09T18:07:14+00:00"
"rec_f91be09b5bba4f166c57f38802f9d7b17626f445","2022-10-04_10h08m56_Voix 082 proposition.m4a","\\SyNAS\Records\2022-July-Dec","4371690","4.17 MB","2022-10-04T10:08:00+00:00","2022-10-04T08:08:56+00:00"
"rec_51a01d2af9d4af4fca1758d6c733e7587d2d1a43","Audio recording 2020-11-05 15-23-04 retourecole.aac","\\SyNAS\Records\Audio\Time_Sort\2020","44247836","42.20 MB","2020-11-05T00:00:00+00:00","2020-11-05T14:45:54+00:00"
"rec_2c1ee63546b34663fae7d8e8f80dbd31ca234501","2022-10-27_05h28m27_Voix 091 humiliation.m4a","\\SyNAS\Records\2023","2203887","2.10 MB","2022-10-27T05:28:00+00:00","2022-10-27T03:28:27+00:00"
"rec_8ca7ffe6f59a9dced8a585c12726d68de3b2d615","2021_04_26_12_42_56 harcrlement.mp3","\\SyNAS\Records\2021","18356698","17.51 MB","2021-04-26T12:42:56+00:00","2021-04-26T15:36:44+00:00"
"rec_137ccd063029fd0f52f0fa46618043a901f4815f","2021_01_02_15_20_46.mp3","\\SyNAS\Records\Audio\Time_Sort\2021","106276152","101.35 MB","2021-01-02T15:20:46+00:00","2021-01-02T16:11:28+00:00"
"rec_6d171625092b37fafcd3d3b6cf6436c5ecd65de4","2021_01_25_12_48_59.mp3","\\SyNAS\Records\Audio\Time_Sort\2021","33833794","32.27 MB","2021-01-25T12:48:59+00:00","2021-01-25T12:24:14+00:00"
"rec_0a5b9deb728251a1b0eaf7a2ac6476fe6beec4ae","2023-04-12_19h13m56_Voix 147 tu sors.m4a","\\SyNAS\Records\2023","6728486","6.42 MB","2023-04-12T19:13:00+00:00","2023-04-12T17:13:56+00:00"
"rec_56d860a3f38ae67913250b7097e723021f2203cc","2023-02-13_08h54m10_Voix 131 DD crisis.m4a","\\SyNAS\Records\2023","37886325","36.13 MB","2023-02-13T08:54:00+00:00","2023-02-13T07:54:10+00:00"
"rec_749fca3d5cda76182a27a06f211f5949c234c21c","2021_01_07_08_02_24.mp3","\\SyNAS\Records\2021","145866","142.45 KB","2021-01-07T08:02:24+00:00","2021-01-07T07:02:33+00:00"
"rec_d060f02a71f3a8a15a4d5bddf08a1e2ed3dcded0","2020_11_08_15_11_18 exo allemand.mp3","\\SyNAS\Records\Audio\2020-Unsorted","185987656","177.37 MB","2020-11-08T15:11:18+00:00","2020-11-08T17:25:02+00:00"
"rec_96f7106f0c728cad9ebbfca4c9f94ac97e839322","2022-09-21_21h19m00_Voix 079 Catajou fin de  provocation.m4a","\\SyNAS\Records\2022-July-Dec","7318361","6.98 MB","2022-09-21T21:19:00+00:00","2022-09-21T19:19:00+00:00"
"rec_8ff0f041eb68c007b7b50ffbdd914c979735a38f","Audio recording 2020-08-18 19-19-21.wav","\\SyNAS\Records\2020","66591044","63.51 MB","2020-08-18T00:00:00+00:00","2020-08-18T17:25:40+00:00"
"rec_89b61fc5584e762f2659e80f4ae77e0b25593e4c","2021_06_24_18_28_19.mp3","\\SyNAS\Records\2021","19455163","18.55 MB","2021-06-24T18:28:19+00:00","2021-06-24T16:48:35+00:00"
"rec_d9f1342cd70efc36423fdfa1cfbdfa6652f2a364","2022-10-09_22h45m35_Voix 087.m4a","\\SyNAS\Records\2022-July-Dec","73635015","70.22 MB","2022-10-09T22:45:00+00:00","2022-10-09T20:45:35+00:00"
"rec_a99cca0462de6efe84ec695ee4624d33ccd7a7ac","2023-08-05_20h58m24_Voix 009.m4a","\\SyNAS\Records\2023","28646629","27.32 MB","2023-08-05T20:58:00+00:00","2023-08-05T18:58:24+00:00"
"rec_2097d2e95f32478f8768b2c0c59a48cce6bc8dd5","2021_02_27_11_46_35 matin.mp3","\\SyNAS\Records\2021","46451564","44.30 MB","2021-02-27T11:46:35+00:00","2021-02-27T11:34:58+00:00"
"rec_768d4319eb259683adeda9565ce3f096d853fe8b","2020_11_20_08_26_01 dd morning.mp3","\\SyNAS\Records\Audio\2020-Unsorted","3162696","3.02 MB","2020-11-20T08:26:01+00:00","2020-11-20T07:29:19+00:00"
"rec_4c031517121c910f17c8b3cb35a96a50f572db93","2021_06_13_21_39_32.mp3","\\SyNAS\Records\2021","29313566","27.96 MB","2021-06-13T21:39:32+00:00","2021-06-13T20:10:04+00:00"
"rec_9729b4b3bda0f51e81a35662229b7e70f92bae40","Audio recording 2020-07-07 20-40-41.wav","\\SyNAS\Records\Audio\Time_Sort\2020","9056420","8.64 MB","2020-07-07T00:00:00+00:00","2020-07-07T18:41:32+00:00"
"rec_d2fac12c9d49934b3d68590a6b3be70604ff8847","2021_06_22_21_22_00.mp3","\\SyNAS\Records\2021","371146","362.45 KB","2021-06-22T21:22:00+00:00","2021-06-22T19:22:24+00:00"
"rec_45181139e6f18f04ab35d072add7f67cba35d7d5","Audio recording 2020-08-05 21-47-53.wav","\\SyNAS\Records\2020","1129004","1.08 MB","2020-08-05T00:00:00+00:00","2020-08-05T19:48:00+00:00"
"rec_57f47096198197cff46671dde1083ad3f0471bbc","2021_04_26_12_42_56 harcrlement.mp3","\\SyNAS\Records\Audio\Time_Sort\2021","18356698","17.51 MB","2021-04-26T12:42:56+00:00","2021-04-26T15:36:44+00:00"
"rec_156bbd5648b7ef3a72b9929615eb875b9c88a0a5","2021_01_06_13_29_16.mp3","\\SyNAS\Records\2021","8008514","7.64 MB","2021-01-06T13:29:16+00:00","2021-01-06T12:37:36+00:00"
"rec_24bdfa6db4910bbd2b535805b5f70e2758975fce","2021_01_28_12_57_11.mp3","\\SyNAS\Records\2021","3896214","3.72 MB","2021-01-28T12:57:11+00:00","2021-01-28T12:01:15+00:00"
"rec_b8094f02e971c90f5d12205968d6446217166ebc","Audio recording 2020-12-12 18-57-45 retour de course samedi soir.aac","\\SyNAS\Records\2020","31175435","29.73 MB","2020-12-12T00:00:00+00:00","2020-12-12T18:13:51+00:00"
"rec_345aa88758e35435c568ffca40a14dc079262ea8","Audio recording 2020-07-07 20-41-36 Oiseau.wav","\\SyNAS\Records\2020","4455908","4.25 MB","2020-07-07T00:00:00+00:00","2020-07-07T18:42:02+00:00"
"rec_1e08e934a8ec02e7a924ead85088afb846cbe636","2022-07-25_16h12m55_Voix 050 essaye.m4a","\\SyNAS\Records\2022-July-Dec","95745298","91.31 MB","2022-07-25T16:12:00+00:00","2022-07-25T14:12:55+00:00"
"rec_b91589cf3674a92632e94a31d2b0d56678fffdac","Audio recording 2020-11-23 19-50-33.aac","\\SyNAS\Records\2020","39810638","37.97 MB","2020-11-23T00:00:00+00:00","2020-11-23T19:11:06+00:00"
"rec_a2fde7fb3cb413a7db3a3dbc1b448d29ad083385","Audio recording 2020-07-01 11-52-36.aac","\\SyNAS\Records\2020","235503202","224.59 MB","2020-07-01T00:00:00+00:00","2020-07-01T12:02:28+00:00"
"rec_b711c713aa18d159aa297aaac9eefc6958352688","2022-07-17_19h20m21_Voix 044 explications à Aloïs.m4a","\\SyNAS\Records\2022-July-Dec","88331540","84.24 MB","2022-07-17T19:20:00+00:00","2022-07-17T17:20:21+00:00"
"rec_a9af0f819eed1ba5bad13fa1fe61f5456ff07e43","Audio recording 2020-11-08 08-37-29.aac","\\SyNAS\Records\Audio\Time_Sort\2020","289819579","276.39 MB","2020-11-08T00:00:00+00:00","2020-11-08T10:07:02+00:00"
"rec_4b3a83c6eb02f9f2363e0ce697086944f97a63f1","2020-05-09_12h47m20_Voix 010_sd.m4a","\\SyNAS\Records\2020","6435016","6.14 MB","2020-05-09T12:47:00+00:00","2020-05-09T10:47:20+00:00"
"rec_ebe0d33bbe112e3f42ba93d872844fc6bd81418f","2021_03_04_21_45_23 TA histoire 2 petites oreilles hors du courant.mp3","\\SyNAS\Records\2021","925361","903.67 KB","2021-03-04T21:45:23+00:00","2021-03-04T21:35:55+00:00"
"rec_64a22e499301e49f3601a6dc27815ebdfb1b4dff","2021_03_28_21_28_47.mp3","\\SyNAS\Records\2021","7463496","7.12 MB","2021-03-28T21:28:47+00:00","2021-03-28T19:36:33+00:00"
"rec_4ed0203eb460651119caedae17cd1e272a062135","Audio recording 2020-12-05 08-40-16 Halloween confessions.aac","\\SyNAS\Records\2020","49417094","47.13 MB","2020-12-05T00:00:00+00:00","2020-12-05T08:05:46+00:00"
"rec_9a8a683a117d6722725d95c751d8d8881d56595b","2020-05-28 21-17-51 chapitre 11.aac","\\SyNAS\Records\WebStorage\2020","45967047","43.84 MB","2020-05-28T00:00:00+00:00","2020-07-06T21:32:14+00:00"
"rec_ed9fee7d82571a7724c25faf012a76aab62bf4d0","2021_03_26_07_46_48 panne de reveil.mp3","\\SyNAS\Records\Audio\Time_Sort\2021","19521106","18.62 MB","2021-03-26T07:46:48+00:00","2021-03-26T07:08:10+00:00"
"rec_16fa5a1790ea57247c64ea793914d3c81b17c2a1","Audio recording 2020-11-15 18-05-59.aac","\\SyNAS\Records\2020","27814521","26.53 MB","2020-11-15T00:00:00+00:00","2020-11-15T17:20:20+00:00"
"rec_72015fb77976fa8c275b4e244941e050ee3d8f73","2021_06_05_15_57_40 patte pizza.mp3","\\SyNAS\Records\2021","56098480","53.50 MB","2021-06-05T15:57:40+00:00","2021-06-05T14:56:07+00:00"
"rec_c4b6838644da2ad4705b1abacbd0bfbdf871107e","2021_03_14_16_31_30.mp3","\\SyNAS\Records\2021","21245282","20.26 MB","2021-03-14T16:31:30+00:00","2021-03-14T15:53:38+00:00"
"rec_9961d7329dc4a8b4d61e52e41d43f7228acccdf5","2021_02_10_19_58_26.mp3","\\SyNAS\Records\Audio\Time_Sort\2021","57150483","54.50 MB","2021-02-10T19:58:26+00:00","2021-02-10T19:57:58+00:00"
"rec_6e366d695bcf7165badc1a05fe443e822c775136","2020_12_28_15_26_38 100x meilleur que toi.mp3","\\SyNAS\Records\2020","11539016","11.00 MB","2020-12-28T15:26:38+00:00","2020-12-28T14:38:39+00:00"
"rec_e85818dcc151e666be99ef6a97f4dd55c66de320","2020_12_30_21_06_15.mp3","\\SyNAS\Records\Audio\Time_Sort\2020","22423927","21.39 MB","2020-12-30T21:06:15+00:00","2020-12-30T20:29:37+00:00"
"rec_20ea830ecd8241a2df82dfce6ae00f88fae9c4da","Audio recording 2020-11-10 21-36-36.aac","\\SyNAS\Records\2020","8592541","8.19 MB","2020-11-10T00:00:00+00:00","2020-11-10T20:41:02+00:00"
"rec_bd9656b0259c97cb7a63a2a1001b0b14f91f4d07","Audio recording 2020-09-07 21-09-21.aac","\\SyNAS\Records\Audio\Time_Sort\2020","39598597","37.76 MB","2020-09-07T00:00:00+00:00","2020-09-07T19:29:48+00:00"
"rec_0fb227ed5cf701591689a617d092c5a9b32e17fe","2021_03_12_18_01_22.mp3","\\SyNAS\Records\Audio\Time_Sort\2021","271884470","259.29 MB","2021-03-12T18:01:22+00:00","2021-03-12T21:44:37+00:00"
"rec_187914de1559fa64823aae0ff2916eb9a72ee361","2022-07-21_17h08m11_Voix 047 feedback.m4a","\\SyNAS\Records\2022-July-Dec","5237343","4.99 MB","2022-07-21T17:08:00+00:00","2022-07-21T15:08:11+00:00"
"rec_a7aa8688b2424a44b86b4b3a5480e1a28be30348","Audio recording 2020-05-16 21-51-33.wav","\\SyNAS\Records\2020","259226900","247.22 MB","2020-05-16T00:00:00+00:00","2020-05-16T20:16:03+00:00"
"rec_52dd15e3f61eed22a9d2ac683df936b60a39f1fa","2021_05_21_23_57_58.mp3","\\SyNAS\Records\2021","85262","83.26 KB","2021-05-21T23:57:58+00:00","2021-05-21T21:58:04+00:00"
"rec_b30466e35b9ea7c6807c88e72a4c9ac4dd56d524","2020-05-09_12h39m26_Voix 009_sd tyranie.m4a","\\SyNAS\Records\2020","2626616","2.50 MB","2020-05-09T12:39:00+00:00","2020-05-09T10:39:26+00:00"
"rec_fd26a9e6894ce3a6f0c4790f2919b3c6a824ab66","2024-06-09_20h02m10_Voix 004 alois voiture.m4a","\\SyNAS\Records\2024","134730856","128.49 MB","2024-06-09T20:02:00+00:00","2024-06-09T18:02:10+00:00"
"rec_91a0d6170441eafbed6e6bdaba4f88778e9e438c","Audio recording 2020-08-24 11-01-18.wav","\\SyNAS\Records\2020","282310604","269.23 MB","2020-08-24T00:00:00+00:00","2020-08-24T09:28:00+00:00"
"rec_a6fbfc47970cdeb273933681be591992a219b23d","2022-09-28_20h44m24_Voix 080 soirée type.m4a","\\SyNAS\Records\2022-July-Dec","101579507","96.87 MB","2022-09-28T20:44:00+00:00","2022-09-28T18:44:24+00:00"
"rec_2114be8b8b949b8356d3edc73264dbf5827d575f","2021_01_24_15_38_07.mp3","\\SyNAS\Records\Audio\Time_Sort\2021","8213314","7.83 MB","2021-01-24T15:38:07+00:00","2021-01-24T14:46:41+00:00"
"rec_0345f1e293c3849a8a6d8da42c64bd3ebbadb4c6","2021_02_14_17_10_02.mp3","\\SyNAS\Records\Audio\Time_Sort\2021","86558092","82.55 MB","2021-02-14T17:10:02+00:00","2021-02-14T17:40:13+00:00"
"rec_ff185a0169b8e7b39ce5fc135f3129fd1e9991aa","2021_02_12_14_27_50 repas harcelement.mp3","\\SyNAS\Records\Audio\Time_Sort\2021","51555682","49.17 MB","2021-02-12T14:27:50+00:00","2021-02-12T14:21:32+00:00"
"rec_1a8c351775df6077008a4a6010054e5d8607cc64","2020-03-18_20h14m56_Recording (6)_Dinda Conversation.m4a","\\SyNAS\Records\Rec\DD","12612878","12.03 MB","2020-03-18T20:14:00+00:00","2020-04-05T23:24:00+00:00"
"rec_e1fd7a1b76126a274168b7f5aa671e338276466d","2021_07_07_22_58_47.mp3","\\SyNAS\Records\2021","10335293","9.86 MB","2021-07-07T22:58:47+00:00","2021-07-07T21:09:33+00:00"
"rec_e74ec0142547cb0929837f8a1ffc02db793950b3","2020_12_31_14_29_40.mp3","\\SyNAS\Records\2020","6402297","6.11 MB","2020-12-31T14:29:40+00:00","2020-12-31T13:36:20+00:00"
"rec_b42bbb64d3726559a1f1a7e15c41dff0506f6532","2021_01_09_15_03_11 repas.mp3","\\SyNAS\Records\2021","14711326","14.03 MB","2021-01-09T15:03:11+00:00","2021-01-09T14:18:31+00:00"
"rec_de89c88f397b689199cce7f334928a3391176eef","2023-08-28_07h02m09_Voix 014 sleeping.m4a","\\SyNAS\Records\2023","231451490","220.73 MB","2023-08-28T07:02:00+00:00","2023-08-28T05:02:09+00:00"
"rec_5cd2fc469d0d85aad2ab7665e52c22fb78751808","2023-02-19_12h01m40_I.m4a","\\SyNAS\Records\2023","14824084","14.14 MB","2023-02-19T12:01:00+00:00","2023-02-19T11:01:40+00:00"
"rec_370f9d35a648333c2184c270f8c2fd50383c75cf","Audio recording 2020-08-25 21-04-33 contes de belle île.wav","\\SyNAS\Records\Audio\Time_Sort\2020","95778188","91.34 MB","2020-08-25T00:00:00+00:00","2020-08-25T19:13:37+00:00"
"rec_dd45a974a8cef5d23b280730da10650608668995","2024-07-02_15h56m21_Voix 007.m4a","\\SyNAS\Records\2024-notag","56369905","53.76 MB","2024-07-02T15:56:00+00:00","2024-07-02T13:56:21+00:00"
"rec_91a158a3b2093c31abbd4883a8ffdee9be59004f","2021_04_24_14_42_40.mp3","\\SyNAS\Records\Audio\Time_Sort\2021","44185390","42.14 MB","2021-04-24T14:42:40+00:00","2021-04-24T13:28:44+00:00"
"rec_06304a2346e80e382b8b00f31b036b5e04b852f9","2021_04_12_12_36_56.mp3","\\SyNAS\Records\Audio\Time_Sort\2021","8071236","7.70 MB","2021-04-12T12:36:56+00:00","2021-04-12T11:00:26+00:00"
"rec_a624bda3fecc07437dadd070015bcb55905d720e","2019-10-12_00h56m08_Vevo.m4a","\\SyNAS\Records\Audio\Time_Sort\2019","2190557","2.09 MB","2019-10-12T00:56:00+00:00","2019-10-11T22:56:08+00:00"
"rec_b28105ff1a574e403b1c992108fff2bf335e8c00","2021_03_29_22_44_46.mp3","\\SyNAS\Records\Audio\Time_Sort\2021","2013730","1.92 MB","2021-03-29T22:44:46+00:00","2021-03-29T21:29:17+00:00"
"rec_6eebae9619fbb44272a5def7edb923fa8c9ca663","2021_01_17_18_46_15.mp3","\\SyNAS\Records\2021","80528194","76.80 MB","2021-01-17T18:46:15+00:00","2021-01-17T19:10:08+00:00"
"rec_44e908755f1363cb52c14d6b9a01d430949cc4d9","2021_02_05_19_42_42 KTA fête.mp3","\\SyNAS\Records\2021","196266108","187.17 MB","2021-02-05T19:42:42+00:00","2021-02-05T22:07:09+00:00"
"rec_b8a41fa51885946fd6a7637e107f8246cab52a0c","2021_01_15_14_55_51 DD rjdjd.mp3","\\SyNAS\Records\2021","88173481","84.09 MB","2021-01-15T14:55:51+00:00","2021-01-15T15:30:48+00:00"
"rec_1b5ea25ec1a2d352aa51792e168302bfdc963ca7","2021_05_09_10_43_37.mp3","\\SyNAS\Records\2021","129148","126.12 KB","2021-05-09T10:43:37+00:00","2021-05-09T08:43:45+00:00"
"rec_d12ff0d2343bcb6ca27af10ef45951724e774c63","Audio recording 2020-11-28 21-34-08.aac","\\SyNAS\Records\Audio\Time_Sort\2020","17091224","16.30 MB","2020-11-28T00:00:00+00:00","2020-11-28T20:42:58+00:00"
"rec_87465228f455d52875ef273ad0121a59f18a14a9","2021_06_13_14_32_52.mp3","\\SyNAS\Records\2021","230883159","220.19 MB","2021-06-13T14:32:52+00:00","2021-06-13T16:33:38+00:00"
"rec_a0ab7ac0927d622ee8e03c91089c055358d96686","2021_02_12_20_28_47.mp3","\\SyNAS\Records\Audio\Time_Sort\2021","98004322","93.46 MB","2021-02-12T20:28:47+00:00","2021-02-12T21:10:52+00:00"
"rec_4c4bc23d1e1f185fc0d881abddbb2ca940bceebb","Audio recording 2020-05-27 20-24-13 chapitre 10.wav","\\SyNAS\Records\2020","361768220","345.01 MB","2020-05-27T00:00:00+00:00","2020-05-27T19:10:00+00:00"
"rec_7817a86322540939e34d14a7a06d4220db6c1351","2021_02_08_13_28_23 maria Hays.mp3","\\SyNAS\Records\Audio\Time_Sort\2021","35830803","34.17 MB","2021-02-08T13:28:23+00:00","2021-02-08T13:05:43+00:00"
"rec_b9894b1a309678bcb55979de91dc8e3cbea91508","2022-08-03_00h05m28_Voix 016 TA discussion sur le chien.m4a","\\SyNAS\Records\2022-July-Dec","1575855","1.50 MB","2022-08-03T00:05:00+00:00","2022-08-02T22:05:28+00:00"
"rec_9bac67ade082ee344b1b5f561dedf2dcf78e4a93","Audio recording 2020-07-02 20-54-38.aac","\\SyNAS\Records\2020","4066766","3.88 MB","2020-07-02T00:00:00+00:00","2020-07-02T18:56:44+00:00"
"rec_e4215fd4df972fddd2125bef576605455473e9d2","2022-07-01_21h09m53_Voix 028 concerto1.m4a","\\SyNAS\Records\2022-July-Dec","54659206","52.13 MB","2022-07-01T21:09:00+00:00","2022-07-01T19:09:53+00:00"
"rec_ad54836dc035481f326d97c6eed497609ad06bac","2019-10-28_18h02m18_Enregistrement_423.wav","\\SyNAS\Records\Audio\Time_Sort\2019","350873699","334.62 MB","2019-10-28T18:02:00+00:00","2019-10-28T17:02:18+00:00"
"rec_b517fb15242e7a70f2431d1e204c15dcf9019fa9","2020_12_28_23_18_58 A lecture moineaux.mp3","\\SyNAS\Records\Audio\Time_Sort\2020","17704750","16.88 MB","2020-12-28T23:18:58+00:00","2020-12-28T22:37:25+00:00"
"rec_84dba4e89809018d5566d9e231cc9cc4820f8368","2021_01_13_12_55_16 TA pourquoi on travaille.mp3","\\SyNAS\Records\Audio\Time_Sort\2021","3536351","3.37 MB","2021-01-13T12:55:16+00:00","2021-01-13T11:58:57+00:00"
"rec_4fc62163b905f11d4eed387cec84a13ad0a2b717","2022-11-06_08h30m37_Voix 094.m4a","\\SyNAS\Records\2022-July-Dec","102884244","98.12 MB","2022-11-06T08:30:00+00:00","2022-11-06T07:30:37+00:00"
"rec_5afc9ae5edf58767596416b478db6e822a2bdd42","2022-11-06_17h54m43_Voix 095 shdh.m4a","\\SyNAS\Records\2022-July-Dec","4243663","4.05 MB","2022-11-06T17:54:00+00:00","2022-11-06T16:54:43+00:00"
"rec_1bdced39a25609f5dc375aa4e92a50bb180de138","Audio recording 2020-08-13 05-15-46 Hope Shash.wav","\\SyNAS\Records\Audio\Time_Sort\2020","22261724","21.23 MB","2020-08-13T00:00:00+00:00","2020-08-13T03:17:52+00:00"
"rec_baa0758d1b1f9e8af23a0704670282e2535ad595","2020_12_19_22_29_49 pere noel.mp3","\\SyNAS\Records\2020","5198575","4.96 MB","2020-12-19T22:29:49+00:00","2020-12-19T21:35:14+00:00"
"rec_ce2d0a6ac0b316d8c93e94a60065bb392f893da2","2021_06_18_07_11_09.mp3","\\SyNAS\Records\2021","22252538","21.22 MB","2021-06-18T07:11:09+00:00","2021-06-18T06:06:00+00:00"
"rec_d34b5c85423cc27c00db9a0c6ee95ac8739129ad","2021_02_25_13_14_36.mp3","\\SyNAS\Records\Audio\Time_Sort\2021","1979871","1.89 MB","2021-02-25T13:14:36+00:00","2021-02-25T12:16:40+00:00"
"rec_e88ad03087c82ac60e87f748c9c8503847464a58","null_2020_05_12_20_54_48_in.mp3","\\SyNAS\Records\Audio\Time_Sort","5740992","5.48 MB","2020-05-12T20:54:48+00:00","2020-05-12T19:42:39+00:00"
"rec_3e618192c72d8199c8bf57d73e5213c8245c6f0a","2020_12_29_11_43_44 brunch.mp3","\\SyNAS\Records\Audio\Time_Sort\2020","19970506","19.05 MB","2020-12-29T11:43:44+00:00","2020-12-29T11:04:32+00:00"
"rec_23ffe275c4e0055000011655f187a10e08e2a331","2021_11_13_19_16_13.mp3","\\SyNAS\Records\2021","111238163","106.08 MB","2021-11-13T19:16:13+00:00","2021-11-13T20:12:03+00:00"
"rec_0a67e7d9a76e600b39a91532e1b39e093fb8031c","2022-06-16_18h35m34_Voix 006 kebab2.m4a","\\SyNAS\Records\2022-July-Dec","27106997","25.85 MB","2022-06-16T18:35:00+00:00","2022-06-16T16:35:34+00:00"
"rec_a6e65e4bc1630246e9ab5f17682069ea983786d5","Audio recording 2020-07-13 13-32-41.wav","\\SyNAS\Records\Audio\Time_Sort\2020","158460164","151.12 MB","2020-07-13T00:00:00+00:00","2020-07-13T11:47:40+00:00"
"rec_e4c30c4f56a691d8ace229e7218c62784f81395b","2022_02_01_19_24_47.mp3","\\SyNAS\Records\2022-Jan-July","324208012","309.19 MB","2022-02-01T19:24:47+00:00","2022-02-02T00:02:30+00:00"
"rec_7b2b216433ac9a873ff0fbf131de182646d0e00e","2021_04_22_20_09_37.mp3","\\SyNAS\Records\Audio\Time_Sort\2021","948766","926.53 KB","2021-04-22T20:09:37+00:00","2021-04-22T18:10:36+00:00"
"rec_2435d5ded7613f496cf0cbe3b015ea9a9fbc94b0","2021_01_04_18_16_51.mp3","\\SyNAS\Records\Audio\Time_Sort\2021","1289821","1.23 MB","2021-01-04T18:16:51+00:00","2021-01-04T17:18:12+00:00"
"rec_8fd93b4a7becc6691033446f4357cb035d8c745c","Audio recording 2020-06-29 08-06-22.aac","\\SyNAS\Records\2020","4654843","4.44 MB","2020-06-29T00:00:00+00:00","2020-06-29T06:08:46+00:00"
"rec_52ba35c5a267a0883e5888b2b4c8b12cd1cc923a","2021_02_02_21_44_53.mp3","\\SyNAS\Records\Audio\Time_Sort\2021","945840","923.67 KB","2021-02-02T21:44:53+00:00","2021-02-02T20:45:53+00:00"
"rec_8eb252e5c76dde44f67f6e300df22c2dcaff603f","20220612_144538.m4a","\\SyNAS\Records\2022-Jan-July","29262411","27.91 MB","","2022-06-12T13:11:43+00:00"
"rec_191660e700336d7aad1e4f0d4402ab808a784ee4","2019-10-05_14h42m04_Alois_cacestMonFrereTuvois.wav","\\SyNAS\Records\Audio\Time_Sort\2019","134499","131.35 KB","2019-10-05T14:42:00+00:00","2019-10-05T12:42:04+00:00"
"rec_e4960bf1b80e51058efd20dea4ddcd0bc15074ec","2023-09-23_17h46m28_Voix 015 interview dinda.m4a","\\SyNAS\Records\2023","91576091","87.33 MB","2023-09-23T17:46:00+00:00","2023-09-23T15:46:28+00:00"
"rec_e22760f74d88edd50e3a7c2d313dc9ffb10ac247","2021_03_22_17_08_30.mp3","\\SyNAS\Records\Audio\Time_Sort\2021","54938643","52.39 MB","2021-03-22T17:08:30+00:00","2021-03-22T17:05:44+00:00"
"rec_4301afcea0bf11f99561edf0c7e6d6e8a61c8906","2021_04_06_22_30_09.mp3","\\SyNAS\Records\Audio\Time_Sort\2021","89024","86.94 KB","2021-04-06T22:30:09+00:00","2021-04-06T20:30:14+00:00"
"rec_0f527cf2b762bd0a0875c233307a57dbc78f6642","2020_12_25_23_08_27 Madame tente de simposer et faire loi sans aucun respect.mp3","\\SyNAS\Records\2020","18973674","18.09 MB","2020-12-25T23:08:27+00:00","2020-12-25T22:28:13+00:00"
"rec_d27a9ad49ace07ee4ede725380881c1063183ea0","2021_03_20_12_04_39.mp3","\\SyNAS\Records\2021","11965752","11.41 MB","2021-03-20T12:04:39+00:00","2021-03-20T11:17:07+00:00"
"rec_7622a4e8a9bd70915ca9afac507408c5137befca","2023-02-19_14h36m22_Voix 138.m4a","\\SyNAS\Records\2023","13469622","12.85 MB","2023-02-19T14:36:00+00:00","2023-02-19T13:36:22+00:00"
"rec_3a979e692ca1ffada3eb9a20a09bf3095469a088","Audio recording 2020-08-18 19-55-31 soirée panaché.wav","\\SyNAS\Records\2020","371177396","353.98 MB","2020-08-18T00:00:00+00:00","2020-08-18T18:58:09+00:00"
"rec_f6767c79b24333c6d5ea38559738dc6d9f4fb491","2023-04-17_14h56m36_Voix 147 Steinhausen.m4a","\\SyNAS\Records\2023","3064332","2.92 MB","2023-04-17T14:56:00+00:00","2023-04-17T12:56:36+00:00"
"rec_f0b668b82d853d9e0e664d546e1fb5716e9cb331","2021_04_22_20_09_37.mp3","\\SyNAS\Records\2021","948766","926.53 KB","2021-04-22T20:09:37+00:00","2021-04-22T18:10:36+00:00"
"rec_381d213ac83e232849370526be356d2b9e0af60c","2021_06_15_21_38_38 foot.mp3","\\SyNAS\Records\2021","81618232","77.84 MB","2021-06-15T21:38:38+00:00","2021-06-15T21:03:39+00:00"
"rec_ab848559857f6f511a8bc82d4fcee6e9dc6fe3dc","2021_05_27_21_59_13.mp3","\\SyNAS\Records\2021","12232410","11.67 MB","2021-05-27T21:59:13+00:00","2021-05-27T20:11:58+00:00"
"rec_6e9e6b12f48af459d19eb525bf7383bed0a107b3","Audio recording 2020-05-28 12-03-23.aac","\\SyNAS\Records\2020","103509151","98.71 MB","2020-05-28T00:00:00+00:00","2020-05-28T10:56:47+00:00"
"rec_758139c0b9e8fe1922fa60e90b0e77819a3ba94f","2022-11-25_18h19m02_Voix 101 catajou frappe Aloïs et exige obéissance.m4a","\\SyNAS\Records\2022-July-Dec","7928684","7.56 MB","2022-11-25T18:19:00+00:00","2022-11-25T17:19:02+00:00"
"rec_5dd3eaf31907bc6576de4209e5c9fefcab0f77b2","20220722_190711 spicy.m4a","\\SyNAS\Records\2022-Jan-July","462101592","440.69 MB","","2022-07-22T23:59:03+00:00"
"rec_118219a81a019cb2b5bf0c04d887670f3e297965","Audio recording 2020-12-15 20-41-58.aac","\\SyNAS\Records\Audio\Time_Sort\2020","14697807","14.02 MB","2020-12-15T00:00:00+00:00","2020-12-15T19:49:34+00:00"
"rec_9119ba21433c84cd53d148374138b17630b72efc","2021_01_01_20_33_06.mp3","\\SyNAS\Records\Audio\Time_Sort\2020","12312240","11.74 MB","2021-01-01T20:33:06+00:00","2021-01-01T19:45:56+00:00"
"rec_306facf9be9805728e68642ba1c930b80f118bf8","2021_01_28_07_39_37.mp3","\\SyNAS\Records\2021","93546787","89.21 MB","2021-01-28T07:39:37+00:00","2021-01-28T08:17:04+00:00"
"rec_1376baf94b17f51372a6b9776c9f232534c96742","2020_09_02_21_28_05 rage.mp3","\\SyNAS\Records\2020","2496887","2.38 MB","2020-09-02T21:28:05+00:00","2020-09-02T19:30:41+00:00"
"rec_78f1dcb97ae749f62ce38264cca211d886dac31a","2021_04_06_18_58_19.mp3","\\SyNAS\Records\2021","138567679","132.15 MB","2021-04-06T18:58:19+00:00","2021-04-06T19:22:47+00:00"
"rec_2d02ac006fcd482bb9778ac4b12490e587052753","2024-05-29_21h30m42_Voix 003 DD explication Una's puke.m4a","\\SyNAS\Records\2024_DD_theater","67300353","64.18 MB","2024-05-29T21:30:00+00:00","2024-05-29T19:30:42+00:00"
"rec_85e1ddb7e080337cbc7dd8fb6c353de6d7b45c89","2021_02_26_20_48_05.mp3","\\SyNAS\Records\2021","143073697","136.45 MB","2021-02-26T20:48:05+00:00","2021-02-26T22:17:07+00:00"
"rec_8799d58acbf03a303cb32bf9a01e543520cf798f","2020_08_04_17_44_49.mp3","\\SyNAS\Records\2020","285864854","272.62 MB","2020-08-04T17:44:49+00:00","2020-08-04T20:42:35+00:00"
"rec_c2997895fa4d8181702197ff935cb01a9b102423","2022_05_08_22_07_21.mp3","\\SyNAS\Records\2022-Jan-July","52854699","50.41 MB","2022-05-08T22:07:21+00:00","2022-05-08T21:02:24+00:00"
"rec_8d7a8e8f072ad49872b48ac45c426ad4d059a33f","2024-06-01_17h09m44_Voix 003 tiq.m4a","\\SyNAS\Records\2024","87428476","83.38 MB","2024-06-01T17:09:00+00:00","2024-06-01T15:09:44+00:00"
"rec_19f83169027139fdbb5955e8c8614441df3b8f5e","2021_01_28_20_58_26.mp3","\\SyNAS\Records\Audio\Time_Sort\2021","19719313","18.81 MB","2021-01-28T20:58:26+00:00","2021-01-28T20:18:59+00:00"
"rec_ab05cdcbb9bcaf02fb4c7ef3af7f807aef3c0f8d","2020_08_05_20_52_39.mp3","\\SyNAS\Records\Audio\Time_Sort\2020","42772270","40.79 MB","2020-08-05T20:52:39+00:00","2020-08-05T19:37:12+00:00"
"rec_e24a91f11ae320ec58066d5473e517ffa87508e7","Audio recording 2020-08-19 20-50-37.wav","\\SyNAS\Records\Audio\Time_Sort\2020","220193108","209.99 MB","2020-08-19T00:00:00+00:00","2020-08-19T19:11:26+00:00"
"rec_2f6e0bcb5b5f1f23795f3f64f28157df05785a19","Audio recording 2020-09-10 10-54-10.aac","\\SyNAS\Records\Audio\Time_Sort\2020","89914692","85.75 MB","2020-09-10T00:00:00+00:00","2020-09-10T11:26:58+00:00"
"rec_d769ef09c9cf4e083a4fa64ae9a3528f1fab7e61","2021_05_26_13_45_43.mp3","\\SyNAS\Records\2021","2828746","2.70 MB","2021-05-26T13:45:43+00:00","2021-05-26T11:48:40+00:00"
"rec_a977219f13324852b4aef9c1f67ce65011e73157","2024-07-19_00h35m19_Voix 014.m4a","\\SyNAS\Records\2024-notag","182672385","174.21 MB","2024-07-19T00:35:00+00:00","2024-07-18T22:35:19+00:00"
"rec_320349f937a4e91fbf1b198b3e830418e84c1871","2021_01_06_13_38_45.mp3","\\SyNAS\Records\2021","44137324","42.09 MB","2021-01-06T13:38:45+00:00","2021-01-06T13:24:44+00:00"
"rec_2f54a2804964c61bbb6c4709aded90e75a58dad3","2020_11_13_18_00_40 soiree.mp3","\\SyNAS\Records\Audio\2020-Unsorted","167345004","159.59 MB","2020-11-13T18:00:40+00:00","2020-11-13T19:54:59+00:00"
"rec_d493719b11a1ebbbf6adb7d54c29f3ca2deaafca","2020-05-24_11h59m54_Voix 047_sd pas la peine d'enregistrer.m4a","\\SyNAS\Records\2020","10928928","10.42 MB","2020-05-24T11:59:00+00:00","2020-05-24T09:59:54+00:00"
"rec_93837deef87b02a618bf2ca0c6fe2386e2d4a240","Audio recording 2020-10-23 22-25-33.aac","\\SyNAS\Records\2020","36058189","34.39 MB","2020-10-23T00:00:00+00:00","2020-10-23T20:44:10+00:00"
"rec_82669032e101da9823511f0c353b1a727a931251","2021_01_12_20_52_50 TA recit.mp3","\\SyNAS\Records\Audio\Time_Sort\2021","35053817","33.43 MB","2021-01-12T20:52:50+00:00","2021-01-12T20:29:21+00:00"
"rec_de2398ccbd46449d1f5c33eb46d24aac0c35a8be","2021_03_28_21_36_35.mp3","\\SyNAS\Records\Audio\Time_Sort\2021","1897533","1.81 MB","2021-03-28T21:36:35+00:00","2021-03-28T19:38:34+00:00"
"rec_f95eb10b7b72384ab489527dd1f84d7ad92851ce","2021_07_16_18_50_22.mp3","\\SyNAS\Records\2021","5242461","5.00 MB","2021-07-16T18:50:22+00:00","2021-07-16T16:55:50+00:00"
"rec_54d76e9183df9f2a230694bb6bb337e9cfd9ca3b","Audio recording 2020-11-03 12-34-39.aac","\\SyNAS\Records\Audio\2020-Unsorted","133361531","127.18 MB","2020-11-03T00:00:00+00:00","2020-11-03T12:43:29+00:00"
"rec_5a40ae93a184733a0def1348ffb8d66011b4ad83","2021_06_03_18_45_28.mp3","\\SyNAS\Records\2021","288930","282.16 KB","2021-06-03T18:45:28+00:00","2021-06-03T16:45:48+00:00"
"rec_d5dec63ae0d5cc4d907adc3930d7467b63fb0e0d","Audio recording 2020-09-19 07-42-17.aac","\\SyNAS\Records\2020","121015087","115.41 MB","2020-09-19T00:00:00+00:00","2020-09-19T06:44:44+00:00"
"rec_2a4958f64e7e9e743ef439a556ae1890874375f9","2021_03_23_21_00_06.mp3","\\SyNAS\Records\2021","136337866","130.02 MB","2021-03-23T21:00:06+00:00","2021-03-23T22:22:08+00:00"
"rec_ec0bc8e78bf2bcb39f72a6f84ed4b53719a9b729","2021_06_18_12_28_24.mp3","\\SyNAS\Records\2021","85839202","81.86 MB","2021-06-18T12:28:24+00:00","2021-06-18T11:57:49+00:00"
"rec_dc911f6d27e583419a86ab8cafcee98ac3b9c86d","2021_05_17_07_09_44.mp3","\\SyNAS\Records\2021","16161644","15.41 MB","2021-05-17T07:09:44+00:00","2021-05-17T05:26:34+00:00"
"rec_8ee6820bee73c904cd7f30dda5ee5b7435b881bf","Audio recording 2020-10-07 19-57-25 soirée.aac","\\SyNAS\Records\2020","118206178","112.73 MB","2020-10-07T00:00:00+00:00","2020-10-07T18:58:25+00:00"
"rec_dace2e1af0652fb33b8b7248a95c98132281133e","2020_12_30_19_22_41.mp3","\\SyNAS\Records\2020","38586826","36.80 MB","2020-12-30T19:22:41+00:00","2020-12-30T19:02:52+00:00"
"rec_634e66cbc43a843ab921d8ec8343f6941a255a58","2021_09_23_13_24_16.mp3","\\SyNAS\Records\2021","107789524","102.80 MB","2021-09-23T13:24:16+00:00","2021-09-23T13:16:33+00:00"
"rec_7eb1b9c52e13b56c11d2d00be9a7ecde71b55cda","2021_04_27_12_41_32.mp3","\\SyNAS\Records\2021","13243871","12.63 MB","2021-04-27T12:41:32+00:00","2021-04-27T10:55:20+00:00"
"rec_fb2d951a4c8b3856f51445ce68f1d106bf7a9384","2020_09_04_22_09_51.mp3","\\SyNAS\Records\Audio\Time_Sort\2020","645328","630.20 KB","2020-09-04T22:09:51+00:00","2020-09-04T20:10:32+00:00"
"rec_16eb37479e62cd1ec3a05eb6903e25c3f735c15e","Audio recording 2020-10-24 08-12-51.aac","\\SyNAS\Records\2020","136632446","130.30 MB","2020-10-24T00:00:00+00:00","2020-10-24T16:21:20+00:00"
"rec_943e20284bb0c30ad2b027e6066216b2a8748748","2024-08-15_11h10m34_Voix 019 alois feedback.m4a","\\SyNAS\Records\2024-notag","11551273","11.02 MB","2024-08-15T11:10:00+00:00","2024-08-15T09:10:34+00:00"
"rec_9f90dfd963e607dd2d36b251d4de6960f0291de7","Audio recording 2020-12-13 21-20-59.aac","\\SyNAS\Records\2020","1149060","1.10 MB","2020-12-13T00:00:00+00:00","2020-12-13T20:21:35+00:00"
"rec_9d410c53229d4603f36c3ef132f7059fc522c2d2","2022-11-23_20h33m46_Voix 100 Alois ne veux pas manger de yaourt grec.m4a","\\SyNAS\Records\2022-July-Dec","22662452","21.61 MB","2022-11-23T20:33:00+00:00","2022-11-23T19:33:46+00:00"
"rec_3b53bb1b586b04c4d14b53e9cdaf4a771cc603c4","2022-09-14_20h01m41_Voix 072 retour a la maison.m4a","\\SyNAS\Records\2022-July-Dec","24161820","23.04 MB","2022-09-14T20:01:00+00:00","2022-09-14T18:01:41+00:00"
"rec_0e5d8e749db66ecbfb288c0f0d448051e721b3d8","2021_04_30_12_03_12.mp3","\\SyNAS\Records\2021","309596994","295.25 MB","2021-04-30T12:03:12+00:00","2021-04-30T15:25:42+00:00"
"rec_67d9dfeaf60cd3ee9fbc899fdd21ebf2aa49a03d","Audio recording 2020-11-15 21-41-31.aac","\\SyNAS\Records\2020","499526499","476.39 MB","2020-11-15T00:00:00+00:00","2020-11-16T00:59:16+00:00"
"rec_8e636f25f775804cdee22769827695c076e49e32","2023-09-23_16h12m40_Voix 014.m4a","\\SyNAS\Records\2023","113316863","108.07 MB","2023-09-23T16:12:00+00:00","2023-09-23T14:12:40+00:00"
"rec_14b355b1e7a5ef0941d0ed1eea40174a7476fc4e","2023-07-25_11h25m00_Voix 006 dd lesson.m4a","\\SyNAS\Records\2023","149961512","143.01 MB","2023-07-25T11:25:00+00:00","2023-07-25T09:25:00+00:00"
"rec_3241401fabae64c0748719203be504af0072c03f","2021_03_29_17_36_59 petit nabot.mp3","\\SyNAS\Records\Audio\Time_Sort\2021","12396668","11.82 MB","2021-03-29T17:36:59+00:00","2021-03-29T15:49:53+00:00"
"rec_5dbff386c3acb3f0d6a4aca24b36185f23cd9876","2021_11_21_21_18_23 histoire shakelton.mp3","\\SyNAS\Records\2021","14305070","13.64 MB","2021-11-21T21:18:23+00:00","2021-11-21T20:33:18+00:00"
"rec_8f699c64216bca978c1c019642292150c065e5ab","Audio recording 2020-07-09 21-54-28.wav","\\SyNAS\Records\2020","2317940","2.21 MB","2020-07-09T00:00:00+00:00","2020-07-09T19:54:42+00:00"
"rec_9d224ca5884c3ef52fa47f6157c710e8637d5b55","2021_02_07_21_27_16.mp3","\\SyNAS\Records\2021","31839711","30.36 MB","2021-02-07T21:27:16+00:00","2021-02-07T21:00:26+00:00"
"rec_7484f138ceaa987d684f99a9b7836a067c86d5fb","2024-10-04_20h23m56_Voix 026 alois provocateurs.m4a","\\SyNAS\Records\2024-notag","150885672","143.90 MB","2024-10-04T20:23:00+00:00","2024-10-04T18:23:56+00:00"
"rec_445b8acf846aa2fb920739f8a6edd8bab81ca772","2020-06-01 14-17-23.aac","\\SyNAS\Records\WebStorage\2020","416820497","397.51 MB","2020-06-01T00:00:00+00:00","2020-07-06T22:12:22+00:00"
"rec_8daed61beffc0bbf9ea93ce1c3fdc7488831aa64","2021_03_11_20_55_29.mp3","\\SyNAS\Records\2021","88606","86.53 KB","2021-03-11T20:55:29+00:00","2021-03-11T19:55:35+00:00"
"rec_7577436a6cf788e1f145254200f739aa6942885a","2021_05_05_06_24_48.mp3","\\SyNAS\Records\2021","11324937","10.80 MB","2021-05-05T06:24:48+00:00","2021-05-05T06:00:20+00:00"
"rec_4cd07803ca8fc8ceb0d27fa6b561c14bb59d1bfc","2020-03-28_04h41m25_Recording (13)_Dinda.m4a","\\SyNAS\Records\Rec\DD","201098642","191.78 MB","2020-03-28T04:41:00+00:00","2020-04-05T23:24:06+00:00"
"rec_4a3f97b138583d7621edd73627f9bc7effbc4419","2023-03-26_18h25m08_Voix 146 kta raccompagner Aloïs.m4a","\\SyNAS\Records\2023","27695733","26.41 MB","2023-03-26T18:25:00+00:00","2023-03-26T16:25:08+00:00"
"rec_a0dc27e6952a5a58483333b637a5cf35265bfb6d","2020-05-19_20h49m12_Voix 041_sd soiree.m4a","\\SyNAS\Records\2020","28849782","27.51 MB","2020-05-19T20:49:00+00:00","2020-05-19T18:49:12+00:00"
"rec_823b4c704d9fb33af88775964aa411c29fabbdb8","2021_01_18_15_52_27 february.mp3","\\SyNAS\Records\Audio\Time_Sort\2021","1156910","1.10 MB","2021-01-18T15:52:27+00:00","2021-01-18T14:53:40+00:00"
"rec_6a3bdc4c0a8a5a5a7a44d661dbac5a55529f5fbb","Audio recording 2020-06-21 20-48-07.aac","\\SyNAS\Records\2020","33793847","32.23 MB","2020-06-21T00:00:00+00:00","2020-06-21T19:05:34+00:00"
"rec_26ad6ad91884795d4227d2fac734094b30cb1e03","2021_04_25_14_09_48 harcelement tu es folle javoue.mp3","\\SyNAS\Records\2021","11646013","11.11 MB","2021-04-25T14:09:48+00:00","2021-04-25T12:21:56+00:00"
"rec_b41144c54164cf6374e217c99035feb37957e8f0","Audio recording 2020-10-17 19-31-41.aac","\\SyNAS\Records\2020","1048619","1.00 MB","2020-10-17T00:00:00+00:00","2020-10-17T17:32:15+00:00"
"rec_4604280445b4606aa7e88f0735f9890e1aa4c334","2022-10-28_16h12m54_Voix 091.m4a","\\SyNAS\Records\2022-July-Dec","154034566","146.90 MB","2022-10-28T16:12:00+00:00","2022-10-28T14:12:54+00:00"
"rec_9c06a1041ae3aa3692807cb2fc0baf40da08baff","Audio recording 2020-12-07 22-16-21.aac","\\SyNAS\Records\2020","381340680","363.67 MB","2020-12-07T00:00:00+00:00","2020-12-08T00:33:07+00:00"
"rec_7735824ff271ee8bdaf69832bc6177ec5070377e","2021_03_29_01_44_43.mp3","\\SyNAS\Records\Audio\Time_Sort\2021","315128266","300.53 MB","2021-03-29T01:44:43+00:00","2021-03-29T05:12:59+00:00"
"rec_de34e7c51391896729d8ec4eaf07e18349ce58b1","Audio recording 2020-12-01 22-18-36.aac","\\SyNAS\Records\Audio\Time_Sort\2020","341626327","325.80 MB","2020-12-01T00:00:00+00:00","2020-12-02T00:14:52+00:00"
"rec_733a3d1d1734dff84bfad87e8ee1826d5f8d231a","2021_01_11_13_00_14 virer de ma vie et celle Alois.mp3","\\SyNAS\Records\Audio\Time_Sort\2021","2227721","2.12 MB","2021-01-11T13:00:14+00:00","2021-01-11T12:02:33+00:00"
"rec_a605dcb42a50c52d86c1c5b37d1f06e4e5023312","Audio recording 2020-10-20 15-33-51.aac","\\SyNAS\Records\2020","26344454","25.12 MB","2020-10-20T00:00:00+00:00","2020-10-20T13:47:28+00:00"
"rec_63ddf216fbad7e62b9e015d04c222f4b9b4c683b","2023-10-16_20h42m42_Voix 015 Catajou is back.m4a","\\SyNAS\Records\2023","14774482","14.09 MB","2023-10-16T20:42:00+00:00","2023-10-16T18:42:42+00:00"
"rec_76b50818590218334b6f21134934014fb6e8f9b8","2021_02_13_18_19_24.mp3","\\SyNAS\Records\2021","132611342","126.47 MB","2021-02-13T18:19:24+00:00","2021-02-13T19:37:34+00:00"
"rec_66dd464183e2ed051c0be596d373c37edccfe41b","2020_12_24_19_52_48.mp3","\\SyNAS\Records\2020","23088482","22.02 MB","2020-12-24T19:52:48+00:00","2020-12-24T19:16:51+00:00"
"rec_2caf260ebabc66dc8fc64418ab7a1f49c6820732","Audio recording 2020-12-12 20-43-02.aac","\\SyNAS\Records\2020","30029427","28.64 MB","2020-12-12T00:00:00+00:00","2020-12-12T19:58:33+00:00"
"rec_1d61fee2d8b4c6adbbdf2e3bb8443341164ce3e6","2022-08-12_14h56m35_Voix 056.m4a","\\SyNAS\Records\2022-July-Dec","25610166","24.42 MB","2022-08-12T14:56:00+00:00","2022-08-12T12:56:35+00:00"
"rec_81bf12f2f12b39eca6e814290c3439b6f6c487e5","2021_02_08_12_42_33.mp3","\\SyNAS\Records\2021","41000123","39.10 MB","2021-02-08T12:42:33+00:00","2021-02-08T12:25:16+00:00"
"rec_39afe52e59e3af215842e62e58f426dd53b71e23","Audio recording 2020-11-04 23-29-22.aac","\\SyNAS\Records\Audio\2020-Unsorted","9410816","8.97 MB","2020-11-04T00:00:00+00:00","2020-11-04T22:34:14+00:00"
"rec_970806500e86e16503990fc405311127c1ed1c9b","2021_01_23_20_30_55 biere corona.mp3","\\SyNAS\Records\2021","18060433","17.22 MB","2021-01-23T20:30:55+00:00","2021-01-23T19:49:44+00:00"
"rec_ec08642fdaa860dd993cb41cb2edd90b52024ec6","2023-07-21_20h34m51_Voix 005 dd demande de repos.m4a","\\SyNAS\Records\2023","7077819","6.75 MB","2023-07-21T20:34:00+00:00","2023-07-21T18:34:51+00:00"
"rec_f2a8227133d567153e643619360504af07678e15","2021_01_09_21_02_18 provocation non stop.mp3","\\SyNAS\Records\Audio\Time_Sort\2021","36051904","34.38 MB","2021-01-09T21:02:18+00:00","2021-01-09T20:39:51+00:00"
"rec_905006dce1fa97f15c39940cbd64f6fee1e0753f","2021_03_29_11_58_48 repas de midi.mp3","\\SyNAS\Records\Audio\Time_Sort\2021","43371626","41.36 MB","2021-03-29T11:58:48+00:00","2021-03-29T10:43:58+00:00"
"rec_b2848192822fa17373c9b3d01334b8b25ac80ce0","2020_12_24_22_21_18.mp3","\\SyNAS\Records\2020","516105194","492.20 MB","2020-12-24T22:21:18+00:00","2020-12-25T06:18:56+00:00"
"rec_67c120d75a81990e50b8e2a5f49be1b5726efafc","Audio recording 2020-08-04 14-50-35.wav","\\SyNAS\Records\2020","51459452","49.08 MB","2020-08-04T00:00:00+00:00","2020-08-04T12:55:26+00:00"
"rec_75ce01e863c6a6c1bf43e65800ee291136484e41","2021_01_29_22_21_21.mp3","\\SyNAS\Records\2021","1516354","1.45 MB","2021-01-29T22:21:21+00:00","2021-01-29T21:22:56+00:00"
"rec_ef7081aa0df774f5bc011f8a3bc9393ad3d339de","2021_04_07_06_26_02.mp3","\\SyNAS\Records\Audio\Time_Sort\2021","8983613","8.57 MB","2021-04-07T06:26:02+00:00","2021-04-07T04:35:24+00:00"
"rec_0183c4d1bde53029fe65d3b4a7fed9b423a5b5a6","Audio recording 2020-08-27 11-14-20.wav","\\SyNAS\Records\Audio\Time_Sort\2020","132779852","126.63 MB","2020-08-27T00:00:00+00:00","2020-08-27T09:26:53+00:00"
"rec_5aef5a1927c5e93a19c74895375f9cc6540697e5","2021_01_30_21_32_09.mp3","\\SyNAS\Records\2021","12768632","12.18 MB","2021-01-30T21:32:09+00:00","2021-01-30T20:46:29+00:00"
"rec_2273ed52b89933d3cb9dcb8da775cebc80a7a8a1","2020_12_27_15_05_40 gateau.mp3","\\SyNAS\Records\Audio\Time_Sort\2020","39668923","37.83 MB","2020-12-27T15:05:40+00:00","2020-12-27T14:47:00+00:00"
"rec_7ff1c95fe24867d8913d4b38efcfddf18d081ce8","2020-05-10_19h54m48_Voix 019_sd soiree mobing.m4a","\\SyNAS\Records\Audio\Time_Sort\2020","21392297","20.40 MB","2020-05-10T19:54:00+00:00","2020-05-10T17:54:48+00:00"
"rec_61b47f5d4336f2e8ef40eea6ac701b792ac0c47e","2021_07_30_14_41_32.mp3","\\SyNAS\Records\2021","119234141","113.71 MB","2021-07-30T14:41:32+00:00","2021-07-30T14:45:45+00:00"
"rec_63c50bda3b2f7de1e160cb3edac8fd6d0fdba0e1","2020-04-04_05h53m40_Recording (23)_Dinda.m4a","\\SyNAS\Records\Rec\DD","41185131","39.28 MB","2020-04-04T05:53:00+00:00","2020-04-05T23:41:19+00:00"
"rec_2bf888f086bb15e1a096a641c9b54d30f21a7343","2023-02-05_23h09m11_Voix 128.m4a","\\SyNAS\Records\2023","49981010","47.67 MB","2023-02-05T23:09:00+00:00","2023-02-05T22:09:11+00:00"
"rec_cc4c31ce2dcbaea58c3b424992a50251e65ad0db","Audio recording 2020-10-23 22-04-54.aac","\\SyNAS\Records\2020","38807830","37.01 MB","2020-10-23T00:00:00+00:00","2020-10-23T20:25:12+00:00"
"rec_c710a6e752d3c5e79fca77e36a877c54cc9160ac","2021_02_08_18_05_52 soiree chiens.mp3","\\SyNAS\Records\2021","207090415","197.50 MB","2021-02-08T18:05:52+00:00","2021-02-08T20:41:37+00:00"
"rec_04fcaae000d17d9e969c08f07d9495a1d01cf1d7","2022_06_04_08_28_42.mp3","\\SyNAS\Records\2022-Jan-July","194925295","185.90 MB","2022-06-04T08:28:42+00:00","2022-06-04T09:51:45+00:00"
"rec_556875009cc919abd8c1267a433c169bb7353ba1","2021_03_14_20_08_11.mp3","\\SyNAS\Records\2021","53892074","51.40 MB","2021-03-14T20:08:11+00:00","2021-03-14T20:04:20+00:00"
"rec_aa3ecf27cd69f2bf13a27f174b82b149c9bcf09e","2020_08_07_10_04_59.mp3","\\SyNAS\Records\Audio\Time_Sort\2020","509758910","486.14 MB","2020-08-07T10:04:59+00:00","2020-08-07T16:56:01+00:00"
"rec_15c262cc6d1266f3a4562b59c0573ddfd9d31bc0","2021_06_14_19_41_56 repas.mp3","\\SyNAS\Records\2021","44873768","42.79 MB","2021-06-14T19:41:56+00:00","2021-06-14T18:28:41+00:00"
"rec_57519610025dd951f5a725c5389e56aeec98a4b7","2023-12-06_12h55m09_Voix 016.m4a","\\SyNAS\Records\2023","72954","71.24 KB","2023-12-06T12:55:00+00:00","2023-12-06T11:55:09+00:00"
"rec_5b991b817233a3bbe64208dd53a11104dd223f00","2021_02_13_17_52_21.mp3","\\SyNAS\Records\2021","1550627","1.48 MB","2021-02-13T17:52:21+00:00","2021-02-13T16:53:59+00:00"
"rec_6217e5e559b6facb5f3f761a9d60974407ef8a68","2022_05_26_14_05_38.mp3","\\SyNAS\Records\2022-Jan-July","26702993","25.47 MB","2022-05-26T14:05:38+00:00","2022-05-26T12:33:27+00:00"
"rec_8946778bda17264c9255084a2e6bfff0711455ee","2021_06_16_20_44_21 foot.mp3","\\SyNAS\Records\2021","53950588","51.45 MB","2021-06-16T20:44:21+00:00","2021-06-16T19:40:33+00:00"
"rec_9191ed56c5c557d242abfa3d0f94eadc9bf3b343","2022-11-24_06h05m37_Voix 100 alois ne veut pas dormir nuit de sommeil.m4a","\\SyNAS\Records\2022-July-Dec","258354929","246.39 MB","2022-11-24T06:05:00+00:00","2022-11-24T05:05:37+00:00"
"rec_3f0455d7915023a32dfe567c3e489effcf5db000","2021_02_19_22_11_07.mp3","\\SyNAS\Records\2021","17667551","16.85 MB","2021-02-19T22:11:07+00:00","2021-02-19T21:29:31+00:00"
"rec_e59615c4c255a61282b090a153e6dc39fa5be466","2024-07-06_21h40m17_Voix 009.m4a","\\SyNAS\Records\2024-notag","16305355","15.55 MB","2024-07-06T21:40:00+00:00","2024-07-06T19:40:17+00:00"
"rec_7faf1abe3dc46f7cf90f8cff378fb8b245a42966","2021_02_10_15_39_22.mp3","\\SyNAS\Records\2021","37042885","35.33 MB","2021-02-10T15:39:22+00:00","2021-02-10T15:17:58+00:00"
"rec_d1abd4886553a85303de9325d3b531fab5a635f7","2021_05_15_22_40_15 london grammar.mp3","\\SyNAS\Records\2021","6232606","5.94 MB","2021-05-15T22:40:15+00:00","2021-05-15T20:46:45+00:00"
"rec_d5248e6746f2d2994058a314934742cf2e67a2d1","2021_05_20_19_48_50.mp3","\\SyNAS\Records\2021","101693230","96.98 MB","2021-05-20T19:48:50+00:00","2021-05-20T19:34:46+00:00"
"rec_15855375e3d8e23dbb7ba30c51cfdb3e704cfa63","2021_03_11_21_03_38.mp3","\\SyNAS\Records\2021","1250114","1.19 MB","2021-03-11T21:03:38+00:00","2021-03-11T20:04:56+00:00"
"rec_6788fe2f76a7adbbac1b7398714e24693795e877","Audio recording 2020-09-11 15-26-48.aac","\\SyNAS\Records\2020","23950297","22.84 MB","2020-09-11T00:00:00+00:00","2020-09-11T13:39:10+00:00"
"rec_7102805b043d2dcc7d6d372c96622b4dcb685af4","2020_11_22_05_43_55.mp3","\\SyNAS\Records\Audio\Time_Sort\2020","341471","333.47 KB","2020-11-22T05:43:55+00:00","2020-11-22T04:44:16+00:00"
"rec_279647fb66e8cb1a45cdf1748c719809010e8b2d","Audio recording 2020-12-01 16-53-26 K retour de course.aac","\\SyNAS\Records\2020","16890189","16.11 MB","2020-12-01T00:00:00+00:00","2020-12-01T16:02:08+00:00"
"rec_3a4112460703423f3b8e70731a86652cd38b8ede","2020_09_17_12_00_53 midi.mp3","\\SyNAS\Records\Audio\2020-Unsorted","39345422","37.52 MB","2020-09-17T12:00:53+00:00","2020-09-17T10:41:52+00:00"
"rec_64fbfee4ecba0b41beb0057e29b3509ba7853467","2020_12_24_17_43_16 humiliation.mp3","\\SyNAS\Records\Audio\Time_Sort\2020","22135953","21.11 MB","2020-12-24T17:43:16+00:00","2020-12-24T17:06:20+00:00"
"rec_5974a116fbcba580154e39a047c1e550262e56b5","Audio recording 2020-11-27 12-38-19.aac","\\SyNAS\Records\Audio\Time_Sort\2020","36560744","34.87 MB","2020-11-27T00:00:00+00:00","2020-11-27T11:57:10+00:00"
"rec_21dbd45a48445fb58d5bf2638a69ef12d393cc89","2023-07-10_21h40m48_Voix 003 retour Steinhausen.m4a","\\SyNAS\Records\2023","1073862","1.02 MB","2023-07-10T21:40:00+00:00","2023-07-10T19:40:48+00:00"
"rec_041ed98d07a3aac90bf2e7cdca1a7ffbe1a72c64","2021_04_14_19_50_29.mp3","\\SyNAS\Records\Audio\Time_Sort\2021","66362304","63.29 MB","2021-04-14T19:50:29+00:00","2021-04-14T18:59:37+00:00"
"rec_cc2ec499a7d73b2280417e0bf7bba2f4d106dd0a","2021_04_22_21_28_18.mp3","\\SyNAS\Records\2021","270330488","257.81 MB","2021-04-22T21:28:18+00:00","2021-04-23T00:09:54+00:00"
"rec_6a1457dbe61d4d12884b9916b5bad4b3355316d8","2020_09_03_11_53_05 midi discours de haine.mp3","\\SyNAS\Records\2020","30416142","29.01 MB","2020-09-03T11:53:05+00:00","2020-09-03T10:24:46+00:00"
"rec_2e0a95692cc49b7ac4a1223dd47acb4d5ffc97d1","2020_07_29_16_26_59 dent.mp3","\\SyNAS\Records\2020","6124354","5.84 MB","2020-07-29T16:26:59+00:00","2020-07-29T14:33:22+00:00"
"rec_bc4553a1ccba73f26a765cb639120e31365e902c","2021_04_14_12_45_31.mp3","\\SyNAS\Records\2021","2969181","2.83 MB","2021-04-14T12:45:31+00:00","2021-04-14T10:48:37+00:00"
"rec_c8563cfbff4a35f430e8ba44ae9509432eec1019","2020-05-09_17h30m44_Voix 013_sd.m4a","\\SyNAS\Records\Audio\Time_Sort\2020","5587579","5.33 MB","2020-05-09T17:30:00+00:00","2020-05-09T15:30:44+00:00"
"rec_80049ca05eb449aba81ab361378af08df51697b9","Audio recording 2020-11-28 21-44-08 pourquoi pas la Suisse.aac","\\SyNAS\Records\2020","18071463","17.23 MB","2020-11-28T00:00:00+00:00","2020-11-28T20:53:28+00:00"
"rec_a51a3f1aaddaa6025216d463e88c7eafda85e9a7","2021_06_02_06_13_42 reveil stressant.mp3","\\SyNAS\Records\2021","31717667","30.25 MB","2021-06-02T06:13:42+00:00","2021-06-02T04:46:45+00:00"
"rec_2ce3929afdbcab34fd872b9e8d52b50c88e021f0","2021_05_22_17_55_37.mp3","\\SyNAS\Records\2021","66440880","63.36 MB","2021-05-22T17:55:37+00:00","2021-05-22T17:04:50+00:00"
"rec_384cff30398f20a11c7f5a6a0aac0943a84d024a","2024-06-11_23h15m26_Voix 004 dd quel est ton plan.m4a","\\SyNAS\Records\2024_DD_theater","32045648","30.56 MB","2024-06-11T23:15:00+00:00","2024-06-11T21:15:26+00:00"
"rec_9b854014a477e367e43f5119544fda79bd5727f0","Audio recording 2020-06-26 19-35-23 j en ai rien a foutre.aac","\\SyNAS\Records\Audio\Time_Sort\2020","22006185","20.99 MB","2020-06-26T00:00:00+00:00","2020-06-26T17:46:44+00:00"
"rec_6d44ac4a944619ae36f3880afc1a855f428207b8","2020_09_02_07_10_51 matin.mp3","\\SyNAS\Records\2020","133846830","127.65 MB","2020-09-02T07:10:51+00:00","2020-09-02T07:30:16+00:00"
"rec_e7617fe4562f19e7f481f8ce5802df9d01e56ffa","2024-05-07_21h47m34_Voix 001 retour du travail Aloïs Dinda.m4a","\\SyNAS\Records\2024","140415504","133.91 MB","2024-05-07T21:47:00+00:00","2024-05-07T19:47:34+00:00"
"rec_193b9b9f732bc4abaebe00e699036348c8a23160","2021_03_06_20_22_50.mp3","\\SyNAS\Records\2021","20332459","19.39 MB","2021-03-06T20:22:50+00:00","2021-03-06T19:44:01+00:00"
"rec_effa5c3992698e7e9422ba8324bb9b556ca2c4db","2021_01_09_19_08_11 jeux puissance 4.mp3","\\SyNAS\Records\2021","46585311","44.43 MB","2021-01-09T19:08:11+00:00","2021-01-09T18:56:43+00:00"
"rec_0bee9168c660696ea604b86503b41abcfbd76748","2021_01_26_08_04_27.mp3","\\SyNAS\Records\Audio\Time_Sort\2021","3108361","2.96 MB","2021-01-26T08:04:27+00:00","2021-01-26T07:07:42+00:00"
"rec_0d2d463d9d889e8543c125db92ebaf7c957eb3e2","Audio recording 2020-11-13 23-17-30.aac","\\SyNAS\Records\2020","8679541","8.28 MB","2020-11-13T00:00:00+00:00","2020-11-13T22:22:00+00:00"
"rec_f6e221031f9becf67d0c2549dd6a4fac47df1762","2021_02_14_20_14_38.mp3","\\SyNAS\Records\Audio\Time_Sort\2021","16328410","15.57 MB","2021-02-14T20:14:38+00:00","2021-02-14T19:31:38+00:00"
"rec_d34f5029dcf6088ce3e595326809ebab67aba50b","2021_02_08_12_42_33.mp3","\\SyNAS\Records\Audio\Time_Sort\2021","41000123","39.10 MB","2021-02-08T12:42:33+00:00","2021-02-08T12:25:16+00:00"
"rec_6bd480699b94d785daa7754783870e52c3054083","2021_04_25_20_27_02.mp3","\\SyNAS\Records\Audio\Time_Sort\2021","671659","655.92 KB","2021-04-25T20:27:02+00:00","2021-04-25T18:27:45+00:00"
"rec_f9dd568648d92e99c89a1c9cb59b796476627389","2024-10-05_10h45m22_Voix 026 joie.m4a","\\SyNAS\Records\2024","81088605","77.33 MB","2024-10-05T10:45:00+00:00","2024-10-05T08:45:22+00:00"
"rec_c7fce79a8d4f41854bd0caac09630163aed760b3","2021_05_16_20_03_35 telephone avec la soeur.mp3","\\SyNAS\Records\2021","86647953","82.63 MB","2021-05-16T20:03:35+00:00","2021-05-16T19:33:51+00:00"
"rec_61eff1f181f572090fa97be520d2d1a1dbd1dff4","2021_01_07_07_43_09 matin.mp3","\\SyNAS\Records\2021","30486359","29.07 MB","2021-01-07T07:43:09+00:00","2021-01-07T07:14:54+00:00"
"rec_aa859c4348fbab841873ddc8f6cc3643f2bc3ec1","2023-12-25_15h04m40_Voix 021.m4a","\\SyNAS\Records\2023","73250887","69.86 MB","2023-12-25T15:04:00+00:00","2023-12-25T14:04:40+00:00"
"rec_6e05c6b2bcda8d07e23f6acc23493b487e64f7c9","Audio recording 2020-11-10 20-39-58 Maximus et les chrétiens.aac","\\SyNAS\Records\Audio\Time_Sort\2020","104673203","99.82 MB","2020-11-10T00:00:00+00:00","2020-11-10T20:34:00+00:00"
"rec_8d315f9081aad475486a7f7d5ed9bbd6877c5ecf","Audio recording 2020-12-01 19-34-48.aac","\\SyNAS\Records\Audio\Time_Sort\2020","72787613","69.42 MB","2020-12-01T00:00:00+00:00","2020-12-01T19:12:22+00:00"
"rec_efa2b21b40c9f053c9c126e528c1e7025ecc68c7","2020_10_29_21_22_12 histoire.mp3","\\SyNAS\Records\2020","23964942","22.85 MB","2020-10-29T21:22:12+00:00","2020-10-29T20:47:10+00:00"
"rec_9adf6de5be6c21348ab9fef74e94a4531c3273d4","Audio recording 2020-11-22 12-33-49.aac","\\SyNAS\Records\2020","27707271","26.42 MB","2020-11-22T00:00:00+00:00","2020-11-22T11:48:14+00:00"
"rec_acd6c4eca869c85644e1b9128fa40777a9c3432f","Hip-Hop Star 28-02-2022 08-58.wav","\\SyNAS\Records\2022-Jan-July","11925292","11.37 MB","","2022-02-28T19:58:08+00:00"
"rec_fcc6c122686303c95dc9457593aee8318d9524a8","2021_09_23_21_25_13.mp3","\\SyNAS\Records\2021","11702438","11.16 MB","2021-09-23T21:25:13+00:00","2021-09-23T19:39:24+00:00"
"rec_31fd36738a50d809df1b660671fb78a7747708ff","2021_02_11_09_37_26 matin.mp3","\\SyNAS\Records\Audio\Time_Sort\2021","18235976","17.39 MB","2021-02-11T09:37:26+00:00","2021-02-11T08:56:26+00:00"
"rec_1c9c337a0e0d742debe6aa4fa37f5c283edc72b9","2019-10-15_23h48m16_Mamasita.m4a","\\SyNAS\Records\Audio\Time_Sort\2019","1492515","1.42 MB","2019-10-15T23:48:00+00:00","2019-10-15T21:48:16+00:00"
"rec_8c12155ee5c8a09bf5f9878cb5d129c104a21895","2020_09_04_18_02_55.mp3","\\SyNAS\Records\2020","23256083","22.18 MB","2020-09-04T18:02:55+00:00","2020-09-04T16:27:08+00:00"
"rec_f10ddf58ac0952c837d1c62f377aa6237d157206","Audio recording 2020-06-29 22-55-36.aac","\\SyNAS\Records\2020","165588386","157.92 MB","2020-06-29T00:00:00+00:00","2020-06-29T22:21:04+00:00"
"rec_271c59cef050acf5a802248c87dd653537d875a2","2021_02_19_17_17_18.mp3","\\SyNAS\Records\Audio\Time_Sort\2021","19414621","18.52 MB","2021-02-19T17:17:18+00:00","2021-02-19T16:37:32+00:00"
"rec_70c58489990160eb827a5f13a5a725f305e3f6df","2019-01-17_20h40m43_Enregistrement_0364.wav","\\SyNAS\Records\Rec\GoogleRec\SmartVoiceRecorder","149409324","142.49 MB","2019-01-17T20:40:00+00:00","2019-01-17T19:40:43+00:00"
"rec_7ec9b1cefc824ca21b9c260a116ccbcf165042d6","2019-10-15_23h48m28_Voix 003_sd.m4a","\\SyNAS\Records\Audio\Time_Sort\2019","1008016","984.39 KB","2019-10-15T23:48:00+00:00","2019-10-15T21:48:28+00:00"
"rec_dc6f3b19adc89fa9f5ae0e740efc10c61aa3e6b3","Audio recording 2020-11-13 20-52-15.aac","\\SyNAS\Records\2020","14677556","14.00 MB","2020-11-13T00:00:00+00:00","2020-11-13T19:59:50+00:00"
"rec_ac55b74cb0c6a1bc0f704c1f24eb472415f24ba1","2022-11-10_07h42m54_Voix 097 réveil du procès.m4a","\\SyNAS\Records\2022-July-Dec","6346298","6.05 MB","2022-11-10T07:42:00+00:00","2022-11-10T06:42:54+00:00"
"rec_e885ad15edb79efc19b205fc620ea16acc78b149","2021_05_31_11_42_55 Kat conversation famille.mp3","\\SyNAS\Records\2021","11727097","11.18 MB","2021-05-31T11:42:55+00:00","2021-05-31T09:55:08+00:00"
"rec_4a955d1a0ac7128a59783d417ebfe46f03b48f9f","Audio recording 2020-08-31 09-04-35.wav","\\SyNAS\Records\Audio\Time_Sort\2020","57502916","54.84 MB","2020-08-31T00:00:00+00:00","2020-08-31T07:10:02+00:00"
"rec_62b2887e6eb33e4385ccef84d3c093bf450ebf1b","2020_08_20_12_01_12 good lunch.mp3","\\SyNAS\Records\Audio\Time_Sort\2020","18510993","17.65 MB","2020-08-20T12:01:12+00:00","2020-08-20T10:20:29+00:00"
"rec_97e8bac48f304e8ca0208a35061571085ff62af4","Audio recording 2020-11-28 21-58-01DD.aac","\\SyNAS\Records\2020","125780025","119.95 MB","2020-11-28T00:00:00+00:00","2020-11-29T08:37:58+00:00"
"rec_cf66179141b2c7a7adb5fd00c9ed4048a1e0dc5a","2021_06_11_16_24_06.mp3","\\SyNAS\Records\2021","28072645","26.77 MB","2021-06-11T16:24:06+00:00","2021-06-11T14:53:21+00:00"
"rec_5123a7727a356813dbd1973277d3554591114031","2020_12_24_16_57_42 preparztifs de noel.mp3","\\SyNAS\Records\Audio\Time_Sort\2020","43286777","41.28 MB","2020-12-24T16:57:42+00:00","2020-12-24T16:42:48+00:00"
"rec_c880b11330d7db4ecc571b25d929ead80f2cb85e","Audio recording 2020-08-30 20-58-50.wav","\\SyNAS\Records\Audio\Time_Sort\2020","98247788","93.70 MB","2020-08-30T00:00:00+00:00","2020-08-30T19:08:07+00:00"
"rec_ba2f36891cc7f3e6a431e19c9c6a258ab1c81c69","Audio recording 2020-12-03 21-20-36.aac","\\SyNAS\Records\Audio\Time_Sort\2020","48433806","46.19 MB","2020-12-03T00:00:00+00:00","2020-12-03T20:45:38+00:00"
"rec_52c8e08370516d0378d240154e89381cee7624d9","2021_02_16_18_46_01.mp3","\\SyNAS\Records\Audio\Time_Sort\2021","14970461","14.28 MB","2021-02-16T18:46:01+00:00","2021-02-16T18:01:37+00:00"
"rec_fe3c275c1a44348c6120621bb2d1bfb1cd74566f","Audio recording 2020-06-29 19-31-57.aac","\\SyNAS\Records\2020","13585530","12.96 MB","2020-06-29T00:00:00+00:00","2020-06-29T17:38:58+00:00"
"rec_b74e5b4ebfa4da7bb98fc250ca7433f43d2f35d2","2020-05-07_19h19m00_Voix 006_sd nettoyage sol.m4a","\\SyNAS\Records\Audio\Time_Sort\2020","17207086","16.41 MB","2020-05-07T19:19:00+00:00","2020-05-07T17:19:00+00:00"
"rec_a565657500a7dfc7f986f639d0292608d9059713","2021_06_23_06_32_59 happy morning.mp3","\\SyNAS\Records\2021","15139757","14.44 MB","2021-06-23T06:32:59+00:00","2021-06-23T04:55:09+00:00"
"rec_8a335aa12d9b0a86575cdda6a6b901758667de64","Audio recording 2020-10-07 21-18-34.aac","\\SyNAS\Records\2020","216302208","206.28 MB","2020-10-07T00:00:00+00:00","2020-10-07T21:10:11+00:00"
"rec_5e817f57f7375e204c6b4c5ff5cf4d44ceaaff83","Audio recording 2020-06-19 23-39-12.aac","\\SyNAS\Records\Audio\Time_Sort\2020","1836929","1.75 MB","2020-06-19T00:00:00+00:00","2020-06-19T21:40:08+00:00"
"rec_1ece5ebe86fa17d71dc9541419b60e343dc82a80","2021_04_01_22_05_29.mp3","\\SyNAS\Records\Audio\Time_Sort\2021","472551339","450.66 MB","2021-04-01T22:05:29+00:00","2021-04-02T04:17:46+00:00"
"rec_27bf15124415725bea045c0f4f29eaae0e3f36dc","2021_05_15_21_57_46 voice.mp3","\\SyNAS\Records\2021","18441571","17.59 MB","2021-05-15T21:57:46+00:00","2021-05-15T20:30:13+00:00"
"rec_367926efbe2464be68afcb6c96b266235286f17d","2021_06_07_19_34_51.mp3","\\SyNAS\Records\2021","105988596","101.08 MB","2021-06-07T19:34:51+00:00","2021-06-07T19:25:18+00:00"
"rec_85b27dfb4c65e756b7925c0023b252c8a951d766","2020_08_23_20_59_21 histoire Bretone.mp3","\\SyNAS\Records\Audio\Time_Sort\2020","38820048","37.02 MB","2020-08-23T20:59:21+00:00","2020-08-23T19:39:48+00:00"
"rec_15c0990ae1a883fbb027b958343537448902c3b1","2021_09_13_21_27_19 petit nicolas le bouquet.mp3","\\SyNAS\Records\2021","10613654","10.12 MB","2021-09-13T21:27:19+00:00","2021-09-13T19:38:23+00:00"
"rec_2c9bca4368efa633dfed99b1310f67de4ccb1040","2021_01_09_19_08_11 jeux puissance 4.mp3","\\SyNAS\Records\Audio\Time_Sort\2021","46585311","44.43 MB","2021-01-09T19:08:11+00:00","2021-01-09T18:56:43+00:00"
"rec_c9b7b67121d4c2c56ffdcfce88ca28dd2e492d2e","2021_04_25_17_17_36.mp3","\\SyNAS\Records\2021","56207568","53.60 MB","2021-04-25T17:17:36+00:00","2021-04-25T16:16:07+00:00"
"rec_4f47ece57f181f15655e669118191b767a196091","Audio recording 2020-12-09 21-16-40.aac","\\SyNAS\Records\2020","6043862","5.76 MB","2020-12-09T00:00:00+00:00","2020-12-09T20:19:48+00:00"
"rec_7e34c9962eb45875db6c7054af16755d8159b005","2021_02_25_15_32_20.mp3","\\SyNAS\Records\Audio\Time_Sort\2021","24749870","23.60 MB","2021-02-25T15:32:20+00:00","2021-02-25T14:58:07+00:00"
"rec_c0f65647b29589fce7759023ce9659ed37fde34d","Audio recording 2020-08-08 12-08-41.wav","\\SyNAS\Records\2020","5281448","5.04 MB","2020-08-08T00:00:00+00:00","2020-08-08T10:09:46+00:00"
"rec_65099591bdf4d08d6b313704a2c4d6983c24848a","2023-08-28_02h59m54_Voix 013.m4a","\\SyNAS\Records\2023","27984086","26.69 MB","2023-08-28T02:59:00+00:00","2023-08-28T00:59:54+00:00"
"rec_aca2c708ef2c9ad93faaa592d04f14c79b47ba8c","2021_05_04_20_42_30 histoire Pilus.mp3","\\SyNAS\Records\2021","9124883","8.70 MB","2021-05-04T20:42:30+00:00","2021-05-04T18:52:00+00:00"
"rec_e4787adf6f5c3c35e5cb30c189b229e3894efbbb","2021_01_19_20_38_19.mp3","\\SyNAS\Records\Audio\Time_Sort\2021","1244681","1.19 MB","2021-01-19T20:38:19+00:00","2021-01-19T19:39:37+00:00"
"rec_5659c19f28e3535ccd923d1eaf2ee1c79411c927","2021_04_25_18_23_47.mp3","\\SyNAS\Records\2021","26919496","25.67 MB","2021-04-25T18:23:47+00:00","2021-04-25T16:51:50+00:00"
"rec_2c10802752a81eabf077431423b51231fc06dda4","Audio recording 2020-11-26 11-58-49.aac","\\SyNAS\Records\2020","24774647","23.63 MB","2020-11-26T00:00:00+00:00","2020-11-26T11:11:36+00:00"
"rec_97a1fdaa7aa96b024dd15dccd9a29b26f0e95d8e","2020-05-19_21h32m20_Voix 042_sd chapitre 5.m4a","\\SyNAS\Records\Audio\Time_Sort\2020","41936823","39.99 MB","2020-05-19T21:32:00+00:00","2020-05-19T19:32:20+00:00"
"rec_5683006686f06da7cd871ac11bce8410fbdd3cc3","2021_01_10_14_55_02.mp3","\\SyNAS\Records\Audio\Time_Sort\2021","98852779","94.27 MB","2021-01-10T14:55:02+00:00","2021-01-10T15:38:01+00:00"
"rec_5263bd810cc93e91bd30b72353f617806c37aeca","2022-07-27_18h54m56_Voix 050 Revision 11 August.m4a","\\SyNAS\Records\2022-July-Dec","2342948","2.23 MB","2022-07-27T18:54:00+00:00","2022-07-27T16:54:56+00:00"
"rec_00ebc3673d0434e48e5503f10671dbdbbbccdb78","2021_05_25_21_34_20.mp3","\\SyNAS\Records\2021","36932126","35.22 MB","2021-05-25T21:34:20+00:00","2021-05-25T20:12:49+00:00"
"rec_b80e82ee0c8f11f01eda6695c2e08ae09fb5b5cd","2021_01_23_18_56_33 folie jusqu au bout.mp3","\\SyNAS\Records\2021","89750882","85.59 MB","2021-01-23T18:56:33+00:00","2021-01-23T19:30:02+00:00"
"rec_ba0eedd2f3b219de57d82b5f2cdc058aa9385fd4","Audio recording 2020-12-06 21-24-32.aac","\\SyNAS\Records\2020","24527925","23.39 MB","2020-12-06T00:00:00+00:00","2020-12-06T20:37:12+00:00"
"rec_ae3e17907095bcf557b505bb36702b7cc02a9713","2021_10_24_18_54_56 retour de ballade.mp3","\\SyNAS\Records\2021","8960208","8.55 MB","2021-10-24T18:54:56+00:00","2021-10-24T17:04:16+00:00"
"rec_f0481f9a1e8688c296ac94112bd2fde6faa7bb0f","Audio recording 2020-07-05 11-18-35.wav","\\SyNAS\Records\Audio\Time_Sort\2020","348763996","332.61 MB","2020-07-05T00:00:00+00:00","2020-07-05T09:51:32+00:00"
"rec_7be169a51e7b65ef1368a82aefe209c45d706136","2020-05-16_11h23m44_Voix 032_sd dd love.m4a","\\SyNAS\Records\2020","61809823","58.95 MB","2020-05-16T11:23:00+00:00","2020-05-16T09:23:44+00:00"
"rec_59e2f9ced993c1217f574d776a4978a02881505e","2020_11_14_22_49_24.mp3","\\SyNAS\Records\Audio\2020-Unsorted","1090453","1.04 MB","2020-11-14T22:49:24+00:00","2020-11-14T21:50:32+00:00"
"rec_08f4fe9238f9aa4a04622e2ce4bcd2cc2135e34f","Audio recording 2020-07-09 21-53-22.wav","\\SyNAS\Records\Audio\Time_Sort\2020","2811860","2.68 MB","2020-07-09T00:00:00+00:00","2020-07-09T19:53:40+00:00"
"rec_fe88c32f47cbfa7de3f5f220c20fb79a9e328b34","2021_02_07_22_30_05.mp3","\\SyNAS\Records\2021","8246751","7.86 MB","2021-02-07T22:30:05+00:00","2021-02-07T21:38:40+00:00"
"rec_7b6cc89679f89ec7636eaae3bfd1fa000fbbf8b7","2021_05_04_11_57_17 repas harsellemenent ordinaire.mp3","\\SyNAS\Records\2021","25004407","23.85 MB","2021-05-04T11:57:17+00:00","2021-05-04T10:23:20+00:00"
"rec_625be9ff7a39745937937b3a3161fd8af5d94d10","Audio recording 2020-11-26 20-48-43.aac","\\SyNAS\Records\2020","39682401","37.84 MB","2020-11-26T00:00:00+00:00","2020-11-26T20:09:12+00:00"
"rec_b2708a3d44d413c0fffa5d0d94825177568d543d","2020_12_22_12_37_29 ton chien.mp3","\\SyNAS\Records\Audio\Time_Sort\2020","9381510","8.95 MB","2020-12-22T12:37:29+00:00","2020-12-22T11:47:15+00:00"
"rec_5697cf06e74f0b40a24dfecad7ace4d172005e04","2020-05-31 22-34-01.aac","\\SyNAS\Records\WebStorage\2020","32928986","31.40 MB","2020-05-31T00:00:00+00:00","2020-07-06T22:08:15+00:00"
"rec_ee24836a7e6d9d44069d45efc34dced2abbd07a8","2022-07-21_15h30m19_Voix 047 encore.m4a","\\SyNAS\Records\2022-July-Dec","18713533","17.85 MB","2022-07-21T15:30:00+00:00","2022-07-21T13:30:19+00:00"
"rec_cf59bd289ec8d62862cb37fbf6eab32ce5a00c3e","2024-06-24_15h04m45_Voix 006.m4a","\\SyNAS\Records\2024-notag","436220","426.00 KB","2024-06-24T15:04:00+00:00","2024-06-24T13:04:45+00:00"
"rec_4c8cd33358ad7be3f7031bdcf82c6b58dfb330a5","2021_02_08_21_41_41 histoire migrants.mp3","\\SyNAS\Records\2021","39152325","37.34 MB","2021-02-08T21:41:41+00:00","2021-02-08T21:22:28+00:00"
"rec_9871685574e4b9e8afb63c9911637c15dfac414a","2021_06_21_21_27_10 celestine.mp3","\\SyNAS\Records\2021","21542426","20.54 MB","2021-06-21T21:27:10+00:00","2021-06-21T19:50:39+00:00"
"rec_17115fbb01e00e9d35fa17314997bc035d972674","2021_04_19_21_59_22.mp3","\\SyNAS\Records\Audio\Time_Sort\2021","44660191","42.59 MB","2021-04-19T21:59:22+00:00","2021-04-19T20:45:56+00:00"
"rec_e8d6f7313614f7c68af5d83dc265c8f4b6756604","2021_02_16_12_38_18.mp3","\\SyNAS\Records\2021","83298428","79.44 MB","2021-02-16T12:38:18+00:00","2021-02-16T13:05:06+00:00"
"rec_9a37ccef840fdb5a1bcb43057bd33f19924752ba","Audio recording 2020-09-06 19-10-47 dessous de plat cassé.aac","\\SyNAS\Records\Audio\Time_Sort\2020","7747240","7.39 MB","2020-09-06T00:00:00+00:00","2020-09-06T17:14:48+00:00"
"rec_8bb20fddbf88c74e241d0c49c84fcf3fa6995dff","Audio recording 2020-10-19 20-54-09.aac","\\SyNAS\Records\2020","19421577","18.52 MB","2020-10-19T00:00:00+00:00","2020-10-19T19:04:12+00:00"
"rec_ce2a0a36849760166770b3743ac8964b5fdba24f","2020_09_01_18_54_54 soirée .mp3","\\SyNAS\Records\2020","116569233","111.17 MB","2020-09-01T18:54:54+00:00","2020-09-01T18:56:20+00:00"
"rec_86f64239861d49f3ea079ad6d026b334af030901","2020_12_23_19_56_46.mp3","\\SyNAS\Records\2020","83590","81.63 KB","2020-12-23T19:56:46+00:00","2020-12-23T18:56:52+00:00"
"rec_7423ad360e2168b7979006c758fdf9bf82e9ccbe","2021_02_03_22_19_00.mp3","\\SyNAS\Records\Audio\Time_Sort\2021","35164159","33.54 MB","2021-02-03T22:19:00+00:00","2021-02-06T01:46:49+00:00"
"rec_c79de58c2619d35795ce5b912def4eb1a6b971d0","2021_04_03_12_07_25 repas midi.mp3","\\SyNAS\Records\Audio\Time_Sort\2021","144265298","137.58 MB","2021-04-03T12:07:25+00:00","2021-04-03T12:37:43+00:00"
"rec_041d110b7aacc9b4d0557f1f1e7fb54cff82d57a","2021_01_23_15_04_28.mp3","\\SyNAS\Records\2021","4179956","3.99 MB","2021-01-23T15:04:28+00:00","2021-01-23T14:17:11+00:00"
"rec_93cc734ffa8c8cc20202a47f40755d1fc313ba69","20220606_152617.m4a","\\SyNAS\Records\2022-Jan-July","36360805","34.68 MB","","2022-06-06T13:58:41+00:00"
"rec_cce02b18c630133e0671acc51ad8a5173e0cb963","2021_07_14_22_13_13.mp3","\\SyNAS\Records\2021","7080645","6.75 MB","2021-07-14T22:13:13+00:00","2021-07-14T20:20:35+00:00"
"rec_b1eec41b0a16a4bd815fbcb316dfdd3fbba183c9","2023-03-08_20h57m19_Voix 143.m4a","\\SyNAS\Records\2023","38931764","37.13 MB","2023-03-08T20:57:00+00:00","2023-03-08T19:57:19+00:00"
"rec_229e28cd72afd6ae4a68cc3e753d93da2f5359d1","2021_07_04_16_59_26.mp3","\\SyNAS\Records\2021","36528377","34.84 MB","2021-07-04T16:59:26+00:00","2021-07-04T15:37:29+00:00"
"rec_5020963d5ff44e6c3a87280a7b9b67114486d191","2020_08_24_08_04_48 morning.mp3","\\SyNAS\Records\Audio\Time_Sort\2020","38152567","36.39 MB","2020-08-24T08:04:48+00:00","2020-08-24T06:44:32+00:00"
"rec_cd203c4f27ecb18d3df159729c289c9c044141e2","2021_04_07_17_45_47.mp3","\\SyNAS\Records\Audio\Time_Sort\2021","6706572","6.40 MB","2021-04-07T17:45:47+00:00","2021-04-07T15:52:47+00:00"
"rec_2b49d4b86ca6bf9c71c3b41c537e9c3e7930699f","2021_01_23_07_21_32.mp3","\\SyNAS\Records\2021","13673951","13.04 MB","2021-01-23T07:21:32+00:00","2021-01-23T06:35:47+00:00"
"rec_3b350414b54e6f5e84fee2d024c8d63657b768fb","2021_06_25_15_52_34 AA code de la route.mp3","\\SyNAS\Records\2021","7031326","6.71 MB","2021-06-25T15:52:34+00:00","2021-06-25T13:59:53+00:00"
"rec_1c0cdccd87724948a9df35bc2a5f9830d36ccb5a","2022-11-13_11h53m57_Voix 099 la loi imposé - par Aloïs.m4a","\\SyNAS\Records\2022-July-Dec","4958139","4.73 MB","2022-11-13T11:53:00+00:00","2022-11-13T10:53:57+00:00"
"rec_cacf4635b1c1bfc9cb902577dd0e17e2076c077a","2022-06-18_23h24m38_Voix 010 menace de faire venir son frere.m4a","\\SyNAS\Records\temps","2865374","2.73 MB","2022-06-18T23:24:00+00:00","2022-06-18T21:24:38+00:00"
"rec_86c85e15e6e21e0eea046d8c1e2e71d8d0c36972","2023-02-15_13h52m31_Voix 131 dd piano.m4a","\\SyNAS\Records\2023","1477696","1.41 MB","2023-02-15T13:52:00+00:00","2023-02-15T12:52:31+00:00"
"rec_fc2b4381161c917d115f5129c14e12ef6ded6f42","2019-10-13_00h14m34_Puler.m4a","\\SyNAS\Records\2019","92101","89.94 KB","2019-10-13T00:14:00+00:00","2019-10-12T22:14:34+00:00"
"rec_93279a172f39892d34ea124d80d8db02ad46ea3d","2023-12-26_15h15m15_Voix 022 café.m4a","\\SyNAS\Records\2023","11056056","10.54 MB","2023-12-26T15:15:00+00:00","2023-12-26T14:15:15+00:00"
"rec_22bbfa7607a86d5c4e917d2c8e0f378bde7368a4","2021_01_23_13_01_35.mp3","\\SyNAS\Records\Audio\Time_Sort\2021","7373634","7.03 MB","2021-01-23T13:01:35+00:00","2021-01-23T12:09:16+00:00"
"rec_f6d1a3a51c02790ea20cd915aa354f77021f28cf","2021_03_10_20_30_58 histoire.mp3","\\SyNAS\Records\Audio\Time_Sort\2021","54825794","52.29 MB","2021-03-10T20:30:58+00:00","2021-03-10T20:28:06+00:00"
"rec_73e16f300475474987a0e27b672b41298320c25e","2021_02_13_13_44_17 KTA repas midi.mp3","\\SyNAS\Records\2021","64298003","61.32 MB","2021-02-13T13:44:17+00:00","2021-02-13T13:51:16+00:00"
"rec_47f5a1e6848fbc3805bd22376d0dbe4b96d417ed","2019-10-14_04h56m22_Sa.m4a","\\SyNAS\Records\2019","952121","929.81 KB","2019-10-14T04:56:00+00:00","2019-10-14T02:56:22+00:00"
"rec_619fc34de8a05471965fe661a7c71b8c2254f59d","2021_06_03_18_41_06 ruisseau.mp3","\\SyNAS\Records\2021","803502","784.67 KB","2021-06-03T18:41:06+00:00","2021-06-03T16:42:39+00:00"
"rec_ca6024ccb2bb09b64ab68f9ec640595d3213df0e","2021_03_09_17_53_47.mp3","\\SyNAS\Records\Audio\Time_Sort\2021","55970167","53.38 MB","2021-03-09T17:53:47+00:00","2021-03-09T17:52:07+00:00"
"rec_b5f09b6512be80d3a507ffd2c91613303ce77067","2021_05_24_09_43_55 TA matin.mp3","\\SyNAS\Records\2021","30647274","29.23 MB","2021-05-24T09:43:55+00:00","2021-05-24T08:15:51+00:00"
"rec_8ca5c0cd76e53757d05a60631bcb2182c1153273","2024-07-07_15h31m02_Voix 010.m4a","\\SyNAS\Records\2024-notag","75957024","72.44 MB","2024-07-07T15:31:00+00:00","2024-07-07T13:31:02+00:00"
"rec_ff9c2a67f03a9733f627c10fe50863167d3e631a","Audio recording 2020-09-04 10-57-12.wav","\\SyNAS\Records\Audio\Time_Sort\2020","325570940","310.49 MB","2020-09-04T00:00:00+00:00","2020-09-04T09:28:01+00:00"
"rec_66fcd9785e36d5246e6a671e830d364456ab4223","2024-07-06_17h28m14_Voix 009 alois courses.m4a","\\SyNAS\Records\2024","61639193","58.78 MB","2024-07-06T17:28:00+00:00","2024-07-06T15:28:14+00:00"
"rec_da9142d0459c6d8fb77a9445e727de358bbe06c0","2021_04_05_18_25_50.mp3","\\SyNAS\Records\Audio\Time_Sort\2021","7222751","6.89 MB","2021-04-05T18:25:50+00:00","2021-04-05T16:33:22+00:00"
"rec_5e7c7e4fd7371a27b38c32074ec51a1535cbe943","Audio recording 2020-08-04 14-50-35.wav","\\SyNAS\Records\Audio\Time_Sort\2020","51459452","49.08 MB","2020-08-04T00:00:00+00:00","2020-08-04T12:55:26+00:00"
"rec_4c459e6f0572d5fbff2e03bd1ca4f0628e2db1ea","2021_05_05_18_21_18 Alois laugthing.mp3","\\SyNAS\Records\2021","1939747","1.85 MB","2021-05-05T18:21:18+00:00","2021-05-05T16:23:20+00:00"
"rec_36acf9734e8d6c826116186653ec1de0528b2b64","2022_06_01_20_44_39.mp3","\\SyNAS\Records\2022-Jan-July","3314415","3.16 MB","2022-06-01T20:44:39+00:00","2022-06-01T18:48:06+00:00"
"rec_559544ca1b99a85775797f11d9d17d8f6af97df6","2022_03_07_11_58_31.mp3","\\SyNAS\Records\2022-Jan-July","133391254","127.21 MB","2022-03-07T11:58:31+00:00","2022-03-07T13:17:28+00:00"
"rec_e09bdbd065875a6b7ae2e5faab84ea0cb2344bb3","2020_07_31_17_10_11.mp3","\\SyNAS\Records\2020","81456482","77.68 MB","2020-07-31T17:10:11+00:00","2020-07-31T16:35:02+00:00"
"rec_0d675c35140ff13302a5487a7b991e8afe0fc480","2023-02-02_18h43m43_Voix 124 kta can not go for shopping.m4a","\\SyNAS\Records\2023","32344741","30.85 MB","2023-02-02T18:43:00+00:00","2023-02-02T17:43:43+00:00"
"rec_5cc6de89322c64b32cd6fa2e68211ed6c571bbc1","Audio recording 2020-07-13 21-40-49.wav","\\SyNAS\Records\Audio\Time_Sort\2020","20617676","19.66 MB","2020-07-13T00:00:00+00:00","2020-07-13T19:42:46+00:00"
"rec_8ca99fb2ea401b5e77ff1df1ddf7a623c835f69b","Audio recording 2020-08-16 19-06-05.wav","\\SyNAS\Records\Audio\Time_Sort\2020","162019916","154.51 MB","2020-08-16T00:00:00+00:00","2020-08-16T17:21:25+00:00"
"rec_3fdc91770940418e582dc77bf3e94665d7f910c7","2023-12-13_20h40m00_Voix 017 alois discussion.m4a","\\SyNAS\Records\2023","107180744","102.22 MB","2023-12-13T20:40:00+00:00","2023-12-13T19:40:00+00:00"
"rec_b571f97e40e9f5f88cb861cbcec22a643e4d027a","2020_07_30_12_42_49.mp3","\\SyNAS\Records\Audio\Time_Sort\2020","70164897","66.91 MB","2020-07-30T12:42:49+00:00","2020-07-30T11:55:55+00:00"
"rec_a9db31a369323d8472fbcaadb818ba57e691bfe6","2021_03_01_12_08_27 midi.mp3","\\SyNAS\Records\2021","92271594","88.00 MB","2021-03-01T12:08:27+00:00","2021-03-01T12:44:35+00:00"
"rec_ebad39501f0529f7892f1519fa5fda674ee7c7ef","2021_03_19_09_05_01.mp3","\\SyNAS\Records\Audio\Time_Sort\2021","14306741","13.64 MB","2021-03-19T09:05:01+00:00","2021-03-19T08:19:56+00:00"
"rec_9f9d06471e8966e4fdf928572f5543fe7cb357c4","2021_03_11_21_04_59 histoire.mp3","\\SyNAS\Records\2021","39052433","37.24 MB","2021-03-11T21:04:59+00:00","2021-03-11T20:45:40+00:00"
"rec_f0766070dc86dd2ddb63fb25a88f43892f67a90d","2021_01_14_12_03_04 repas sport.mp3","\\SyNAS\Records\Audio\Time_Sort\2021","44341288","42.29 MB","2021-01-14T12:03:04+00:00","2021-01-14T11:49:15+00:00"
"rec_2c8bb87102c74bd283a696bc3ee26373ece68821","Audio recording 2020-11-18 12-11-15.aac","\\SyNAS\Records\Audio\Time_Sort\2020","24107069","22.99 MB","2020-11-18T00:00:00+00:00","2020-11-18T11:23:42+00:00"
"rec_a4c2306d6a46076575fe6efc8d59b7cb5e8c3bcb","2020_05_16_21_26_41.mp3","\\SyNAS\Records\2020","2746826","2.62 MB","2020-05-16T21:26:41+00:00","2020-05-16T19:29:32+00:00"
"rec_c9cd0b527b2f59719260d3fb2975c87b216c2d12","2021_04_05_14_13_19.mp3","\\SyNAS\Records\2021","14579669","13.90 MB","2021-04-05T14:13:19+00:00","2021-04-05T12:28:30+00:00"
"rec_073f36ba4a02cb58bff699912ef1e727a65aa080","Audio recording 2020-12-01 22-14-45.aac","\\SyNAS\Records\Audio\Time_Sort\2020","7320454","6.98 MB","2020-12-01T00:00:00+00:00","2020-12-01T21:18:32+00:00"
"rec_149de279e95661d7f2dcf5eb234d6553f22956ae","2024-02-05_19h56m40_Voix 027 fbdhdj.m4a","\\SyNAS\Records\2024","32640043","31.13 MB","2024-02-05T19:56:00+00:00","2024-02-05T18:56:40+00:00"
"rec_8cec5da2b0d628103550746a76db883047b0162f","2022-09-17_17h41m42_Voix 075.m4a","\\SyNAS\Records\2022-July-Dec","17996494","17.16 MB","2022-09-17T17:41:00+00:00","2022-09-17T15:41:42+00:00"
"rec_7d6665cc4e3631f9dde900fd8e2577c25dfc5735","rec_20190818-1859.wav","\\SyNAS\Records\2019","95608844","91.18 MB","","2019-08-18T17:59:46+00:00"
"rec_39fd5a43afbbd9680c400b51e9a6ab9a47ed0fef","2019-10-15_23h48m16_Mamasita.m4a","\\SyNAS\Records\2019","1492515","1.42 MB","2019-10-15T23:48:00+00:00","2019-10-15T21:48:16+00:00"
"rec_27177baa9807391c329257238556761d6548e3a7","2021_05_02_21_24_53 les dindes.mp3","\\SyNAS\Records\Audio\Time_Sort\2021","6795179","6.48 MB","2021-05-02T21:24:53+00:00","2021-05-02T19:31:58+00:00"
"rec_d111d4140f5f23c118bd16c1f0575851b0d97a7a","2024-01-26_16h18m43_Voix 026 chante faux.m4a","\\SyNAS\Records\2024","897698","876.66 KB","2024-01-26T16:18:00+00:00","2024-01-26T15:18:43+00:00"
"rec_b9248d9fa16d9a6817198b9449a0b7e1f0fff830","2021_05_14_19_00_12.mp3","\\SyNAS\Records\2021","15883689","15.15 MB","2021-05-14T19:00:12+00:00","2021-05-14T18:51:10+00:00"
"rec_8b8507ddf8a91dbbd7fcc861e157f6dd92156d3d","2021_01_22_07_18_00.mp3","\\SyNAS\Records\2021","61013680","58.19 MB","2021-01-22T07:18:00+00:00","2021-01-22T07:21:33+00:00"
"rec_c58571d0ef36b521968ff3186a35927e56a136e3","2021_06_03_18_44_28.mp3","\\SyNAS\Records\2021","450130","439.58 KB","2021-06-03T18:44:28+00:00","2021-06-03T16:45:25+00:00"
"rec_f38eb9f52573e6d145512152d1ffec6b39ba3ec0","2022-06-27_13h43m43_Voix 023 ultimate discussion avec  Alois.m4a","\\SyNAS\Records\2022-July-Dec","87820175","83.75 MB","2022-06-27T13:43:00+00:00","2022-06-27T11:43:43+00:00"
"rec_2e181f43bc4d193405ab42229b9abb9c9e24a775","2021_04_14_15_28_42.mp3","\\SyNAS\Records\Audio\Time_Sort\2021","1159250","1.11 MB","2021-04-14T15:28:42+00:00","2021-04-14T13:31:15+00:00"
"rec_c99716fcc2a5001ed3f89fe715df2057227e89d5","2022-09-02_19h04m46_Voix 067 consultation 2.m4a","\\SyNAS\Records\2022-July-Dec","53105356","50.65 MB","2022-09-02T19:04:00+00:00","2022-09-02T17:04:46+00:00"
"rec_e02db93da39e33b62ad55db31d00e41872e61fc5","2020_12_29_23_37_51 histoire.mp3","\\SyNAS\Records\Audio\Time_Sort\2020","12660818","12.07 MB","2020-12-29T23:37:51+00:00","2020-12-29T22:51:02+00:00"
"rec_10c84c637a3079130f28f9798df1b781b5390d63","2021_05_04_19_19_51.mp3","\\SyNAS\Records\2021","9346820","8.91 MB","2021-05-04T19:19:51+00:00","2021-05-04T17:29:35+00:00"
"rec_442f96bb08845a71bfd05f87eccba54efca25823","rec_20190818-2107.wav","\\SyNAS\Records\Audio\Time_Sort\2019","21415004","20.42 MB","","2019-08-18T20:07:28+00:00"
"rec_d07e46a66935a6ccb7d01482e692c8eb0706f38b","2021_05_14_09_05_14 gang alois.mp3","\\SyNAS\Records\2021","8983613","8.57 MB","2021-05-14T09:05:14+00:00","2021-05-14T07:14:36+00:00"
"rec_8118f56c938733503e627d9925ec46cf878215f7","2020-03-18_17h39m51_Recording (9) Dinda conversation.m4a","\\SyNAS\Records\WebStorage\2020","16690196","15.92 MB","2020-03-18T17:39:00+00:00","2020-04-05T23:24:00+00:00"
"rec_3ca8666ee7e4745cf605868644f474d51792c072","2020_09_01_18_54_54 soirée .mp3","\\SyNAS\Records\Audio\Time_Sort\2020","116569233","111.17 MB","2020-09-01T18:54:54+00:00","2020-09-01T18:56:20+00:00"
"rec_6b1fe2658400f14c742f2e2a32bc8ae99ca081d9","2023-04-30_11h40m40_Timbres.m4a","\\SyNAS\Records\2023","51019650","48.66 MB","2023-04-30T11:40:00+00:00","2023-04-30T09:40:40+00:00"
"rec_86a63926f12b47f5e0849c06dea8c0c217cee831","2021_01_23_16_01_55.mp3","\\SyNAS\Records\Audio\Time_Sort\2021","21117386","20.14 MB","2021-01-23T16:01:55+00:00","2021-01-23T15:23:55+00:00"
"rec_876ba4a6e3ca044ea6c6540b9643cb26cb03980c","2024-08-19_20h36m19_Voix 019 visite d'Aloïs.m4a","\\SyNAS\Records\2024","69763191","66.53 MB","2024-08-19T20:36:00+00:00","2024-08-19T18:36:19+00:00"
"rec_5b07ea909fc06915aee2144feac05e971b5ea738","2021_03_22_19_55_42.mp3","\\SyNAS\Records\Audio\Time_Sort\2021","4596","4.49 KB","2021-03-22T19:55:42+00:00","2021-03-22T18:55:42+00:00"
"rec_c080cc057c8b862ad56737a4d2b0435668c50170","2022-09-21_21h03m51_Voix 078.m4a","\\SyNAS\Records\2022-July-Dec","3471540","3.31 MB","2022-09-21T21:03:00+00:00","2022-09-21T19:03:51+00:00"
"rec_bd9cb590c350c670f599f397165c0efac3e7df07","2021_04_13_07_04_23 petit dej.mp3","\\SyNAS\Records\Audio\Time_Sort\2021","19945847","19.02 MB","2021-04-13T07:04:23+00:00","2021-04-13T05:25:10+00:00"
"rec_cc575c0fc47520f0af846cef820ad222e875948c","2021_07_18_14_22_42 repas.mp3","\\SyNAS\Records\2021","30422830","29.01 MB","2021-07-18T14:22:42+00:00","2021-07-18T12:54:24+00:00"
"rec_a60cfd23d8eec18e3bd8c2a8258597f9b5d3848d","Audio recording 2020-11-27 12-38-19.aac","\\SyNAS\Records\2020","36560744","34.87 MB","2020-11-27T00:00:00+00:00","2020-11-27T11:57:10+00:00"
"rec_9226d37e261981ec5274b1c874ee472d9737f0fd","2021_05_27_12_23_42 midi.mp3","\\SyNAS\Records\2021","12982647","12.38 MB","2021-05-27T12:23:42+00:00","2021-05-27T10:37:14+00:00"
"rec_1b2cd13d5728cbb7e75a94a8f4dc0343364bc1c6","2022-11-13_00h43m25_Voix 099 fin de journée.m4a","\\SyNAS\Records\2022-July-Dec","63687697","60.74 MB","2022-11-13T00:43:00+00:00","2022-11-12T23:43:25+00:00"
"rec_ea0b9077068d4ad43ca632d6628db6ceb4ae7462","2023-06-13_22h22m16_Voix 158 math Résultats tu dégages.m4a","\\SyNAS\Records\2023","10615846","10.12 MB","2023-06-13T22:22:00+00:00","2023-06-13T20:22:16+00:00"
"rec_ea0e7e8beb480207ff6b1f1d8f542deab8c492b2","2021_04_21_12_50_04 lunch.mp3","\\SyNAS\Records\2021","23226826","22.15 MB","2021-04-21T12:50:04+00:00","2021-04-21T11:14:16+00:00"
"rec_e49a702e81b1def3d9cebd2966637ff41917ef8c","2021_01_28_07_39_37.mp3","\\SyNAS\Records\Audio\Time_Sort\2021","93546787","89.21 MB","2021-01-28T07:39:37+00:00","2021-01-28T08:17:04+00:00"
"rec_7b76875e0dd3b753f0f86e01e57508bf6728716a","2021_06_27_20_02_51 la douche harselement violence.mp3","\\SyNAS\Records\2021","23125680","22.05 MB","2021-06-27T20:02:51+00:00","2021-06-27T18:26:57+00:00"
"rec_b87a301428eb614d83438e657ff2f78e66a646f5","2020_12_28_15_26_38 100x meilleur que toi.mp3","\\SyNAS\Records\Audio\Time_Sort\2020","11539016","11.00 MB","2020-12-28T15:26:38+00:00","2020-12-28T14:38:39+00:00"
"rec_36bbef7a74eead7c8be447b43c92b858daf53090","2021_01_16_17_43_36.mp3","\\SyNAS\Records\2021","161234441","153.77 MB","2021-01-16T17:43:36+00:00","2021-01-16T19:31:33+00:00"
"rec_b47c0c8b04980b784cdca33f97dbcf48a250ef5a","2023-04-30_23h33m33_Voix 152.m4a","\\SyNAS\Records\2023","268369","262.08 KB","2023-04-30T23:33:00+00:00","2023-04-30T21:33:33+00:00"
"rec_c6e2f1bca0b150313849e1a6fde14ab8c28eb0e8","2024-09-08_19h14m54_Voix 022 dimanche.m4a","\\SyNAS\Records\2024-notag","266307801","253.97 MB","2024-09-08T19:14:00+00:00","2024-09-08T17:14:54+00:00"
"rec_fc7d0042dcaf3adfba97a4f32a7a1564624788fa","2021_07_17_22_16_01.mp3","\\SyNAS\Records\2021","7013354","6.69 MB","2021-07-17T22:16:01+00:00","2021-07-17T20:23:19+00:00"
"rec_ea4c649bc1b399fec27c79d386ce669cb47bd039","Audio recording 2020-06-20 15-30-52.aac","\\SyNAS\Records\2020","11129150","10.61 MB","2020-06-20T00:00:00+00:00","2020-06-20T13:36:38+00:00"
"rec_99538aaa2ad1694fcf9952169ad9f4a3f674d20e","2021_03_02_15_15_34.mp3","\\SyNAS\Records\2021","224132701","213.75 MB","2021-03-02T15:15:34+00:00","2021-03-02T18:09:03+00:00"
"rec_72807257394b14e15ffdb300707f3c718cd3551b","2021_04_01_21_33_30.mp3","\\SyNAS\Records\Audio\Time_Sort\2021","130402","127.35 KB","2021-04-01T21:33:30+00:00","2021-04-01T19:33:38+00:00"
"rec_ad07e82ce4c08acde58cdadf5b2bd37781902fe1","2021_01_28_14_53_52.mp3","\\SyNAS\Records\2021","37449559","35.71 MB","2021-01-28T14:53:52+00:00","2021-01-28T14:32:53+00:00"
"rec_a690e2936b2ed19fc7406d9415c5e328f8bf7ed8","Audio recording 2020-05-28 22-18-25.aac","\\SyNAS\Records\2020","36472912","34.78 MB","2020-05-28T00:00:00+00:00","2020-05-28T20:37:15+00:00"
"rec_38f7279b0904acbfe0f3ccc405ff690ca8cf95fc","2020_08_15_16_49_25 retour vacances.mp3","\\SyNAS\Records\2020","64551287","61.56 MB","2020-08-15T16:49:25+00:00","2020-08-15T15:56:40+00:00"
"rec_9ac35debf9892656523b19ba225a264f891cfabf","2021_01_28_14_53_52.mp3","\\SyNAS\Records\Audio\Time_Sort\2021","37449559","35.71 MB","2021-01-28T14:53:52+00:00","2021-01-28T14:32:53+00:00"
"rec_70e3b86a8c962a2359f37a49d5fadc97ae6adc12","Audio recording 2020-09-14 16-19-03.aac","\\SyNAS\Records\2020","7127679","6.80 MB","2020-09-14T00:00:00+00:00","2020-09-14T14:22:45+00:00"
"rec_8e4fbacc14db2984daa1d711d64c7ce4016cfad9","2022_02_22_12_09_11.mp3","\\SyNAS\Records\2022-Jan-July","245831888","234.44 MB","2022-02-22T12:09:11+00:00","2022-02-22T15:25:16+00:00"
"rec_2930a1a3c34d666c41dae7ded3a87752a4e67f5e","Audio recording 2020-08-27 21-13-28.wav","\\SyNAS\Records\Audio\Time_Sort\2020","39513644","37.68 MB","2020-08-27T00:00:00+00:00","2020-08-27T19:17:12+00:00"
"rec_ea8e94f6ce745eba9062eae18bae9ff9dd4abd05","2021_07_03_17_21_25 retour achat vetements.mp3","\\SyNAS\Records\2021","32084217","30.60 MB","2021-07-03T17:21:25+00:00","2021-07-03T15:54:50+00:00"
"rec_c2e1089c65897a442d51ab5cd27a18fa0090a680","2020_11_08_11_12_52.mp3","\\SyNAS\Records\Audio\2020-Unsorted","228762017","218.16 MB","2020-11-08T11:12:52+00:00","2020-11-08T14:11:10+00:00"
"rec_919150a06cdf627c4472bf7ddc241b8b52e07657","2020-05-28 21-48-55 pour parler.aac","\\SyNAS\Records\WebStorage\2020","53654940","51.17 MB","2020-05-28T00:00:00+00:00","2020-07-06T21:32:14+00:00"
"rec_8fa4d8996959582d07806a3c044750cf212d9505","2021_01_18_13_05_25.mp3","\\SyNAS\Records\2021","29298937","27.94 MB","2021-01-18T13:05:25+00:00","2021-01-18T12:35:56+00:00"
"rec_c7629ef10fdae0eb537023b318c0a2455c3f83af","Audio recording 2020-07-05 00-36-26.wav","\\SyNAS\Records\Audio\Time_Sort\2020","187474436","178.79 MB","2020-07-05T00:00:00+00:00","2020-07-04T22:54:08+00:00"
"rec_8f19a34109d550c9e1386b4e0e07b8aaa20ba9e0","2020_09_08_13_21_13 midi.mp3","\\SyNAS\Records\Audio\2020-Unsorted","12523728","11.94 MB","2020-09-08T13:21:13+00:00","2020-09-08T11:34:16+00:00"
"rec_16ca53457e8996403823fa05dd5f4a5c5eb5ffd3","2021_01_27_19_38_39.mp3","\\SyNAS\Records\2021","322663","315.10 KB","2021-01-27T19:38:39+00:00","2021-01-27T18:39:00+00:00"
"rec_dbac2b929b08ad1dbcd390714fea6da125782c4c","2022-06-13_21h58m06_Voix 003.m4a","\\SyNAS\Records\2022-July-Dec","25150639","23.99 MB","2022-06-13T21:58:00+00:00","2022-06-13T19:58:06+00:00"
"rec_39a0ac793636984f6fdde07a9ca57fba0f031b87","2022-07-16_15h07m03_Voix 042 KTA critiques d'abandon.m4a","\\SyNAS\Records\2022-July-Dec","17469158","16.66 MB","2022-07-16T15:07:00+00:00","2022-07-16T13:07:03+00:00"
"rec_963cee9d0917ddc3ec8bf11a4659cf89f46415d7","20220605_162535.m4a","\\SyNAS\Records\2022-Jan-July","46412665","44.26 MB","","2022-06-05T15:06:55+00:00"
"rec_5e44926be10e8e29733bb189c933e0ec0282a89f","2021_06_04_23_42_11.mp3","\\SyNAS\Records\2021","337710","329.79 KB","2021-06-04T23:42:11+00:00","2021-06-04T21:42:32+00:00"
"rec_812dc01bb5a74f117140efb1b6794b5d862ea982","Audio recording 2020-11-24 12-32-21 provocation.aac","\\SyNAS\Records\2020","62806900","59.90 MB","2020-11-24T00:00:00+00:00","2020-11-24T12:04:46+00:00"
"rec_8486f83924045095041492e16561406bacaf83d4","2023-07-05_18h45m15_Voix 002.m4a","\\SyNAS\Records\2023","30587826","29.17 MB","2023-07-05T18:45:00+00:00","2023-07-05T16:45:15+00:00"
"rec_9d514895277866a83e8cad43301d810dabd0f7d9","2023-02-20_11h49m31_Voix 139 lately Steve wonder.m4a","\\SyNAS\Records\2023","55605091","53.03 MB","2023-02-20T11:49:00+00:00","2023-02-20T10:49:31+00:00"
"rec_d2c25eaa2448b32458e696edcda5177c6470d6bf","2023-04-25_20h28m55_Voix 148 feedback Catajou.m4a","\\SyNAS\Records\2023","4492970","4.28 MB","2023-04-25T20:28:00+00:00","2023-04-25T18:28:55+00:00"
"rec_688da862325f0ef0e6de3936edb295bfaefc687c","Audio recording 2020-08-09 20-13-53 anniversaire Valérie.wav","\\SyNAS\Records\2020","2670740","2.55 MB","2020-08-09T00:00:00+00:00","2020-08-09T18:14:08+00:00"
"rec_7c83c0819bd575ce8bce107d1847d4eef6cef01f","2021_03_02_20_33_54 hosyoore.mp3","\\SyNAS\Records\Audio\Time_Sort\2021","18502216","17.65 MB","2021-03-02T20:33:54+00:00","2021-03-02T19:53:11+00:00"
"rec_20129deb5fe659a8a4b5957b30bb70bf6542e151","Audio recording 2020-11-02 19-09-21.aac","\\SyNAS\Records\2020","73257338","69.86 MB","2020-11-02T00:00:00+00:00","2020-11-02T18:47:10+00:00"
"rec_1becfe29ba04586307412f07ec3daca6a2262242","Audio recording 2020-10-15 15-30-35.aac","\\SyNAS\Records\2020","2273465","2.17 MB","2020-10-15T00:00:00+00:00","2020-10-15T13:31:46+00:00"
"rec_82e11dd56630bd1ce6442913b17bc3f767b4fbb1","2021_03_28_00_11_14 alois psychiatre.mp3","\\SyNAS\Records\Audio\Time_Sort\2021","49595453","47.30 MB","2021-03-28T00:11:14+00:00","2021-03-28T00:02:54+00:00"
"rec_e36639b7857b8a0e6150224f9f34b73c3fcd62f7","2021_02_16_00_29_28.mp3","\\SyNAS\Records\Audio\Time_Sort\2021","4375195","4.17 MB","2021-02-16T00:29:28+00:00","2021-02-15T23:34:02+00:00"
"rec_bb6bd21a9f830b688183e8cba0a7033737f6d914","2023-05-10_21h15m11_Voix 155 kebab.m4a","\\SyNAS\Records\2023","37958376","36.20 MB","2023-05-10T21:15:00+00:00","2023-05-10T19:15:11+00:00"
"rec_821a7e56afe4ebafcd50dae7d0b96a72b244fdc8","Audio recording 2020-06-20 15-30-52.aac","\\SyNAS\Records\Audio\Time_Sort\2020","11129150","10.61 MB","2020-06-20T00:00:00+00:00","2020-06-20T13:36:38+00:00"
"rec_efd4bb7d086a2be7c3aa76751cee7e3433f89a6d","2024-09-20_21h52m40_Voix 023 chercher alois.m4a","\\SyNAS\Records\2024","48349693","46.11 MB","2024-09-20T21:52:00+00:00","2024-09-20T19:52:40+00:00"
"rec_78173dbeaff9e226e02c7954d92dad21b4ac5e87","2022-11-01_13h56m01_Voix 093 pas garde partagée.m4a","\\SyNAS\Records\2022-July-Dec","8085319","7.71 MB","2022-11-01T13:56:00+00:00","2022-11-01T12:56:01+00:00"
"rec_7a81504cc7fc49d1711bbe35319efaac5ba683f3","2020-05-09_12h39m26_Voix 009_sd tyranie.m4a","\\SyNAS\Records\Audio\Time_Sort\2020","2626616","2.50 MB","2020-05-09T12:39:00+00:00","2020-05-09T10:39:26+00:00"
"rec_8426140efe01272545cb87d32ff71f401feef89e","2022-07-13_13h00m56_Voix 040 tierheim.m4a","\\SyNAS\Records\2022-July-Dec","3286263","3.13 MB","2022-07-13T13:00:00+00:00","2022-07-13T11:00:56+00:00"
"rec_565b4c5b79af1119b9723e4ad79eb3e9d738c941","2023-08-03_14h54m00_Voix 009 dd crise airbnb.m4a","\\SyNAS\Records\2023","107334236","102.36 MB","2023-08-03T14:54:00+00:00","2023-08-03T12:54:00+00:00"
"rec_c0444ce438d630fe1329da1e33ee44bd15d1d2c7","Audio recording 2020-07-02 20-46-29.aac","\\SyNAS\Records\2020","10079102","9.61 MB","2020-07-02T00:00:00+00:00","2020-07-02T18:51:42+00:00"
"rec_6b8d898789d18ce44cb83be530eb7f0050d43667","Audio recording 2020-09-08 08-05-46.aac","\\SyNAS\Records\2020","189328593","180.56 MB","2020-09-08T00:00:00+00:00","2020-09-08T07:43:28+00:00"
"rec_9c386a291c23b61fa63782054e938b0a6ee27274","2023-02-07_10h25m20_Voix 129 dd Japanese lesson.m4a","\\SyNAS\Records\2023","46331948","44.19 MB","2023-02-07T10:25:00+00:00","2023-02-07T09:25:20+00:00"
"rec_9624b0bce26ee7652c1049ab4f35f9c68d689b14","2021_09_11_20_49_26 soiree.mp3","\\SyNAS\Records\2021","153247659","146.15 MB","2021-09-11T20:49:26+00:00","2021-09-11T21:29:04+00:00"
"rec_76a1d584d7ee15473a7e2a998f1f5a016a61a0a9","2021_02_16_00_36_25.mp3","\\SyNAS\Records\Audio\Time_Sort\2021","2750588","2.62 MB","2021-02-16T00:36:25+00:00","2021-02-15T23:39:17+00:00"
"rec_e788d1f93bdc0f0655b14322aa42880ff4c78025","Audio recording 2020-11-13 23-17-30.aac","\\SyNAS\Records\Audio\Time_Sort\2020","8679541","8.28 MB","2020-11-13T00:00:00+00:00","2020-11-13T22:22:00+00:00"
"rec_be19bc5b190f2d9347e5a91626a9cda8842ec0db","Audio recording 2020-09-08 12-26-51.aac","\\SyNAS\Records\2020","3049033","2.91 MB","2020-09-08T00:00:00+00:00","2020-09-08T10:28:26+00:00"
"rec_5f629a7ae1f747556a9e395d1be3ac74782eebfc","2021_07_16_14_06_26 tu tecrases et tu reste a ta olace .mp3","\\SyNAS\Records\2021","6121429","5.84 MB","2021-07-16T14:06:26+00:00","2021-07-16T12:12:49+00:00"
"rec_5f71fe8091085a495e6b4eac4cbee87afa2b4dbe","2021_03_18_16_29_35 soiree.mp3","\\SyNAS\Records\2021","329566666","314.30 MB","2021-03-18T16:29:35+00:00","2021-03-18T21:12:53+00:00"
"rec_60f251e6fb032793f8e79818aefbfb5b7b632cfd","2021_01_17_17_01_53.mp3","\\SyNAS\Records\2021","1420642","1.35 MB","2021-01-17T17:01:53+00:00","2021-01-17T16:03:22+00:00"
"rec_3b0848d0e2eaf830f2e853de5ac9f7143da9dce2","2021_03_07_09_51_54 fortnite.mp3","\\SyNAS\Records\Audio\Time_Sort\2021","66493845","63.41 MB","2021-03-07T09:51:54+00:00","2021-03-07T10:01:10+00:00"
"rec_c07b16bb2bb6dcff7bc5faf2503490dd49d1851d","2021_01_22_12_08_06.mp3","\\SyNAS\Records\Audio\Time_Sort\2021","26680005","25.44 MB","2021-01-22T12:08:06+00:00","2021-01-22T11:35:53+00:00"
"rec_6165c11a1b53f58a031f92d0471900aea4538fca","2021_04_03_16_01_49.mp3","\\SyNAS\Records\2021","10690977","10.20 MB","2021-04-03T16:01:49+00:00","2021-04-03T14:12:57+00:00"
"rec_198e632eae1917ccf7f25de1e6826b6b44d23120","2021_07_21_22_03_55 fin de repas.mp3","\\SyNAS\Records\2021","64226950","61.25 MB","2021-07-21T22:03:55+00:00","2021-07-21T21:10:50+00:00"
"rec_e5af08cc48e136014fa08e3b9ee2a52d271e1377","2024-07-29_12h45m44_Voix 016.m4a","\\SyNAS\Records\2024-notag","22294852","21.26 MB","2024-07-29T12:45:00+00:00","2024-07-29T10:45:44+00:00"
"rec_6d3c6bbe44a4f7489cf30b34012b88c152335b6d","2020_12_27_13_53_40.mp3","\\SyNAS\Records\2020","50447254","48.11 MB","2020-12-27T13:53:40+00:00","2020-12-27T13:46:13+00:00"
"rec_78322ffc889f1d72dba1c1487f745cd606c26fa0","2024-01-10_07h27m06_Voix 025 Aa mise au point.m4a","\\SyNAS\Records\2024","7080418","6.75 MB","2024-01-10T07:27:00+00:00","2024-01-10T06:27:06+00:00"
"rec_1c6e3c2621f61770f24526d89b4722af4e938925","2024-05-11_17h04m39_Voix 001 fhdh.m4a","\\SyNAS\Records\2024-notag","6715417","6.40 MB","2024-05-11T17:04:00+00:00","2024-05-11T15:04:39+00:00"
"rec_2a4e24db4afb47a427d3d9a795bec858edadee7b","2021_05_01_18_51_28 perversion.mp3","\\SyNAS\Records\Audio\Time_Sort\2021","130101497","124.07 MB","2021-05-01T18:51:28+00:00","2021-05-01T19:07:00+00:00"
"rec_14612613060b2acf562f4f81a132fc06ac8e7bb1","2021_09_30_19_04_08.mp3","\\SyNAS\Records\2021","6868740","6.55 MB","2021-09-30T19:04:08+00:00","2021-09-30T17:11:18+00:00"
"rec_5b54bbeb643e40e1b1d7e27a0d5c1c692ff5aa1d","2023-08-21_20h34m40_Voix 010.m4a","\\SyNAS\Records\2023","120032407","114.47 MB","2023-08-21T20:34:00+00:00","2023-08-21T18:34:40+00:00"
"rec_a341f450d3ae1464fd722965c8afcb1dd1395685","2021_01_09_19_07_17_KTA_ReineDeSaba.mp3","\\SyNAS\Records\Audio\Time_Sort\2021","824214","804.90 KB","2021-01-09T19:07:17+00:00","2021-01-09T18:08:09+00:00"
"rec_33088c06a12a392ddc36dac9f2ee31755e34e658","2019-10-15_23h48m28_Voix 001_sd.m4a","\\SyNAS\Records\2019","42405884","40.44 MB","2019-10-15T23:48:00+00:00","2019-10-15T21:48:28+00:00"
"rec_c34524e23e24d49a87b5281f6fc43b6c981df3c6","2020_12_22_12_47_29 pas melanger les qualites.mp3","\\SyNAS\Records\2020","5909523","5.64 MB","2020-12-22T12:47:29+00:00","2020-12-22T11:53:38+00:00"
"rec_2aada99c8a079cfaaa7924b8e3ca437c62cab44c","2021_01_17_21_10_31.mp3","\\SyNAS\Records\2021","27535986","26.26 MB","2021-01-17T21:10:31+00:00","2021-01-17T20:39:12+00:00"
"rec_26451cbe97cddcc88f8641aa99b3f29bd66a1742","2020_12_25_17_25_53 appel noel elisabeth.mp3","\\SyNAS\Records\2020","12538356","11.96 MB","2020-12-25T17:25:53+00:00","2020-12-25T16:38:57+00:00"
"rec_e45dccc424bf455edc0b465fafb612f35ecae147","2021_01_02_15_12_24.mp3","\\SyNAS\Records\2021","508655","496.73 KB","2021-01-02T15:12:24+00:00","2021-01-02T14:12:56+00:00"
"rec_ba2c81da4d2a64d39c388a976b0c59d21a6104ce","2021_07_02_19_25_54.mp3","\\SyNAS\Records\2021","62614046","59.71 MB","2021-07-02T19:25:54+00:00","2021-07-02T18:31:08+00:00"
"rec_ce07007c10b148113c00e57ad010c3bef6e201b7","2023-03-31_14h04m53_Voix 146 RDI step back.m4a","\\SyNAS\Records\2023","33028471","31.50 MB","2023-03-31T14:04:00+00:00","2023-03-31T12:04:53+00:00"
"rec_905bd1801f821e533a74da95a5278433353c157a","2019-01-17_04h05m07_Enregistrement audio 2018-11-29 21-16-21.aac","\\SyNAS\Records\Rec\GoogleRec\Recordings\music recordings","353041022","336.69 MB","2019-01-17T04:05:00+00:00","2019-01-17T03:05:07+00:00"
"rec_bb7257dbcf5343c7da3f3b444a30d8dd87da01d0","Audio recording 2020-11-15 19-00-38.aac","\\SyNAS\Records\Audio\Time_Sort\2020","3638602","3.47 MB","2020-11-15T00:00:00+00:00","2020-11-15T18:02:30+00:00"
"rec_1373fc9da7de81507d0092819cb1ee899d03620e","2022-10-05_22h32m15_Voix 083 chien part2.m4a","\\SyNAS\Records\2022-July-Dec","58190611","55.49 MB","2022-10-05T22:32:00+00:00","2022-10-05T20:32:15+00:00"
"rec_bbc4368e82f0ec67d8a10fe5744bd8eef1d71a26","2021_01_30_18_48_47.mp3","\\SyNAS\Records\Audio\Time_Sort\2021","3150993","3.01 MB","2021-01-30T18:48:47+00:00","2021-01-30T17:52:04+00:00"
"rec_21a597a6908c432d4cb7e7ff4c44126508e687fe","Audio recording 2020-09-16 21-06-36.aac","\\SyNAS\Records\2020","7041457","6.72 MB","2020-09-16T00:00:00+00:00","2020-09-16T19:10:15+00:00"
"rec_451537bbadc644efa2e4cc980d35aa2aeb31e802","Audio recording 2020-11-05 11-42-55.aac","\\SyNAS\Records\2020","2185041","2.08 MB","2020-11-05T00:00:00+00:00","2020-11-05T10:44:02+00:00"
"rec_ec0690acd1f665fd87c431907bc87cf9d110538d","2022-06-29_07h27m52_Voix 025 fin chien.m4a","\\SyNAS\Records\2022-July-Dec","15664346","14.94 MB","2022-06-29T07:27:00+00:00","2022-06-29T05:27:52+00:00"
"rec_e0aac645ece11157401167bf5cd0bff90aa5ec02","2021_10_21_21_17_30.mp3","\\SyNAS\Records\2021","6835721","6.52 MB","2021-10-21T21:17:30+00:00","2021-10-21T19:24:37+00:00"
"rec_c44ed7e5d129e02d0a3ddcd2710ef68c511af148","2021_01_17_07_25_54.mp3","\\SyNAS\Records\2021","141049520","134.52 MB","2021-01-17T07:25:54+00:00","2021-01-17T08:52:48+00:00"
"rec_88ac56ce3570d5173a8bec596a69989d4f653006","2021_02_17_12_34_09.mp3","\\SyNAS\Records\2021","30756361","29.33 MB","2021-02-17T12:34:09+00:00","2021-02-17T12:06:12+00:00"
"rec_b86c4ffbe0266c2f3a9c08e0ef157643ee33e296","Audio recording 2020-11-20 20-24-54 diner antipasti.aac","\\SyNAS\Records\2020","65342787","62.32 MB","2020-11-20T00:00:00+00:00","2020-11-20T19:58:36+00:00"
"rec_635ddc763c2ec5b969cb0058758d1a3527df3fbb","2021_04_05_20_57_34 histoire.mp3","\\SyNAS\Records\Audio\Time_Sort\2021","41707728","39.78 MB","2021-04-05T20:57:34+00:00","2021-04-05T19:41:01+00:00"
"rec_3865fb6c2a746e996bc2b0061273fe009b769ab0","Audio recording 2020-11-29 19-57-38.aac","\\SyNAS\Records\Audio\Time_Sort\2020","72064524","68.73 MB","2020-11-29T00:00:00+00:00","2020-11-29T19:34:50+00:00"
"rec_08093e2b3eabecc2358f07ec56e34e56259d140f","2021_06_20_08_37_11.mp3","\\SyNAS\Records\2021","14677053","14.00 MB","2021-06-20T08:37:11+00:00","2021-06-20T06:52:29+00:00"
"rec_331469c69f7fc69a73a4806fe673d10fa2e4332d","2023-12-03_13h45m42_Voix 016 deal Aloïs.m4a","\\SyNAS\Records\2023","3804933","3.63 MB","2023-12-03T13:45:00+00:00","2023-12-03T12:45:42+00:00"
"rec_ec1d5d4d1e0eeaa1e023b48d823f97169830a59e","Audio recording 2020-08-19 19-27-25.wav","\\SyNAS\Records\Audio\Time_Sort\2020","61605980","58.75 MB","2020-08-19T00:00:00+00:00","2020-08-19T18:49:04+00:00"
"rec_0522d42cb905788321710e7a78291eba9af9f146","2020_08_02_22_20_29 le loup et le renard devant.mp3","\\SyNAS\Records\2020","1487933","1.42 MB","2020-08-02T22:20:29+00:00","2020-08-02T20:22:02+00:00"
"rec_f093984ded32efd6d8ac7cc4a4b34a9f0ad6e5ec","2020-04-03_03h45m35_Recording (22)_Dinda.m4a","\\SyNAS\Records\Rec\DD","79100867","75.44 MB","2020-04-03T03:45:00+00:00","2020-04-05T23:41:17+00:00"
"rec_d38ed2ff41b780c0f3a53d3c827dbebc17ad080b","2021_01_14_13_31_24 voyage en voiture.mp3","\\SyNAS\Records\2021","17762846","16.94 MB","2021-01-14T13:31:24+00:00","2021-01-14T12:49:54+00:00"
"rec_a2e03ece229bae57a90b350efbc6a420894287ba","2021_02_09_13_54_04 jen ai marre de gagner.mp3","\\SyNAS\Records\Audio\Time_Sort\2021","79720697","76.03 MB","2021-02-09T13:54:04+00:00","2021-02-09T14:17:06+00:00"
"rec_79cf88ca98505fce6f3d7f86995799f24365fbe6","2022-06-28_11h57m09_Voix 023.m4a","\\SyNAS\Records\2022-July-Dec","4464935","4.26 MB","2022-06-28T11:57:00+00:00","2022-06-28T09:57:09+00:00"
"rec_fdfd50c444f6caeaf44b5485f8e35d2adb3be67a","2023-01-31_11h00m54_Voix 124 dd petit dej.m4a","\\SyNAS\Records\2023","100643393","95.98 MB","2023-01-31T11:00:00+00:00","2023-01-31T10:00:54+00:00"
"rec_6b7293b8bd29c5f4411fbfde1f8009bf32510d31","2021_07_02_09_23_50.mp3","\\SyNAS\Records\2021","35525","34.69 KB","2021-07-02T09:23:50+00:00","2021-07-02T07:23:52+00:00"
"rec_d1be6500b1fb6ab0c0d6e9d25eefb6fa4b04b950","2020_09_25_19_42_42.mp3","\\SyNAS\Records\Audio\2020-Unsorted","39288998","37.47 MB","2020-09-25T19:42:42+00:00","2020-09-25T18:23:38+00:00"
"rec_c25e1972bedd27cbdff8ab6285250f40e8d8c662","2021_04_11_11_15_32.mp3","\\SyNAS\Records\Audio\Time_Sort\2021","2229393","2.13 MB","2021-04-11T11:15:32+00:00","2021-04-11T09:17:52+00:00"
"rec_8b5fc4c4cca3a5588c42908ede64d2ca24df0d8e","2024-09-22_18h45m26_Voix 024 alois dimanche détente harcèlement.m4a","\\SyNAS\Records\2024-notag","109328078","104.26 MB","2024-09-22T18:45:00+00:00","2024-09-22T16:45:26+00:00"
"rec_5bd4d620577617ff00bfc68821cad85f0a37fd01","2020_12_28_14_30_26 rien a manger.mp3","\\SyNAS\Records\2020","11405687","10.88 MB","2020-12-28T14:30:26+00:00","2020-12-28T13:42:19+00:00"
"rec_d8058f3757281db5fe51a418a11409c04df1d988","2022-11-09_21h54m43_Voix 097 caresses dans le dos.m4a","\\SyNAS\Records\2022-July-Dec","2222835","2.12 MB","2022-11-09T21:54:00+00:00","2022-11-09T20:54:43+00:00"
"rec_21aef429e621ec302422cf3222b3bb1fa75ac706","2020_09_21_14_57_59 first lecon on monday.mp3","\\SyNAS\Records\Audio\2020-Unsorted","97743097","93.22 MB","2020-09-21T14:57:59+00:00","2020-09-21T14:39:48+00:00"
"rec_a039a7d6958e64814561c6e03648f1403e3be72d","2020_12_28_15_48_27.mp3","\\SyNAS\Records\Audio\Time_Sort\2020","25964041","24.76 MB","2020-12-28T15:48:27+00:00","2020-12-28T15:15:30+00:00"
"rec_ddad54e209d1153ff2d6be21d796c0f5748c2747","Audio recording 2020-10-14 08-10-06.aac","\\SyNAS\Records\2020","5290868","5.05 MB","2020-10-14T00:00:00+00:00","2020-10-14T06:12:52+00:00"
"rec_eb3f39fc8452aff757df7fc139d9a944bd03d439","2020_09_04_11_51_19 midi comme un autre.mp3","\\SyNAS\Records\2020","30382706","28.98 MB","2020-09-04T11:51:19+00:00","2020-09-04T10:22:58+00:00"
"rec_8702710773588fb6d38d7dd9d387683f7a2f6735","2021_05_25_22_12_51 prophete Henoc.mp3","\\SyNAS\Records\2021","5257925","5.01 MB","2021-05-25T22:12:51+00:00","2021-05-25T20:18:20+00:00"
"rec_467cb9ac8e50022a0fe6c1d50efb12b05466b07e","2021_03_19_21_19_04 ta gueule.mp3","\\SyNAS\Records\2021","153808","150.20 KB","2021-03-19T21:19:04+00:00","2021-03-19T20:19:14+00:00"
"rec_5ddd5a75614a50564990153759e73f31742cc9eb","2020-05-16 21-51-33.wav","\\SyNAS\Records\WebStorage\2020","259226900","247.22 MB","2020-05-16T00:00:00+00:00","2020-07-06T21:31:35+00:00"
"rec_31253eb4af82e3d51e4daaabadaae581cfcc0963","Audio recording 2020-07-13 11-52-25.wav","\\SyNAS\Records\Audio\Time_Sort\2020","359954816","343.28 MB","2020-07-13T00:00:00+00:00","2020-07-13T11:09:20+00:00"
"rec_855c9efd0276f5a9bbb175c7c3ecb629c847c803","2023-02-07_14h15m19_Voix 129 dd concert private.m4a","\\SyNAS\Records\2023","48935180","46.67 MB","2023-02-07T14:15:00+00:00","2023-02-07T13:15:19+00:00"
"rec_f72187ed6503245d3c52464be80f077b8f42c2bf","Audio recording 2020-08-21 12-13-32.wav","\\SyNAS\Records\2020","270654092","258.12 MB","2020-08-21T00:00:00+00:00","2020-08-21T10:39:07+00:00"
"rec_4030a2abb00e1057c95df6a3db11ebd7246dfc39","2021_03_25_18_13_16 folie lui prend.mp3","\\SyNAS\Records\2021","71067688","67.78 MB","2021-03-25T18:13:16+00:00","2021-03-25T18:27:18+00:00"
"rec_70afc4aae8d0fe2f58994bfdc528667eb5cc94b4","2023-05-02_18h05m53_Voix 153 violoncelle.m4a","\\SyNAS\Records\2023","16661864","15.89 MB","2023-05-02T18:05:00+00:00","2023-05-02T16:05:53+00:00"
"rec_c43703510b7632af7b61961a31be2e73f0e1d938","Audio recording 2020-11-28 19-36-13.aac","\\SyNAS\Records\Audio\Time_Sort\2020","123313175","117.60 MB","2020-11-28T00:00:00+00:00","2020-11-28T19:39:50+00:00"
"rec_0dab448f967f13422b85a562a22afc71fb95c74e","20220606_193540 pseudo anniversarie Alois.m4a","\\SyNAS\Records\2022-Jan-July","162753618","155.21 MB","","2022-06-06T20:00:44+00:00"
"rec_8d7f093123f15687a27ac85b9e040b8c8071a32b","Audio recording 2020-10-20 18-02-15 tension après travail.aac","\\SyNAS\Records\2020","2789441","2.66 MB","2020-10-20T00:00:00+00:00","2020-10-20T16:03:42+00:00"
"rec_739e268830b57ffbde11c2e2f848b3c6b9edd974","2020_10_15_18_29_59 rien a foutre de toi.mp3","\\SyNAS\Records\Audio\2020-Unsorted","4531094","4.32 MB","2020-10-15T18:29:59+00:00","2020-10-15T16:34:42+00:00"
"rec_54c1db7c8edf3e44ed1d41fd0ffa840239517955","2021_02_10_19_44_16.mp3","\\SyNAS\Records\2021","6968214","6.65 MB","2021-02-10T19:44:16+00:00","2021-02-10T18:51:32+00:00"
"rec_0803a23c52c8dea38fdc4b740f9d8277a695150d","2024-07-18_17h09m57_Voix 013 KEBS entretien parents.m4a","\\SyNAS\Records\2024-notag","88662735","84.56 MB","2024-07-18T17:09:00+00:00","2024-07-18T15:09:57+00:00"
"rec_1088cb991eea84093ba4134b1e2e08908f1a238a","2021_01_18_15_52_27 february.mp3","\\SyNAS\Records\2021","1156910","1.10 MB","2021-01-18T15:52:27+00:00","2021-01-18T14:53:40+00:00"
"rec_d105ce0f7da56359de17c41e9455d7945403ef34","2020_09_01_16_14_31 maths.mp3","\\SyNAS\Records\2020","153796857","146.67 MB","2020-09-01T16:14:31+00:00","2020-09-01T16:54:44+00:00"
"rec_7634601eb04f65538ee6d08df10371135aa8abbc","2021_06_08_20_03_29.mp3","\\SyNAS\Records\2021","129119711","123.14 MB","2021-06-08T20:03:29+00:00","2021-06-08T20:17:59+00:00"
"rec_986f45f1b520b73001e6128bd54cac631716ba5a","2021_02_20_14_57_01.mp3","\\SyNAS\Records\Audio\Time_Sort\2021","6435734","6.14 MB","2021-02-20T14:57:01+00:00","2021-02-20T14:03:43+00:00"
"rec_13746991a4e41f334ed6595bb2a5cdbfa30f9496","20220720_142707.m4a","\\SyNAS\Records\2022-Jan-July","96997993","92.50 MB","","2022-07-20T13:53:34+00:00"
"rec_232c1dc3403688ccc966aa8a24aea427e33021f0","Audio recording 2020-11-23 20-54-32.aac","\\SyNAS\Records\2020","28919551","27.58 MB","2020-11-23T00:00:00+00:00","2020-11-23T20:09:28+00:00"
"rec_7e08b5fdfb9c6b1c8b518dff0ca57d07f4dbb16a","2019-10-05_14h41m20_AloisChante.wav","\\SyNAS\Records\2019","985699","962.60 KB","2019-10-05T14:41:00+00:00","2019-10-05T12:41:20+00:00"
"rec_f0cce42ab3049043044c59e32404ea0ca383a39d","2023-07-23_20h20m00_Voix 006 dd need to relax.m4a","\\SyNAS\Records\2023","139048966","132.61 MB","2023-07-23T20:20:00+00:00","2023-07-23T18:20:00+00:00"
"rec_8eed3b8c922c302efcb0278ebb70ea49858f596f","20220610_130513.m4a","\\SyNAS\Records\2022-Jan-July","63438105","60.50 MB","","2022-06-10T12:01:46+00:00"
"rec_d0fd95cf98ba1caa1cf97805609ff318fc043e6a","2022_05_20_20_57_53.mp3","\\SyNAS\Records\2022-Jan-July","17945076","17.11 MB","2022-05-20T20:57:53+00:00","2022-05-20T19:16:35+00:00"
"rec_270e4964e9e19cac10cd14413316f3b7804b3b50","2021_04_17_14_22_01.mp3","\\SyNAS\Records\2021","63066671","60.15 MB","2021-04-17T14:22:01+00:00","2021-04-17T13:33:17+00:00"
"rec_9745a0b5680c1bec052d1d89679b9f27fa126882","2021_05_27_15_33_42.mp3","\\SyNAS\Records\2021","2276204","2.17 MB","2021-05-27T15:33:42+00:00","2021-05-27T13:36:04+00:00"
"rec_423fe9851246901b3b54d061efb624a5b40ee2bc","2021_10_07_22_32_54.mp3","\\SyNAS\Records\2021","15865766","15.13 MB","2021-10-07T22:32:54+00:00","2021-10-07T20:56:36+00:00"
"rec_a079d5b67523f182646e5404baf2742fc274e385","2020_12_19_22_54_58.mp3","\\SyNAS\Records\WebStorage\2020","75770565","72.26 MB","2020-12-19T22:54:58+00:00","2020-12-19T23:13:54+00:00"
"rec_f920c8efffd819c0701289e8b9ca9d02b049968d","2023-07-25_14h03m30_Voix 006 kta vacations.m4a","\\SyNAS\Records\2023","18773187","17.90 MB","2023-07-25T14:03:00+00:00","2023-07-25T12:03:30+00:00"
"rec_86db13514bdcea253e03710999d1513bd98d9dac","2021_02_02_16_49_31.mp3","\\SyNAS\Records\2021","14511123","13.84 MB","2021-02-02T16:49:31+00:00","2021-02-02T16:04:38+00:00"
"rec_f4dec15d945b766469e6c66e2eef281708328021","2021_01_21_20_43_13.mp3","\\SyNAS\Records\2021","37039959","35.32 MB","2021-01-21T20:43:13+00:00","2021-01-21T20:21:48+00:00"
"rec_f8cebf7744cb3a8ae6362da3f9de62430339f521","Audio recording 2020-11-23 19-50-33.aac","\\SyNAS\Records\Audio\Time_Sort\2020","39810638","37.97 MB","2020-11-23T00:00:00+00:00","2020-11-23T19:11:06+00:00"
"rec_ca5b85c248d1a34e2287f11647ec1c9069d31ad4","2021_09_12_16_27_21.mp3","\\SyNAS\Records\2021","3376273","3.22 MB","2021-09-12T16:27:21+00:00","2021-09-12T14:30:54+00:00"
"rec_930f1189bc6464f2ba4697094fc96b6420338ffc","2021_07_01_16_46_57.mp3","\\SyNAS\Records\2021","7995140","7.62 MB","2021-07-01T16:46:57+00:00","2021-07-01T14:55:17+00:00"
"rec_5d0b5d723b5fe916a1e1c71d6673cacb60de69d2","2021_03_06_21_46_51.mp3","\\SyNAS\Records\2021","11002356","10.49 MB","2021-03-06T21:46:51+00:00","2021-03-06T20:58:19+00:00"
"rec_7a3e5f8589a60544274ce4de8fd98fab0d432040","2021_04_14_12_45_31.mp3","\\SyNAS\Records\Audio\Time_Sort\2021","2969181","2.83 MB","2021-04-14T12:45:31+00:00","2021-04-14T10:48:37+00:00"
"rec_8c4a52f22b46750ed617020cef30e770388fc3c7","2021_04_01_21_33_30.mp3","\\SyNAS\Records\2021","130402","127.35 KB","2021-04-01T21:33:30+00:00","2021-04-01T19:33:38+00:00"
"rec_3d788cf29eb48131d34f8405503ba7c2af055b7f","rec_20190818-2309.wav","\\SyNAS\Records\Audio\Time_Sort\2019","7549964","7.20 MB","","2019-08-18T22:09:52+00:00"
"rec_92fe115abf939dc6b5dfee3a84fea9a67bfa25cf","2020_08_07_08_50_14 1000.mp3","\\SyNAS\Records\Audio\Time_Sort\2020","62871927","59.96 MB","2020-08-07T08:50:14+00:00","2020-08-07T07:55:45+00:00"
"rec_f117ade876dfd8fb40fca37328fa58413ba1cb8f","2021_06_23_08_17_33 tu le mets internet tout de suite.mp3","\\SyNAS\Records\2021","95293","93.06 KB","2021-06-23T08:17:33+00:00","2021-06-23T06:17:39+00:00"
"rec_aa308c09f3ab39688e059d89ed72b7eb5e628124","2021_01_23_15_30_16.mp3","\\SyNAS\Records\2021","4616776","4.40 MB","2021-01-23T15:30:16+00:00","2021-01-23T14:35:05+00:00"
"rec_28551d8e0a8b1bbfa41e28c47470b435509b82d8","2021_06_15_07_07_01 reveil musclé diabète miel.mp3","\\SyNAS\Records\2021","88521645","84.42 MB","2021-06-15T07:07:01+00:00","2021-06-15T06:39:14+00:00"
"rec_3ddaa887cdf70c8eb91c69891ce5230d96875450","2021_07_05_13_36_56.mp3","\\SyNAS\Records\2021","176512521","168.34 MB","2021-07-05T13:36:56+00:00","2021-07-05T14:40:53+00:00"
"rec_62b9001a82a1fd5ff73abc581aaba814e4f93361","2021_04_13_21_13_56.mp3","\\SyNAS\Records\2021","17599424","16.78 MB","2021-04-13T21:13:56+00:00","2021-04-13T19:32:17+00:00"
"rec_a649da2ae8a0813a374ab9187a1500f4e3274ea8","2020_12_20_07_53_22 douche.mp3","\\SyNAS\Records\Audio\Time_Sort\2020","18762604","17.89 MB","2020-12-20T07:53:22+00:00","2020-12-20T07:12:55+00:00"
"rec_09578c87654f080f1fa897b770d1063d4841f2be","2021_02_09_15_17_31 je suis au dessus de toi.mp3","\\SyNAS\Records\Audio\Time_Sort\2021","75231816","71.75 MB","2021-02-09T15:17:31+00:00","2021-02-09T15:35:54+00:00"
"rec_3136f5d8de1c6265e149f9249f9843f80094c250","2021_05_26_21_06_58 deluge.mp3","\\SyNAS\Records\2021","23264443","22.19 MB","2021-05-26T21:06:58+00:00","2021-05-26T19:31:12+00:00"
"rec_363d06278a52eff3c5f80afe131463552c0562b2","Audio recording 2020-09-23 21-02-18.aac","\\SyNAS\Records\2020","35293872","33.66 MB","2020-09-23T00:00:00+00:00","2020-09-23T19:20:31+00:00"
"rec_5f843918111d2a62efe9a4caaee97f0c732f7522","2021_05_07_19_41_02 oiseau.mp3","\\SyNAS\Records\2021","52834219","50.39 MB","2021-05-07T19:41:02+00:00","2021-05-07T18:36:02+00:00"
"rec_be34f1e86402ee6f2fcef3d2f3229d4db763f768","2020_08_12_17_58_34.mp3","\\SyNAS\Records\2020","164018895","156.42 MB","2020-08-12T17:58:34+00:00","2020-08-12T18:49:25+00:00"
"rec_d66f4079b028e043c3fb1d2ea0738f4f84024835","2021_04_04_21_55_15 poulpe histoire.mp3","\\SyNAS\Records\2021","33812061","32.25 MB","2021-04-04T21:55:15+00:00","2021-04-04T20:30:28+00:00"
"rec_ee84c9a703357a9957367c9f29e5243e0d0d8f75","Audio recording 2020-07-05 01-57-07.wav","\\SyNAS\Records\2020","35488196","33.84 MB","2020-07-05T00:00:00+00:00","2020-07-05T00:00:28+00:00"
"rec_8d9f2b01585cedf0ac6f1e3c86b215ce694aaa5b","2021_02_27_21_10_32.mp3","\\SyNAS\Records\2021","54337200","51.82 MB","2021-02-27T21:10:32+00:00","2021-02-27T21:07:08+00:00"
"rec_df5c5f126aed1907f841feba24c58892544b31b8","2020_12_26_15_28_38 cest les vacances.mp3","\\SyNAS\Records\Audio\Time_Sort\2020","761520","743.67 KB","2020-12-26T15:28:38+00:00","2020-12-26T14:29:26+00:00"
"rec_a83a8ac54c6da43a5acc1ec28a607b723bdcde86","2021_03_19_12_29_59 lunch with Kat.mp3","\\SyNAS\Records\2021","37904299","36.15 MB","2021-03-19T12:29:59+00:00","2021-03-19T12:09:28+00:00"
"rec_1df8fd60bf5aaf31e0db56667671c95a6a5fd28f","2021_07_04_14_39_17.mp3","\\SyNAS\Records\2021","898193","877.14 KB","2021-07-04T14:39:17+00:00","2021-07-04T12:40:13+00:00"
"rec_008286bf2c47768ebf4fefe8f883cb07b2ad6851","2020_12_27_13_52_25.mp3","\\SyNAS\Records\Audio\Time_Sort\2020","1145625","1.09 MB","2020-12-27T13:52:25+00:00","2020-12-27T12:53:37+00:00"
"rec_d416decf6088617ef0efac22964cb9ae97d7b3be","Audio recording 2020-12-01 22-18-36.aac","\\SyNAS\Records\2020","341626327","325.80 MB","2020-12-01T00:00:00+00:00","2020-12-02T00:14:52+00:00"
"rec_2bc7947859d2aafb106dd46a1e18eaa377eca755","2021_05_24_21_21_51 bien et mal.mp3","\\SyNAS\Records\2021","61894320","59.03 MB","2021-05-24T21:21:51+00:00","2021-05-24T20:26:20+00:00"
"rec_8613aac33c50954d6c019ec93c0392b0e5bc6469","Audio recording 2020-09-10 21-14-02.aac","\\SyNAS\Records\Audio\Time_Sort\2020","72418558","69.06 MB","2020-09-10T00:00:00+00:00","2020-09-10T19:51:25+00:00"
"rec_04049c240dbc63955a6c543295953d04762caa87","2022-07-17_14h24m00_Voix 043 chien.m4a","\\SyNAS\Records\2022-July-Dec","1644360","1.57 MB","2022-07-17T14:24:00+00:00","2022-07-17T12:24:00+00:00"
"rec_c1e2095f3331d9305bc96fc05628e63d28af7c39","2020-03-18_17h39m51_Recording (9) Dinda conversation.m4a","\\SyNAS\Records\WebStorage\DD","16690196","15.92 MB","2020-03-18T17:39:00+00:00","2020-04-05T23:24:00+00:00"
"rec_06eaf16f2d93fbc53fc3f34b9e1c9187583984a0","2022-06-14_20h00m14_Voix 005 zkb.m4a","\\SyNAS\Records\2022-July-Dec","37110046","35.39 MB","2022-06-14T20:00:00+00:00","2022-06-14T18:00:14+00:00"
"rec_a635fb2322e0d6cea0e3fb41d87df99665894097","2021_04_03_18_28_55 KElis phone.mp3","\\SyNAS\Records\2021","49962003","47.65 MB","2021-04-03T18:28:55+00:00","2021-04-03T17:20:57+00:00"
"rec_74249c6fbaec1a92e4ddd292f8c7ff6641d22d52","2021_03_20_21_37_29 histoire.mp3","\\SyNAS\Records\Audio\Time_Sort\2021","24272978","23.15 MB","2021-03-20T21:37:29+00:00","2021-03-20T21:02:46+00:00"
"rec_84775c6504b104f87f90034d17e59e7729f2e824","2020_12_31_12_34_04.mp3","\\SyNAS\Records\2020","6983261","6.66 MB","2020-12-31T12:34:04+00:00","2020-12-31T11:41:21+00:00"
"rec_72686ee9ea87300aa486953832d7f10941c7440c","2021_02_19_22_38_27 alois explication.mp3","\\SyNAS\Records\2021","44840332","42.76 MB","2021-02-19T22:38:27+00:00","2021-02-19T22:25:07+00:00"
"rec_e5d6b21726a1c647389e20b3750fa8287d3b2861","2021_04_01_08_03_42.mp3","\\SyNAS\Records\Audio\Time_Sort\2021","12537","12.24 KB","2021-04-01T08:03:42+00:00","2021-04-01T06:03:43+00:00"
"rec_11e72bb6b2275ea4952bda3ccd4923a6b937ed75","2021_06_03_23_41_53 summer crickets.mp3","\\SyNAS\Records\2021","220681","215.51 KB","2021-06-03T23:41:53+00:00","2021-06-03T21:42:07+00:00"
"rec_26e8b3da584733495f510fc170d6c17f8a3358b3","2023-12-05_16h10m49_Voix 016 cat and Aloïs.m4a","\\SyNAS\Records\2023","7751786","7.39 MB","2023-12-05T16:10:00+00:00","2023-12-05T15:10:49+00:00"
"rec_e69f2f8f4ffac173632532a6e404fd2f9382ec9b","2020-03-19_17h46m52_Recording (8) Dinda Her Boyfriend.m4a","\\SyNAS\Records\WebStorage\DD","59901798","57.13 MB","2020-03-19T17:46:00+00:00","2020-04-05T23:24:03+00:00"
"rec_5636ced45aeb76c8ba0fd5d42d55d5c9b8947532","2020_11_04_21_07_37.mp3","\\SyNAS\Records\Audio\2020-Unsorted","36744462","35.04 MB","2020-11-04T21:07:37+00:00","2020-11-04T20:45:54+00:00"
"rec_8fea6be4b96ad804ccbb15c55ec147c75bf350a4","2020_08_24_17_28_21 comfession daniel.mp3","\\SyNAS\Records\2020","247869021","236.39 MB","2020-08-24T17:28:21+00:00","2020-08-24T19:46:34+00:00"
"rec_9885d293be21d90d93997539728039bcbd7f5676","2020-05-16_13h20m12_Voix 033_sd.m4a","\\SyNAS\Records\2020","1067646","1.02 MB","2020-05-16T13:20:00+00:00","2020-05-16T11:20:12+00:00"
"rec_66b8fa000ed03bba1af3d62066ef50bcf4bec0a2","2021_03_20_13_11_14 KT repas.mp3","\\SyNAS\Records\2021","57864358","55.18 MB","2021-03-20T13:11:14+00:00","2021-03-20T13:11:31+00:00"
"rec_9b1f56439ebff34acd59936ccde83674220d9293","2021_04_16_07_04_54.mp3","\\SyNAS\Records\2021","12009220","11.45 MB","2021-04-16T07:04:54+00:00","2021-04-16T05:17:24+00:00"
"rec_ca16093b6334ae9f6bbe6e2d8b9619accccce44f","2020_08_06_22_29_38.mp3","\\SyNAS\Records\2020","490376882","467.66 MB","2020-08-06T22:29:38+00:00","2020-08-07T05:00:27+00:00"
"rec_3c5a2a9ad377d3fdc120a2eda3e48c1aca3a504c","2023-06-24_10h30m22_Voix 158 Dd crisis  Aloïs coming.m4a","\\SyNAS\Records\2023","41318670","39.40 MB","2023-06-24T10:30:00+00:00","2023-06-24T08:30:22+00:00"
"rec_014e937e016cf53542dd605ed8cc6fc98d110a8f","G3 Flex 10-24-2022, 12.31.53 - 10-24-2022, 12.32.27.mp4","\\SyNAS\Records\Rec\G3-Flex-Eschenstrasse","26248660","25.03 MB","","2022-10-25T05:42:13+00:00"
"rec_adba891d7155b5cafa82f5bf120d84aeb50b2ef5","G3 Flex 10-3-2023, 08.09.09 - 10-3-2023, 08.09.28.mp4","\\SyNAS\Records\Video\Basic","14983186","14.29 MB","","2023-10-17T17:56:47+00:00"
"rec_74c1f86c3861197d65c96cd5ceffa5b271680ee4","G3 Flex 8-14-2023, 00.21.47 - 8-14-2023, 00.22.00_1.mp4","\\SyNAS\Records\#recycle\Video\DD","9920325","9.46 MB","","2023-08-14T10:48:43+00:00"
"rec_5d0ad2dc95b3596f722d7050703b6dcf33b0ed0b","G3 Flex 8-14-2023, 00.14.21 - 8-14-2023, 00.14.32_1.mp4","\\SyNAS\Records\#recycle\Video\DD","8264572","7.88 MB","","2023-08-14T10:48:34+00:00"
"rec_760fa6329855f855d9d9f3fa5c7a49a10ab94dc7","G3 Flex 10-24-2022, 12.10.39 - 10-24-2022, 12.10.45.mp4","\\SyNAS\Records\Video\Catajou","4952728","4.72 MB","","2022-10-25T05:42:06+00:00"
"rec_14f391c846bc14f39788fb350d7cf6c8ea7d6889","G3 Flex 10-24-2022, 12.17.01 - 10-24-2022, 12.17.49.mp4","\\SyNAS\Records\Video\Catajou","36674589","34.98 MB","","2022-10-25T05:42:09+00:00"
"rec_974d5912df530287562bcc1c4d7914dfb1be832b","G3 Flex 10-24-2022, 12.55.40 - 10-24-2022, 12.56.13.mp4","\\SyNAS\Records\Rec\G3-Flex-Eschenstrasse","25452571","24.27 MB","","2022-10-25T05:42:19+00:00"
"rec_8174e38edb50252379f946240820a613e3f9b170","G3 Flex 10-24-2022, 12.15.59 - 10-24-2022, 12.16.55.mp4","\\SyNAS\Records\Video\Catajou","42450799","40.48 MB","","2022-10-25T05:42:06+00:00"
"rec_b18f527880be39b2c095a7c9c7e062e46a6e70fc","G3 Flex 10-24-2022, 12.25.53 - 10-24-2022, 12.26.03.mp4","\\SyNAS\Records\Video\Catajou","7558947","7.21 MB","","2022-10-25T05:42:12+00:00"
"rec_820f898506750f2e926c8c7e1c99e262836f27ed","G3 Flex 8-14-2023, 00.26.17 - 8-14-2023, 00.26.30_1.mp4","\\SyNAS\Records\#recycle\Video\DD","10632798","10.14 MB","","2023-08-14T10:49:09+00:00"
"rec_687cb8749c3abe83c449641d545fe4104b202f86","20241225_151943.mp4","\\SyNAS\Records\Video\S21\Heavymovie","169877345","162.01 MB","","2025-04-05T21:01:55+00:00"
"rec_099a937943ca187bf91c767df16a34eaa200a149","G3 Flex 8-14-2023, 00.42.31 - 8-14-2023, 00.42.36_1.mp4","\\SyNAS\Records\#recycle\Video\DD","4353627","4.15 MB","","2023-08-14T10:48:23+00:00"
"rec_7967a96a4167014e1a19d9e875bff2fac6ca28b0","20241022_104439.mp4","\\SyNAS\Records\Video\S21\Heavymovie","158464301","151.12 MB","","2025-04-05T21:03:36+00:00"
"rec_1df210eea7b729f6468bea7d517acf455e23579f","G3 Flex 10-2-2023, 10.58.54 - 10-2-2023, 11.00.51.mp4","\\SyNAS\Records\Video\Basic","89205295","85.07 MB","","2023-10-17T18:03:55+00:00"
"rec_9d18ebe2428b05f4e5085966ee8c5e21635426fa","G3 Flex 8-14-2023, 00.54.39 - 8-14-2023, 00.55.01_1.mp4","\\SyNAS\Records\#recycle\Video\DD","13806494","13.17 MB","","2023-08-14T10:49:35+00:00"
"rec_5ac18c98a56431213b1bfb5e4aaf8af969934fcd","G3 Flex 10-24-2022, 12.35.06 - 10-24-2022, 12.35.29.mp4","\\SyNAS\Records\Rec\G3-Flex-Eschenstrasse","17218163","16.42 MB","","2022-10-25T05:42:07+00:00"
"rec_82437da0889dae5f16f1f04b13f8db12e59fc938","G3 Flex 10-24-2022, 12.10.39 - 10-24-2022, 12.10.45.mp4","\\SyNAS\Records\Rec\G3-Flex-Eschenstrasse","4952728","4.72 MB","","2022-10-25T05:42:06+00:00"
"rec_efaaf6cd6ad99b780e0d271f510e891082764c32","G3 Flex 8-14-2023, 00.31.37 - 8-14-2023, 00.31.46_1.mp4","\\SyNAS\Records\#recycle\Video\DD","6645316","6.34 MB","","2023-08-14T10:48:37+00:00"
"rec_c3fb18092f37776c597cfafc3cba37e1d19d8af0","G3 Flex 8-14-2023, 00.20.17 - 8-14-2023, 00.20.26_1.mp4","\\SyNAS\Records\#recycle\Video\DD","5371674","5.12 MB","","2023-08-14T10:48:26+00:00"
"rec_d51245d2ecd6dc62bf4d2f8eaf9070643b62c97f","G3 Flex 9-30-2023, 20.34.06 - 9-30-2023, 20.34.15.mp4","\\SyNAS\Records\Video\Basic","6715343","6.40 MB","","2023-10-17T18:12:58+00:00"
"rec_6e8ca824e5db910684c281c9be387619a7329bff","G3 Flex 8-25-2023, 18.40.00 - 8-25-2023, 18.40.09.mp4","\\SyNAS\Records\Video\DD","6676940","6.37 MB","","2023-09-14T21:59:35+00:00"
"rec_fad84a03432b2d6293388ffe2da97401fa638415","G3 Flex 8-14-2023, 01.02.11 - 8-14-2023, 01.04.15_1.mp4","\\SyNAS\Records\#recycle\Video\DD","91315422","87.09 MB","","2023-08-14T10:50:15+00:00"
"rec_cf115a0e9d53b023a062707f8aa7eff3937355d6","G3 Flex 10-1-2023, 22.38.07 - 10-1-2023, 22.38.25.mp4","\\SyNAS\Records\Video\Basic","14065517","13.41 MB","","2023-10-17T18:06:40+00:00"
"rec_60a979bbb29d717c45f294b5f081002a4a8ccc0a","G3 Flex 8-14-2023, 00.36.56 - 8-14-2023, 00.37.13_1.mp4","\\SyNAS\Records\#recycle\Video\DD","11612471","11.07 MB","","2023-08-14T10:49:23+00:00"
"rec_ced2fdc0f8d5e37a863346ef2340eb6c731175f8","G3 Flex 8-14-2023, 00.20.38 - 8-14-2023, 00.20.53_1.mp4","\\SyNAS\Records\#recycle\Video\DD","9885783","9.43 MB","","2023-08-14T10:48:58+00:00"
"rec_0f8318dacf20250d17b81e16112dd70fbaed1f4d","20240727_143556.mp4","\\SyNAS\Records\Video\S21\Heavymovie","172192338","164.22 MB","","2025-04-05T21:00:44+00:00"
"rec_0df10bbfb915c81df4d6612896d76c2ef7ca9375","G3 Flex 8-14-2023, 00.17.00 - 8-14-2023, 00.17.14_1.mp4","\\SyNAS\Records\#recycle\Video\DD","11106321","10.59 MB","","2023-08-14T10:49:01+00:00"
"rec_9a8ede3d343da4d7e3912508c39b3ee7e52aef98","G3 Flex 9-30-2023, 20.36.33 - 9-30-2023, 20.36.48.mp4","\\SyNAS\Records\Video\Basic","12031722","11.47 MB","","2023-10-17T18:13:09+00:00"
"rec_900268960ee597bb5102692a58b68c8fd2d9f76b","20241206_215824.mp4","\\SyNAS\Records\Video\S21\Heavymovie","165850067","158.17 MB","","2025-04-05T21:03:02+00:00"
"rec_f25d29788d49d613e850a59109b50a6b1ecab043","G3 Flex 10-2-2023, 09.29.23 - 10-2-2023, 09.29.43.mp4","\\SyNAS\Records\Video\Basic","15480715","14.76 MB","","2023-10-17T18:03:13+00:00"
"rec_4e5cc34960576719c91a9e91d1de818234c1c3da","G3 Flex 10-24-2022, 12.43.14 - 10-24-2022, 12.43.37.mp4","\\SyNAS\Records\Rec\G3-Flex-Eschenstrasse","17321040","16.52 MB","","2022-10-25T05:42:12+00:00"
"rec_bc3f34325052f0f75eb7f18f9ab629dec0cd5787","G3 Flex 10-24-2022, 12.15.59 - 10-24-2022, 12.16.55.mp4","\\SyNAS\Records\Rec\G3-Flex-Eschenstrasse","42450799","40.48 MB","","2022-10-25T05:42:06+00:00"
"rec_7e68830e93018162565e99b85f29c52285eb49cf","G3 Flex 10-24-2022, 12.42.30 - 10-24-2022, 12.42.39.mp4","\\SyNAS\Records\Video\Catajou","7116345","6.79 MB","","2022-10-25T05:42:12+00:00"
"rec_d0aa693476acc7adbb8552d80004c6fdbd92f499","G3 Flex 10-24-2022, 12.30.58 - 10-24-2022, 12.31.16.mp4","\\SyNAS\Records\Video\Catajou","13355347","12.74 MB","","2022-10-25T05:42:12+00:00"
"rec_477c114da229ab301032f1da783351a344326b9b","G3 Flex 10-1-2023, 22.39.56 - 10-1-2023, 22.40.04.mp4","\\SyNAS\Records\Video\Basic","5838237","5.57 MB","","2023-10-17T18:06:28+00:00"
"rec_d2e32c2dfa31adfe57487eefc6f159d884d9a6b2","G3 Flex 8-14-2023, 00.43.20 - 8-14-2023, 00.43.37_1.mp4","\\SyNAS\Records\#recycle\Video\DD","13245607","12.63 MB","","2023-08-14T10:49:38+00:00"
"rec_fc8b73434294336a54623806cfda6d2e6d08075e","G3 Flex 9-30-2023, 20.35.33 - 9-30-2023, 20.35.44.mp4","\\SyNAS\Records\Video\Basic","8897075","8.48 MB","","2023-10-17T18:13:04+00:00"
"rec_ec282ef07846c5d13fb939a9624346ed43e64afe","G3 Flex 10-24-2022, 12.41.47 - 10-24-2022, 12.42.11.mp4","\\SyNAS\Records\Video\Catajou","17762791","16.94 MB","","2022-10-25T05:42:10+00:00"
"rec_88bca3707be8361b5b8eec6b21d7c4fa4e17f79d","G3 Flex 8-14-2023, 00.12.19 - 8-14-2023, 00.13.39_1.mp4","\\SyNAS\Records\#recycle\Video\DD","61359282","58.52 MB","","2023-08-14T10:50:13+00:00"
"rec_ab404aa593464e59264a1e2d6a219d836fcd5df8","G3 Flex 8-14-2023, 00.48.24 - 8-14-2023, 00.48.34_1.mp4","\\SyNAS\Records\#recycle\Video\DD","6707185","6.40 MB","","2023-08-14T10:48:52+00:00"
"rec_b39e756fa15e076061f0e4ed6b43a0b36b7ebce6","G3 Flex 9-30-2023, 20.24.04 - 9-30-2023, 20.24.18.mp4","\\SyNAS\Records\Video\Basic","11495891","10.96 MB","","2023-10-17T18:12:59+00:00"
"rec_34eca61690d21447766b225115e7ae36b507e83e","G3 Flex 10-24-2022, 12.37.31 - 10-24-2022, 12.38.16.mp4","\\SyNAS\Records\Rec\G3-Flex-Eschenstrasse","33642554","32.08 MB","","2022-10-25T05:42:19+00:00"
"rec_23c349a7d5d928d57e0191eb036cd320b10acc50","G3 Flex 10-2-2023, 06.43.07 - 10-2-2023, 06.43.14.mp4","\\SyNAS\Records\Video\Basic","5366800","5.12 MB","","2023-10-17T18:02:59+00:00"
"rec_a1da988ad5660f1282a68a10a65bde9f7a2fdd3e","G3 Flex 10-1-2023, 22.40.18 - 10-1-2023, 22.40.34.mp4","\\SyNAS\Records\Video\Basic","12223448","11.66 MB","","2023-10-17T18:06:39+00:00"
"rec_c2827f30c46909dc85aaa83192a894a3abdfbfe4","G3 Flex 10-2-2023, 06.43.58 - 10-2-2023, 06.44.06.mp4","\\SyNAS\Records\Video\Basic","6581434","6.28 MB","","2023-10-17T18:03:00+00:00"
"rec_b5c1ee94d5c0e875e5f8e28eb0dae8fd9a136b47","G3 Flex 10-24-2022, 12.46.19 - 10-24-2022, 12.46.40.mp4","\\SyNAS\Records\Video\Catajou","15600380","14.88 MB","","2022-10-25T05:42:12+00:00"
"rec_36097f0f8778bd1e3df0855421e90292153d7af3","G3 Flex 10-24-2022, 12.34.34 - 10-24-2022, 12.34.50.mp4","\\SyNAS\Records\Rec\G3-Flex-Eschenstrasse","12698665","12.11 MB","","2022-10-25T05:42:07+00:00"
"rec_765db49a3a4e6b0870c5e1fd670392470874a3c8","G3 Flex 9-30-2023, 09.31.19 - 9-30-2023, 09.31.27.mp4","\\SyNAS\Records\Video\Basic","6509529","6.21 MB","","2023-10-17T18:15:05+00:00"
"rec_c681e27a0749f58954ce8eada4e37f8b49aec8c9","G3 Flex 10-24-2022, 12.11.05 - 10-24-2022, 12.11.44.mp4","\\SyNAS\Records\Rec\G3-Flex-Eschenstrasse","30171896","28.77 MB","","2022-10-25T05:42:15+00:00"
"rec_b926a04c6a581bb6cdf712388c821abce7f3fb66","G3 Flex 9-30-2023, 11.16.57 - 9-30-2023, 11.17.58.mp4","\\SyNAS\Records\Video\Basic","47048190","44.87 MB","","2023-10-17T18:13:33+00:00"
"rec_1924e5cf581a3c1c42ec0ea42210713deb36707b","G3 Flex 10-24-2022, 12.08.06 - 10-24-2022, 12.08.13.mp4","\\SyNAS\Records\Rec\G3-Flex-Eschenstrasse","5682655","5.42 MB","","2022-10-25T05:42:06+00:00"
"rec_9271c917a33136278fcfa315b1eb2e0f327f04b1","G3 Flex 8-14-2023, 00.35.34 - 8-14-2023, 00.36.13_1.mp4","\\SyNAS\Records\#recycle\Video\DD","28064497","26.76 MB","","2023-08-14T10:50:03+00:00"
"rec_c47c9769d70fdcfd9def08479aac2c2ac8d4cbbb","G3 Flex 10-1-2023, 22.41.10 - 10-1-2023, 22.41.18.mp4","\\SyNAS\Records\Video\Basic","5634728","5.37 MB","","2023-10-17T18:06:32+00:00"
"rec_525a1f7fea51a7ed4b0e6c4403696dd0b09135a9","G3 Flex 10-2-2023, 09.28.45 - 10-2-2023, 09.29.16.mp4","\\SyNAS\Records\Video\Basic","24030518","22.92 MB","","2023-10-17T18:03:07+00:00"
"rec_6e23d904f624f8b6d78ba5284fea677d35198e29","G3 Flex 8-14-2023, 00.15.36 - 8-14-2023, 00.15.44_1.mp4","\\SyNAS\Records\#recycle\Video\DD","6773874","6.46 MB","","2023-08-14T10:48:29+00:00"
"rec_dfbe5f061c2cb80b106745b65a00c5a664fe0fc7","G3 Flex 8-27-2023, 14.06.41 - 8-27-2023, 14.07.20.mp4","\\SyNAS\Records\Video\DD","30047052","28.66 MB","","2023-09-14T21:53:45+00:00"
"rec_2cec05ba8ccb47bb6b3d2565e4717cdead46fb83","G3 Flex 10-3-2023, 08.14.14 - 10-3-2023, 08.16.53.mp4","\\SyNAS\Records\Video\Basic","120973376","115.37 MB","","2023-10-17T17:57:10+00:00"
"rec_3d9fd9f4ea5610fa8e717a997791cc3bb29ef961","G3 Flex 10-24-2022, 12.55.40 - 10-24-2022, 12.56.13.mp4","\\SyNAS\Records\Video\Catajou","25452571","24.27 MB","","2022-10-25T05:42:19+00:00"
"rec_287ad160332e5a91a0816649ad3af8cec74e134d","G3 Flex 10-24-2022, 12.42.30 - 10-24-2022, 12.42.39.mp4","\\SyNAS\Records\Rec\G3-Flex-Eschenstrasse","7116345","6.79 MB","","2022-10-25T05:42:12+00:00"
"rec_e753e533d053fcfbd6d965003f11704322d73cf4","G3 Flex 8-14-2023, 00.11.33 - 8-14-2023, 00.11.53_1.mp4","\\SyNAS\Records\#recycle\Video\DD","15348658","14.64 MB","","2023-08-14T10:49:29+00:00"
"rec_1dd2590f1b013e110c25bea4bbeb45d8f837ede4","G3 Flex 8-14-2023, 00.09.32 - 8-14-2023, 00.09.39_1.mp4","\\SyNAS\Records\#recycle\Video\DD","6347839","6.05 MB","","2023-08-14T10:48:10+00:00"
"rec_f8ad06014a61b6c114ba59a54af3d9f4bac5ab6c","G3 Flex 10-24-2022, 12.45.07 - 10-24-2022, 12.45.38.mp4","\\SyNAS\Records\Rec\G3-Flex-Eschenstrasse","24487606","23.35 MB","","2022-10-25T05:42:14+00:00"
"rec_1dfe614624a51fd948658aa42a5b03ad65f2ff47","20240727_145009.mp4","\\SyNAS\Records\Video\S21\Heavymovie","127094704","121.21 MB","","2025-04-05T21:13:57+00:00"
"rec_719c23af1d8cfb824759d14534415da9054ab991","G3 Flex 9-30-2023, 20.25.38 - 9-30-2023, 20.26.03.mp4","\\SyNAS\Records\Video\Basic","18836691","17.96 MB","","2023-10-17T18:13:11+00:00"
"rec_9925af0e0924d51c94ea99aa827d2a8fa95d9a7a","G3 Flex 8-14-2023, 00.37.25 - 8-14-2023, 00.37.32_1.mp4","\\SyNAS\Records\#recycle\Video\DD","4225750","4.03 MB","","2023-08-14T10:48:16+00:00"
"rec_8c3d0e12ae0241662f4c8395ce8a5fa450c456b1","G3 Flex 10-24-2022, 12.30.58 - 10-24-2022, 12.31.16.mp4","\\SyNAS\Records\Rec\G3-Flex-Eschenstrasse","13355347","12.74 MB","","2022-10-25T05:42:12+00:00"
"rec_5b47ee50ab962f7e5e576213449db689b2da03c8","20241206_215146.mp4","\\SyNAS\Records\Video\S21\Heavymovie","170289916","162.40 MB","","2025-04-05T21:01:20+00:00"
"rec_976e7c3bce0ffe2384ffd835d8dc769fa8a8bd67","G3 Flex 10-2-2023, 20.51.59 - 10-2-2023, 20.52.24.mp4","\\SyNAS\Records\Video\Basic","19372609","18.48 MB","","2023-10-17T18:03:35+00:00"
"rec_62092d472b6a6dd4519c27c890b031ad76fcc21e","G3 Flex 8-14-2023, 08.36.55 - 8-14-2023, 08.37.06_1.mp4","\\SyNAS\Records\#recycle\Video\DD","7799897","7.44 MB","","2023-08-14T10:49:18+00:00"
"rec_f29b4fef56c67af4cacf2484cced4c561797c3cc","G3 Flex 9-30-2023, 20.22.38 - 9-30-2023, 20.23.11.mp4","\\SyNAS\Records\Video\Basic","25212344","24.04 MB","","2023-10-17T18:13:19+00:00"
"rec_f9756e24f2dc048702d4946a106a9600ce09aa70","G3 Flex 10-24-2022, 12.35.47 - 10-24-2022, 12.35.59.mp4","\\SyNAS\Records\Video\Catajou","8910153","8.50 MB","","2022-10-25T05:42:06+00:00"
"rec_0342c0d9b2451470d0a9d473dcda8351bf0491db","G3 Flex 10-24-2022, 12.25.25 - 10-24-2022, 12.25.40.mp4","\\SyNAS\Records\Video\Catajou","11160730","10.64 MB","","2022-10-25T05:42:13+00:00"
"rec_9e172423950c31c733268f2b76be02fa59ca5cda","G3 Flex 10-3-2023, 06.03.36 - 10-3-2023, 06.03.44.mp4","\\SyNAS\Records\Video\Basic","6512581","6.21 MB","","2023-10-17T18:03:23+00:00"
"rec_dccbaa9bbd7519a5b07b430b9ece26e39b638932","G3 Flex 10-24-2022, 12.35.06 - 10-24-2022, 12.35.29.mp4","\\SyNAS\Records\Video\Catajou","17218163","16.42 MB","","2022-10-25T05:42:07+00:00"
"rec_66ff0769d0bee5cddb9479ba6198cb130140f931","G3 Flex 10-2-2023, 09.30.07 - 10-2-2023, 09.31.12.mp4","\\SyNAS\Records\Video\Basic","49737487","47.43 MB","","2023-10-17T18:03:40+00:00"
"rec_ba2b1f8b92122e9842f8a8870bcfb650976c37db","G3 Flex 9-30-2023, 11.07.52 - 9-30-2023, 11.08.12.mp4","\\SyNAS\Records\Video\Basic","15438604","14.72 MB","","2023-10-17T18:12:56+00:00"
"rec_fce2a5e135c8218f4e378abccd248077325e3abe","G3 Flex 10-24-2022, 12.12.35 - 10-24-2022, 12.12.43.mp4","\\SyNAS\Records\Rec\G3-Flex-Eschenstrasse","6764925","6.45 MB","","2022-10-25T05:40:42+00:00"
"rec_413a9f73a46d6d4402d9158f067d7fa0b5cdbf3b","G3 Flex 10-24-2022, 12.15.01 - 10-24-2022, 12.15.39.mp4","\\SyNAS\Records\Rec\G3-Flex-Eschenstrasse","29154750","27.80 MB","","2022-10-25T05:42:15+00:00"
"rec_a289b5708ff7cafcd344daf04cce7cc73e08f73c","G3 Flex 8-14-2023, 01.00.12 - 8-14-2023, 01.00.20_1.mp4","\\SyNAS\Records\#recycle\Video\DD","5459256","5.21 MB","","2023-08-14T10:48:55+00:00"
"rec_7c2e801b461bb49d0272083acdc64c132baeb4ed","G3 Flex 10-24-2022, 12.18.55 - 10-24-2022, 12.20.15.mp4","\\SyNAS\Records\Rec\G3-Flex-Eschenstrasse","61345860","58.50 MB","","2022-10-25T05:42:18+00:00"
"rec_91868a6974ad836d432bb88d85a3d1e58d392842","G3 Flex 10-24-2022, 12.15.01 - 10-24-2022, 12.15.39.mp4","\\SyNAS\Records\Video\Catajou","29154750","27.80 MB","","2022-10-25T05:42:15+00:00"
"rec_aa1ef89c4e8f137faefb3c4fad204ee41285f346","G3 Flex 10-24-2022, 12.45.07 - 10-24-2022, 12.45.38.mp4","\\SyNAS\Records\Video\Catajou","24487606","23.35 MB","","2022-10-25T05:42:14+00:00"
"rec_cb504a12ead729e920735d2734f3074c3efb8f85","G3 Flex 10-24-2022, 12.12.10 - 10-24-2022, 12.12.31.mp4","\\SyNAS\Records\Video\Catajou","16629286","15.86 MB","","2022-10-25T05:42:06+00:00"
"rec_258008a6fd95df5dda775e837dbb0ff2a5d92e09","G3 Flex 10-24-2022, 12.36.14 - 10-24-2022, 12.37.18.mp4","\\SyNAS\Records\Rec\G3-Flex-Eschenstrasse","44632174","42.56 MB","","2022-10-25T05:42:21+00:00"
"rec_55fcf7ceb7d153be8732b2be1a68081c2ac5e560","G3 Flex 8-14-2023, 00.34.12 - 8-14-2023, 00.34.29_1.mp4","\\SyNAS\Records\#recycle\Video\DD","12736937","12.15 MB","","2023-08-14T10:49:32+00:00"
"rec_9501af292b7ea5ecbe32c7afa74404b40c4a12a4","G3 Flex 10-3-2023, 07.04.37 - 10-3-2023, 07.04.46.mp4","\\SyNAS\Records\Video\Basic","6969229","6.65 MB","","2023-10-17T18:03:28+00:00"
"rec_c8eab493b685651cdec17e5807156941437cc107","G3 Flex 8-14-2023, 00.36.18 - 8-14-2023, 00.36.46_1.mp4","\\SyNAS\Records\#recycle\Video\DD","18720772","17.85 MB","","2023-08-14T10:49:49+00:00"
"rec_9ffc3de8673bc8665a46df8f5db5818219899596","G3 Flex 10-24-2022, 12.35.47 - 10-24-2022, 12.35.59.mp4","\\SyNAS\Records\Rec\G3-Flex-Eschenstrasse","8910153","8.50 MB","","2022-10-25T05:42:06+00:00"
"rec_6c2a35eb3f6f180e7ee7b7fb707e74d65d9ba7b7","G3 Flex 10-2-2023, 20.50.44 - 10-2-2023, 20.51.50.mp4","\\SyNAS\Records\Video\Basic","50469282","48.13 MB","","2023-10-17T18:03:45+00:00"
"rec_b9fede0c2bc6d3f95169c460b0e4ab0a6b3d6df3","G3 Flex 8-14-2023, 08.36.34 - 8-14-2023, 08.36.43_1.mp4","\\SyNAS\Records\#recycle\Video\DD","7566601","7.22 MB","","2023-08-14T10:49:21+00:00"
"rec_0966018ed12ab8b3c9101a9bbfbd3bc77dcb7f18","G3 Flex 10-24-2022, 12.20.23 - 10-24-2022, 12.20.31.mp4","\\SyNAS\Records\Video\Catajou","6447746","6.15 MB","","2022-10-25T05:42:07+00:00"
"rec_f6e6fc08593a44fd04e5ddd2189e9ce9a907c229","G3 Flex 10-24-2022, 12.08.17 - 10-24-2022, 12.08.48.mp4","\\SyNAS\Records\Video\Catajou","23042275","21.97 MB","","2022-10-25T05:42:07+00:00"
"rec_7bf987f03128aafc102cf6deb89a231f14a0e877","G3 Flex 10-2-2023, 11.46.36 - 10-2-2023, 11.46.42.mp4","\\SyNAS\Records\Video\Basic","4883706","4.66 MB","","2023-10-17T18:03:11+00:00"
"rec_1a783f7044d35ed0cf6c23f2c011d16ae9155202","G3 Flex 10-24-2022, 12.33.39 - 10-24-2022, 12.33.55.mp4","\\SyNAS\Records\Video\Catajou","12505040","11.93 MB","","2022-10-25T05:42:07+00:00"
"rec_362826c8e631310ddda64f980e7b2cab652a4892","G3 Flex 10-2-2023, 20.44.56 - 10-2-2023, 20.46.32.mp4","\\SyNAS\Records\Video\Basic","73335143","69.94 MB","","2023-10-17T18:03:52+00:00"
"rec_67b558368f75182c4e9b1a61ba98f74a6ef069dd","G3 Flex 10-24-2022, 12.26.57 - 10-24-2022, 12.27.30.mp4","\\SyNAS\Records\Video\Catajou","25541783","24.36 MB","","2022-10-25T05:42:12+00:00"
"rec_dfc0741468bfefc6506c2df6489d89a844af5bb5","20210209_205916.mp4","\\SyNAS\Records\Rec\G3-Flex-Eschenstrasse","18105948","17.27 MB","","2021-02-09T19:59:21+00:00"
"rec_195d6101808d565c5f7da4b2562fd2d8d91695b9","G3 Flex 10-2-2023, 09.31.19 - 10-2-2023, 09.31.35.mp4","\\SyNAS\Records\Video\Basic","12140913","11.58 MB","","2023-10-17T18:03:04+00:00"
"rec_5ac4ce138bb6bf31f405f739c7b961baa309d310","G3 Flex 10-2-2023, 10.55.29 - 10-2-2023, 10.56.05.mp4","\\SyNAS\Records\Video\Basic","26767956","25.53 MB","","2023-10-17T18:03:17+00:00"
"rec_b5b0f2fc5202f6ed814548aa2efd425eeba8dfc5","G3 Flex 10-24-2022, 12.41.18 - 10-24-2022, 12.41.30.mp4","\\SyNAS\Records\Rec\G3-Flex-Eschenstrasse","9398597","8.96 MB","","2022-10-25T05:42:10+00:00"
"rec_53c305c70421fc11f85c6575593e95e4e2a278f8","G3 Flex 10-2-2023, 19.16.41 - 10-2-2023, 19.17.03.mp4","\\SyNAS\Records\Video\Basic","17003896","16.22 MB","","2023-10-17T18:03:31+00:00"
"rec_71cce9bca98234dc32956a2856f7e27bad13d370","G3 Flex 10-24-2022, 12.33.39 - 10-24-2022, 12.33.55.mp4","\\SyNAS\Records\Rec\G3-Flex-Eschenstrasse","12505040","11.93 MB","","2022-10-25T05:42:07+00:00"
"rec_4ef76cd545c9cd9cf00dbf6f2271d71a08028036","G3 Flex 10-1-2023, 22.47.59 - 10-1-2023, 22.48.27.mp4","\\SyNAS\Records\Video\Basic","21573197","20.57 MB","","2023-10-17T18:06:43+00:00"
"rec_995609973844e1f2a2ca88cb5e699cb73f6ff48c","G3 Flex 10-3-2023, 08.06.07 - 10-3-2023, 08.07.13.mp4","\\SyNAS\Records\Video\Basic","50180742","47.86 MB","","2023-10-17T17:57:04+00:00"
"rec_a25b16b6f0d7d7c66a1f7565c33c24e40ecbcb9b","G3 Flex 8-14-2023, 00.37.47 - 8-14-2023, 00.38.33_1.mp4","\\SyNAS\Records\#recycle\Video\DD","26994665","25.74 MB","","2023-08-14T10:50:06+00:00"
"rec_80459790d0f2fb93fa85f21c18ff963302e9f5c3","G3 Flex 8-14-2023, 00.18.02 - 8-14-2023, 00.18.09_1.mp4","\\SyNAS\Records\#recycle\Video\DD","5145206","4.91 MB","","2023-08-14T10:48:13+00:00"
"rec_04b44a3b9b054db816f0c93899f1041e265becfd","G3 Flex 10-24-2022, 12.51.08 - 10-24-2022, 12.51.18.mp4","\\SyNAS\Records\Video\Catajou","8616554","8.22 MB","","2022-10-25T05:42:14+00:00"
"rec_07ddafea8e0f76a3febcf7f31917f9a940195145","G3 Flex 9-30-2023, 11.08.28 - 9-30-2023, 11.08.38.mp4","\\SyNAS\Records\Video\Basic","8213618","7.83 MB","","2023-10-17T18:12:52+00:00"
"rec_5b24a737723ce2be69e4fd7f3b26ef00ab0a1420","G3 Flex 9-30-2023, 20.36.05 - 9-30-2023, 20.36.19.mp4","\\SyNAS\Records\Video\Basic","10960274","10.45 MB","","2023-10-17T18:13:14+00:00"
"rec_b1f9bb8fe94dc74376fe7b8f2fb9ff42cc5a6e36","G3 Flex 10-24-2022, 12.06.13 - 10-24-2022, 12.06.35.mp4","\\SyNAS\Records\Rec\G3-Flex-Eschenstrasse","9633792","9.19 MB","","2022-10-25T05:42:19+00:00"
"rec_6d2f29e5b4fe39856e2c73861618af0d9bfe985f","G3 Flex 10-2-2023, 19.16.08 - 10-2-2023, 19.16.34.mp4","\\SyNAS\Records\Video\Basic","20023284","19.10 MB","","2023-10-17T18:03:43+00:00"
"rec_3515b72cd6f3d972838f48ddb832c215ecf5dbd6","G3 Flex 9-29-2023, 22.38.05 - 9-29-2023, 22.38.18.mp4","\\SyNAS\Records\Video\Basic","10311125","9.83 MB","","2023-10-17T18:15:58+00:00"
"rec_cbadf30cb42c97c60349db11416b9a3b26f216a9","G3 Flex 8-14-2023, 00.28.16 - 8-14-2023, 00.28.52_1.mp4","\\SyNAS\Records\#recycle\Video\DD","26647995","25.41 MB","","2023-08-14T10:49:58+00:00"
"rec_5d891af73bbe129cce580ffad7cbf4a623be500e","20241121_184322.mp4","\\SyNAS\Records\Video\S21\Heavymovie","148984541","142.08 MB","","2025-04-05T21:08:23+00:00"
"rec_3eb82455529b90c3a7c1578ce7f4b89579f55cf1","G3 Flex 8-14-2023, 00.19.18 - 8-14-2023, 00.19.28_1.mp4","\\SyNAS\Records\#recycle\Video\DD","8329748","7.94 MB","","2023-08-14T10:48:46+00:00"
"rec_db4f87e089acd27d6f15b9deffd8bbdd8161f843","G3 Flex 10-24-2022, 12.12.35 - 10-24-2022, 12.12.43.mp4","\\SyNAS\Records\Video\Catajou","6764925","6.45 MB","","2022-10-25T05:40:42+00:00"
"rec_08537481d2ab70b645f4ec01d02087674aee7257","G3 Flex 10-2-2023, 11.46.52 - 10-2-2023, 11.47.16.mp4","\\SyNAS\Records\Video\Basic","18337239","17.49 MB","","2023-10-17T18:03:22+00:00"
"rec_af4494a2909fbf3eda12ee5d1bae7946a5a059a1","G3 Flex 9-30-2023, 10.18.06 - 9-30-2023, 10.18.19.mp4","\\SyNAS\Records\Video\Basic","10078827","9.61 MB","","2023-10-17T18:15:07+00:00"
"rec_d513a1eb50a3f434402de9b7876fc5bb31a0074b","G3 Flex 10-24-2022, 12.31.53 - 10-24-2022, 12.32.27.mp4","\\SyNAS\Records\Video\Catajou","26248660","25.03 MB","","2022-10-25T05:42:13+00:00"
"rec_f8eb6e7b2daa1d8605cb77674c21b4868dccc492","G3 Flex 10-24-2022, 12.17.56 - 10-24-2022, 12.18.18.mp4","\\SyNAS\Records\Video\Catajou","16715194","15.94 MB","","2022-10-25T05:42:11+00:00"
"rec_9438cffcef2d00493f2c5d6e55ff343be41792b1","G3 Flex 10-1-2023, 22.38.36 - 10-1-2023, 22.38.43.mp4","\\SyNAS\Records\Video\Basic","6020442","5.74 MB","","2023-10-17T18:06:30+00:00"
"rec_7227d34d11284ab553cb75256af104676da66176","G3 Flex 10-24-2022, 12.11.05 - 10-24-2022, 12.11.44.mp4","\\SyNAS\Records\Video\Catajou","30171896","28.77 MB","","2022-10-25T05:42:15+00:00"
"rec_e8af5ab3fa048168dffbfc97a22094e2c5ef3f52","G3 Flex 10-2-2023, 10.43.16 - 10-2-2023, 10.43.41.mp4","\\SyNAS\Records\Video\Basic","18841981","17.97 MB","","2023-10-17T18:03:16+00:00"
"rec_c540af97b9633045d1ddfb7f9415ac6179500894","G3 Flex 10-24-2022, 12.37.31 - 10-24-2022, 12.38.16.mp4","\\SyNAS\Records\Video\Catajou","33642554","32.08 MB","","2022-10-25T05:42:19+00:00"
"rec_06bbeb1de7e60e37cc4bd697d3cbef60f9815e18","20241231_235139.mp4","\\SyNAS\Records\Video\S21\Heavymovie","192872166","183.94 MB","","2025-04-05T20:58:14+00:00"
"rec_10b5a154f71023910a481c163fe53107d09d54fb","G3 Flex 9-30-2023, 11.11.23 - 9-30-2023, 11.11.39.mp4","\\SyNAS\Records\Video\Basic","12747744","12.16 MB","","2023-10-17T18:13:06+00:00"
"rec_c6ed0b5440a25ae6f7c7a7e590989dd967b2955d","G3 Flex 10-1-2023, 22.44.33 - 10-1-2023, 22.44.43.mp4","\\SyNAS\Records\Video\Basic","8369560","7.98 MB","","2023-10-17T18:06:36+00:00"
"rec_9dce218d015014a0c0a8994fb3ccccf419044664","G3 Flex 9-30-2023, 11.14.57 - 9-30-2023, 11.15.55.mp4","\\SyNAS\Records\Video\Basic","43646439","41.62 MB","","2023-10-17T18:13:31+00:00"
"rec_ddcfad26d524be295a10e2aee6e6fe9e0b392886","G3 Flex 10-24-2022, 12.43.14 - 10-24-2022, 12.43.37.mp4","\\SyNAS\Records\Video\Catajou","17321040","16.52 MB","","2022-10-25T05:42:12+00:00"
"rec_c6b5293bd7a85795a63d7ff386997f1c029e0007","G3 Flex 10-3-2023, 08.07.28 - 10-3-2023, 08.07.49.mp4","\\SyNAS\Records\Video\Basic","16174704","15.43 MB","","2023-10-17T17:56:50+00:00"
"rec_f412d01a18b1ec83de793e742b4b88d11bf62589","G3 Flex 10-24-2022, 12.28.15 - 10-24-2022, 12.28.30.mp4","\\SyNAS\Records\Rec\G3-Flex-Eschenstrasse","11587312","11.05 MB","","2022-10-25T05:42:07+00:00"
"rec_6fca180ac65c136fc6eff7cb138ad75d6793ad36","G3 Flex 10-3-2023, 06.59.33 - 10-3-2023, 06.59.48.mp4","\\SyNAS\Records\Video\Basic","11789636","11.24 MB","","2023-10-17T18:03:29+00:00"
"rec_4a9b6a06f28930f289133bdd95f6351e62669f16","G3 Flex 10-24-2022, 12.20.23 - 10-24-2022, 12.20.31.mp4","\\SyNAS\Records\Rec\G3-Flex-Eschenstrasse","6447746","6.15 MB","","2022-10-25T05:42:07+00:00"
"rec_2cbfccb9347e874ccab4ff4d27328ea0b286b386","20240728_124247.mp4","\\SyNAS\Records\Video\S21\Heavymovie","147228312","140.41 MB","","2025-04-05T21:09:23+00:00"
"rec_ef505ea5aa7150778235b21d1dd8272690889ef9","20240727_144102.mp4","\\SyNAS\Records\Video\S21\Heavymovie","150578701","143.60 MB","","2025-04-05T21:07:54+00:00"
"rec_bc4b3d1c636e4022f0fb04405c9a903db7c46d30","G3 Flex 10-2-2023, 20.56.52 - 10-2-2023, 20.57.24.mp4","\\SyNAS\Records\Video\Basic","24905477","23.75 MB","","2023-10-17T18:03:37+00:00"
"rec_afc8968b53279ed74a7eced3ffba42d57187801a","G3 Flex 10-24-2022, 12.25.53 - 10-24-2022, 12.26.03.mp4","\\SyNAS\Records\Rec\G3-Flex-Eschenstrasse","7558947","7.21 MB","","2022-10-25T05:42:12+00:00"
"rec_99a3f487f1c7652e85f749012674faee12bb0f9f","G3 Flex 10-24-2022, 13.09.24 - 10-24-2022, 13.09.34.mp4","\\SyNAS\Records\Rec\G3-Flex-Eschenstrasse","7115334","6.79 MB","","2022-10-25T05:42:12+00:00"
"rec_9749b6f79b1b284a613c0c7fc0b301aaa98af5fa","G3 Flex 8-14-2023, 00.32.03 - 8-14-2023, 00.32.29_1.mp4","\\SyNAS\Records\#recycle\Video\DD","19666896","18.76 MB","","2023-08-14T10:49:55+00:00"
"rec_d2738c1e51f6f90fd028868c47eed343ed4e56b3","G3 Flex 10-24-2022, 12.25.25 - 10-24-2022, 12.25.40.mp4","\\SyNAS\Records\Rec\G3-Flex-Eschenstrasse","11160730","10.64 MB","","2022-10-25T05:42:13+00:00"
