"record_id","name","directory","length_bytes","size_human","date_record_day","date_last_write"
"rec_895ce6cb4f46c25c4db717ae72db40d8879bc54e","2020-05-23_21h26m22_KT-ConfirmationDeD'annihilation(harcelement).mp3","\\SyNAS\Records\Audio\Select_Sort","2642547","2.52 MB","2020-05-23T21:26:00+00:00","2021-01-14T22:51:55+00:00"
"rec_ad05d79bd9331c2956642f0ca7d2c5a74f15c3d1","2020-05-23_21h26m22_Voix 045_sd KT-ConfirmationDeD'annihilation.aif","\\SyNAS\Records\Audio\Select_Sort","8209792","7.83 MB","2020-05-23T21:26:00+00:00","2021-01-02T12:13:15+00:00"
"rec_3f94857bd7f2c81fe9e47db8b9dacbad5c19a416","2020-09-13 13-44-12_KTA_IvresseDeLaDémance.mp3","\\SyNAS\Records\Audio\Select_Sort","1367771","1.30 MB","2020-09-13T00:00:00+00:00","2021-01-15T03:45:25+00:00"
"rec_115ef62b04f51f33e1499e90463fe36262156c44","2020-09-13 13-44-12_KTA_JevaisTeFouttreLaClaqueDeTaVie.mp3","\\SyNAS\Records\Audio\Select_Sort","566334","553.06 KB","2020-09-13T00:00:00+00:00","2021-01-15T03:33:23+00:00"
"rec_ba9ae957066c50e770a752294ef5e95edac9001a","2020-09-13 13-44-12_KTA_SundayLunch_JeVaisTeMettreàTerre.mp3","\\SyNAS\Records\Audio\Select_Sort","557975","544.90 KB","2020-09-13T00:00:00+00:00","2021-01-15T03:30:03+00:00"
"rec_46ff9531425f233f54139e67df3fabd6fbf2f882","2020-09-13 13-44-12_KTA_ToiTuDégages_JeDicteMaLoiSousTonToit.aac","\\SyNAS\Records\Audio\Select_Sort","2889063","2.76 MB","2020-09-13T00:00:00+00:00","2021-01-15T03:16:45+00:00"
"rec_75c5e2f62238a202dc6fb78f3deeb4a34370ccc2","2020-09-13 13-44-12_KT_AnotreNouvelleVie.mp3","\\SyNAS\Records\Audio\Select_Sort","3298742","3.15 MB","2020-09-13T00:00:00+00:00","2021-01-15T03:37:27+00:00"
"rec_41c12d60b0eadc914c7b520a9b7fd141382f33d2","2020-09-13 13-44-12_KT_JeVaisTeBotterLesFesses.mp3","\\SyNAS\Records\Audio\Select_Sort","388179","379.08 KB","2020-09-13T00:00:00+00:00","2021-01-15T04:04:36+00:00"
"rec_0092b430c0500332e2b5cf3155bad1d1e786012c","2020-09-13 13-44-12_KT_Mobbying_Critique_de_mesAmis.mp3","\\SyNAS\Records\Audio\Select_Sort","1071020","1.02 MB","2020-09-13T00:00:00+00:00","2021-01-15T03:50:35+00:00"
"rec_e45a0b0482f9e0d72b27fc795053d84f050ed435","2020_09_12_13_00_17_KTA_DemandeDeRemboursement.mp3","\\SyNAS\Records\Audio\Select_Sort","1507995","1.44 MB","2020-09-12T13:00:17+00:00","2021-01-15T02:51:56+00:00"
"rec_0ef985c2868fc58bc25bd4ef841b07d372ad64e7","2021_01_09_14_46_10_KTA_19AnsDeMerde.wav","\\SyNAS\Records\Audio\Select_Sort","2139212","2.04 MB","2021-01-09T14:46:10+00:00","2021-01-11T03:38:00+00:00"
"rec_c7a263b74ebb4df38cd855297ad05db9e8e6c31c","2021_01_09_15_03_11_KTA_repas_IlYenaQuiDiraitQuelleEstFolle.wav","\\SyNAS\Records\Audio\Select_Sort","225304","220.02 KB","2021-01-09T15:03:11+00:00","2021-01-11T02:45:03+00:00"
"rec_f40e1cd28f0ac7ee2590bd2f60d0ab218ca95b0b","2021_01_09_15_03_11_KTA_repas_JeSeraisChezMoiEnSérénité.wav","\\SyNAS\Records\Audio\Select_Sort","1747538","1.67 MB","2021-01-09T15:03:11+00:00","2021-01-11T02:49:31+00:00"
"rec_942d1bd965fc6fb295210212791ab6a30a33ad6f","2021_01_09_15_03_11_KT_repas_CaseLaVaisselle_WiskeyCoka_Ensceinte.wav","\\SyNAS\Records\Audio\Select_Sort","3304732","3.15 MB","2021-01-09T15:03:11+00:00","2021-01-11T02:52:27+00:00"
"rec_477b5dc2f8e0530df2169b8ab5abbf3693c5fbf8","2021_01_09_17_30_50_KTA_Lesson_UK_Contradiction_Education_English.wav","\\SyNAS\Records\Audio\Select_Sort","5637132","5.38 MB","2021-01-09T17:30:50+00:00","2021-01-11T03:27:49+00:00"
"rec_66a665797a528c5083e188be7462fdfec9323347","2021_01_09_19_07_17_KTA_LaReineDeSaba.mp3","\\SyNAS\Records\Audio\Select_Sort","680213","664.27 KB","2021-01-09T19:07:17+00:00","2021-01-11T03:33:36+00:00"
"rec_1a4dbf1a29f6cdf80a62a4c8f9571aeb922e31ec","2021_01_09_21_02_18_KTA_Tiens_Calume_De_la_Paix.wav","\\SyNAS\Records\Audio\Select_Sort","1390844","1.33 MB","2021-01-09T21:02:18+00:00","2021-01-10T23:57:01+00:00"
"rec_ed3ff728fe1538f2a4b672496a3d812a211ea58b","2021_01_12_12_05_04 KTA ta gueule de mon droit a moi tu fais pas ce que tu veux.mp3","\\SyNAS\Records\Audio\Select_Sort","583470","569.79 KB","2021-01-12T12:05:04+00:00","2021-01-12T11:05:41+00:00"
"rec_a3caaf80ecf497c6be7df6fd37817227106402c8","2021_01_13_12_21_40 KTA Si tu vas à l'ecoleAvecLesPoignetsRouge.mp3","\\SyNAS\Records\Audio\Select_Sort","496952","485.30 KB","2021-01-13T12:21:40+00:00","2021-01-14T01:04:12+00:00"
"rec_c9afcde9595b3ae606b25b2e3111e1431a483523","2021_01_13_12_21_40 KTA_DegageMaVie.mp3","\\SyNAS\Records\Audio\Select_Sort","2649442","2.53 MB","2021-01-13T12:21:40+00:00","2021-01-14T00:59:45+00:00"
"rec_e648c0de426336954c39db1d1525114ab2692d27","2022-06-18_09h52m28_Voix 008.m4a","\\SyNAS\Records\RecordStrike","37653264","35.91 MB","2022-06-18T09:52:00+00:00","2022-06-18T07:52:28+00:00"
"rec_5a8e8bd5e0026b711628dcf8f25c5ccdde124229","2022-06-18_23h24m38_Voix 010 menace de faire venir son frere.m4a","\\SyNAS\Records\RecordStrike","2865374","2.73 MB","2022-06-18T23:24:00+00:00","2022-06-18T21:24:38+00:00"
"rec_6623e27471044418c59a13dbcbabe4d67d46db15","2022-06-20_12h55m42_Voix 011.m4a","\\SyNAS\Records\RecordStrike","13300699","12.68 MB","2022-06-20T12:55:00+00:00","2022-06-20T10:55:42+00:00"
"rec_609b243d391d8054fb69b43c3d34a443d8fc3945","2022-06-21_14h53m02_Voix 014 confessions à la famille.m4a","\\SyNAS\Records\RecordStrike","48195579","45.96 MB","2022-06-21T14:53:00+00:00","2022-06-21T12:53:02+00:00"
"rec_5ddb47ae9d905d679af5fcba08504c5aa0eb95ad","2022-07-04_08h09m26_Voix 032 insultes matinales en boucle.m4a","\\SyNAS\Records\RecordStrike","598724","584.69 KB","2022-07-04T08:09:00+00:00","2022-07-04T06:09:26+00:00"
"rec_61659d036238ae0d368885674c9bafb260a59426","2022-07-18_17h21m44_Voix 045 nachbarin.m4a","\\SyNAS\Records\RecordStrike","34119825","32.54 MB","2022-07-18T17:21:00+00:00","2022-07-18T15:21:44+00:00"
"rec_1d16f6805cca40c7811257ec129275f73414e643","2022-08-03_00h27m44_Voix 009 KTA menace violente à travers porte.m4a","\\SyNAS\Records\RecordStrike","660920","645.43 KB","2022-08-03T00:27:00+00:00","2022-08-02T22:27:44+00:00"
"rec_7659359e637511e4a1e97f77e9bbaefc7ff3a542","2022-08-16_19h35m48_Voix 059 Alois replié.m4a","\\SyNAS\Records\RecordStrike","5345660","5.10 MB","2022-08-16T19:35:00+00:00","2022-08-16T17:35:48+00:00"
"rec_5e8a3f0ea32493300dcca5a3dd3540cc8aed6ee7","2022-08-22_19h27m35_Voix 062 dire des choses immondes sur moi.m4a","\\SyNAS\Records\RecordStrike","9783503","9.33 MB","2022-08-22T19:27:00+00:00","2022-08-22T17:27:35+00:00"
"rec_f2747ae186e377942e8ee5a8b4c1c0ea19c84995","2022-09-23_21h21m06_Voix 079 paroles offensives.m4a","\\SyNAS\Records\RecordStrike","2822175","2.69 MB","2022-09-23T21:21:00+00:00","2022-09-23T19:21:06+00:00"
"rec_8dc1be66b03d3ef939f01b52b0aed4702b951bb7","2022-09-26_19h40m11_Voix 080 humiliations.m4a","\\SyNAS\Records\RecordStrike","16946712","16.16 MB","2022-09-26T19:40:00+00:00","2022-09-26T17:40:11+00:00"
"rec_2b4087c9321f22c030e143e08f9c35e2207f9243","2022-11-27_18h15m58_Voix 103 manque de respect.m4a","\\SyNAS\Records\RecordStrike","3274196","3.12 MB","2022-11-27T18:15:00+00:00","2022-11-27T17:15:58+00:00"
"rec_9c9e03ce4eebeec2f0adee0d2cfe1d5c46bdfeea","2022-11-30_13h28m42_Voix 103 tirade amorale.m4a","\\SyNAS\Records\RecordStrike","16542917","15.78 MB","2022-11-30T13:28:00+00:00","2022-11-30T12:28:42+00:00"
"rec_a153eb80fa64ad49238bf67ad730471df007d984","2022_06_03_18_24_16_KTA_Je me moque que tu m’enregistres.mp3","\\SyNAS\Records\RecordStrike","4083042","3.89 MB","2022-06-03T18:24:16+00:00","2022-06-03T16:28:32+00:00"
"rec_b1bf1a34bbc8b687e7a5e5f051814ebda769d183","2022_06_03_19_03_33_Volige_sous_mon_toit.mp3","\\SyNAS\Records\RecordStrike","60455287","57.65 MB","2022-06-03T19:03:33+00:00","2022-06-03T18:06:34+00:00"
"rec_0641a5f442d0dd96dcd6e561b58c7c9fae4543f8","2022_06_03_19_39_00_KTA_MenaceViolenceEnReunion_(ShortExtract).mp3","\\SyNAS\Records\RecordStrike","6160286","5.87 MB","2022-06-03T19:39:00+00:00","2022-08-03T03:50:14+00:00"
"rec_850e756fd753f7b0fadfe15f1296f725af2ec529","2022_06_03_22_49_28_KTA_après Table basse renversée-Explication à Alois.mp3","\\SyNAS\Records\RecordStrike","71341452","68.04 MB","2022-06-03T22:49:28+00:00","2022-06-03T22:03:47+00:00"
"rec_deabe9ba306d6a6412105ff8725f804cd0aefb9f","2022_06_04_08_28_42_TA_discussion calme sur voisins.mp3","\\SyNAS\Records\RecordStrike","194925295","185.90 MB","2022-06-04T08:28:42+00:00","2022-06-04T09:51:45+00:00"
"rec_c4c361a4ac9ad499e9a900b41ecaf645ed23b35a","2022-07-04_08h05m55_Voix 032 insults non stop tous les matins.m4a","\\SyNAS\Records\RecordStrike\Tri\Casual","474525","463.40 KB","2022-07-04T08:05:00+00:00","2022-07-04T06:05:55+00:00"
"rec_362119d92ca8d7fa92e0bd6008e20d1d43cc070b","2022-06-13_13h41m04_Voix 002.m4a","\\SyNAS\Records\RecordStrike\Voice Recorder","28472763","27.15 MB","2022-06-13T13:41:00+00:00","2022-06-13T11:41:04+00:00"
"rec_757791addb284313231dcfbaf065e7d39932f91b","2022-06-14_12h39m30_Voix 004 lunch midi.m4a","\\SyNAS\Records\RecordStrike\Voice Recorder","30956846","29.52 MB","2022-06-14T12:39:00+00:00","2022-06-14T10:39:30+00:00"
"rec_f29bcc780a80c9615d52e4962e730bd9f9c2e063","2022-06-14_19h22m11_Entretien 001.m4a","\\SyNAS\Records\RecordStrike\Voice Recorder","4102806","3.91 MB","2022-06-14T19:22:00+00:00","2022-06-14T17:22:11+00:00"
"rec_5cfdaf0c93a5dc75a04d1ff370526fbcd34a5025","2022-06-14_22h29m03_Voix 005.m4a","\\SyNAS\Records\RecordStrike\Voice Recorder","13446257","12.82 MB","2022-06-14T22:29:00+00:00","2022-06-14T20:29:03+00:00"
"rec_7d6e9cf9e441d1da039fd24f90591f94436f2a27","2022-06-15_22h47m30_Voix 006 crise kebab.m4a","\\SyNAS\Records\RecordStrike\Voice Recorder","27209527","25.95 MB","2022-06-15T22:47:00+00:00","2022-06-15T20:47:30+00:00"
"rec_8b9c6310d2942671db05e4db05a989e82b08ed20","2022-06-16_21h46m42_Voix 006 grillon.m4a","\\SyNAS\Records\RecordStrike\Voice Recorder","887442","866.64 KB","2022-06-16T21:46:00+00:00","2022-06-16T19:46:42+00:00"
"rec_a80849be8a9fe4ae5f87c14fb74b2687cf3c8454","2022-06-17_23h06m12_Voix 007.m4a","\\SyNAS\Records\RecordStrike\Voice Recorder","500994","489.25 KB","2022-06-17T23:06:00+00:00","2022-06-17T21:06:12+00:00"
"rec_cb332c1364689614b28fddb3d585a234323938e3","2022-06-18_12h10m19_Voix 009 courses.m4a","\\SyNAS\Records\RecordStrike\Voice Recorder","7410380","7.07 MB","2022-06-18T12:10:00+00:00","2022-06-18T10:10:19+00:00"
"rec_6c363c1cd4c8f74f6516d91862046e05a26d0f7a","2022-06-18_23h17m37_Voix 009.m4a","\\SyNAS\Records\RecordStrike\Voice Recorder","660916","645.43 KB","2022-06-18T23:17:00+00:00","2022-06-18T21:17:37+00:00"
"rec_0ad2bab815abd4d78705259f4aa33b55b25946a5","2022-06-19_22h31m45_Voix 010.m4a","\\SyNAS\Records\RecordStrike\Voice Recorder","11361001","10.83 MB","2022-06-19T22:31:00+00:00","2022-06-19T20:31:45+00:00"
"rec_d2e701dc032d496d448355d804a42d7ca40596d9","2022-06-20_22h05m54_Voix 012.m4a","\\SyNAS\Records\RecordStrike\Voice Recorder","56172090","53.57 MB","2022-06-20T22:05:00+00:00","2022-06-20T20:05:54+00:00"
"rec_c24fedf52c0b2a30317a1c3527b04998175e716d","2022-06-21_14h53m02_Voix 014 confessions à la famille.m4a","\\SyNAS\Records\RecordStrike\Voice Recorder","48195579","45.96 MB","2022-06-21T14:53:00+00:00","2022-06-21T12:53:02+00:00"
"rec_01b7105d873a0a3fe34976a4033362a796f4974d","2022-06-21_22h02m28_Voix 015 yaougurht.m4a","\\SyNAS\Records\RecordStrike\Voice Recorder","3191209","3.04 MB","2022-06-21T22:02:00+00:00","2022-06-21T20:02:28+00:00"
"rec_7db4bd522a152efe65fa8bb9885a582344be1379","2022-06-22_20h14m03_Voix 015.m4a","\\SyNAS\Records\RecordStrike\Voice Recorder","28094264","26.79 MB","2022-06-22T20:14:00+00:00","2022-06-22T18:14:03+00:00"
"rec_a872096f9e47894a75d1806bc8350a97dc55684b","2022-06-24_19h19m48_Voix 016 tâches à faire.m4a","\\SyNAS\Records\RecordStrike\Voice Recorder","6238718","5.95 MB","2022-06-24T19:19:00+00:00","2022-06-24T17:19:48+00:00"
"rec_a30ec6a4b2f610a50eb8f95f845d24ac60ab4fd1","2022-06-25_08h33m33_Voix 017 samedi matin tranquille.m4a","\\SyNAS\Records\RecordStrike\Voice Recorder","73523646","70.12 MB","2022-06-25T08:33:00+00:00","2022-06-25T06:33:33+00:00"
"rec_608f1ce0743a2d19bbd2f7de4d86558ad7096f27","2022-06-25_12h20m08_Voix 018.m4a","\\SyNAS\Records\RecordStrike\Voice Recorder","3685563","3.51 MB","2022-06-25T12:20:00+00:00","2022-06-25T10:20:08+00:00"
"rec_e392b54e32528a15bcec319adaabbf9d0a3825fa","2022-06-26_20h27m02_Voix 020.m4a","\\SyNAS\Records\RecordStrike\Voice Recorder","6339388","6.05 MB","2022-06-26T20:27:00+00:00","2022-06-26T18:27:02+00:00"
"rec_f6df3138291b2f35400e6c4adf063b3c44a62e03","2022-06-26_21h53m11_Voix 022 patience.m4a","\\SyNAS\Records\RecordStrike\Voice Recorder","76130866","72.60 MB","2022-06-26T21:53:00+00:00","2022-06-26T19:53:11+00:00"
"rec_ce13487e64cbeecedfcdbfbced4c17ec809db12d","2022-06-27_11h51m43_Voix 022.m4a","\\SyNAS\Records\RecordStrike\Voice Recorder","263341638","251.14 MB","2022-06-27T11:51:00+00:00","2022-06-27T09:51:43+00:00"
"rec_fa761b19b13ed16a5a12d40919732a707f955d7b","2022-06-27_13h43m43_Voix 023 ultimate discussion avec  Alois.m4a","\\SyNAS\Records\RecordStrike\Voice Recorder","87820175","83.75 MB","2022-06-27T13:43:00+00:00","2022-06-27T11:43:43+00:00"
"rec_4fec2633764c56ece7423cdab6cb749c01c6b9df","2022-06-27_16h43m03_Voix 023 boîte en carton.m4a","\\SyNAS\Records\RecordStrike\Voice Recorder","4498566","4.29 MB","2022-06-27T16:43:00+00:00","2022-06-27T14:43:03+00:00"
"rec_45ac6daf6b528565bdaf687573ed71040c012478","2022-06-27_19h13m24_Voix 023 denner avec  Alois.m4a","\\SyNAS\Records\RecordStrike\Voice Recorder","30987515","29.55 MB","2022-06-27T19:13:00+00:00","2022-06-27T17:13:24+00:00"
"rec_1b085af8a0ab947891e8761b456529a215ce2366","2022-06-28_13h23m45_Voix 024 le Malheur français.m4a","\\SyNAS\Records\RecordStrike\Voice Recorder","62544669","59.65 MB","2022-06-28T13:23:00+00:00","2022-06-28T11:23:45+00:00"
"rec_b7df711c0bd5e4280d75082a96baf0ab228eeab4","2022-06-29_06h36m56_Voix 025 chien.m4a","\\SyNAS\Records\RecordStrike\Voice Recorder","4963413","4.73 MB","2022-06-29T06:36:00+00:00","2022-06-29T04:36:56+00:00"
"rec_48d7aa579744b1e1a12ad9337821795e9e2faa81","2022-06-29_07h27m52_Voix 025 fin chien.m4a","\\SyNAS\Records\RecordStrike\Voice Recorder","15664346","14.94 MB","2022-06-29T07:27:00+00:00","2022-06-29T05:27:52+00:00"
"rec_c121cc9d79f4bb912a0b68fb027f881b8091eef4","2022-06-30_07h38m45_Voix 026.m4a","\\SyNAS\Records\RecordStrike\Voice Recorder","33903115","32.33 MB","2022-06-30T07:38:00+00:00","2022-06-30T05:38:45+00:00"
"rec_dc1af8254ac9b0803afa47b5829984df39f3d756","2022-06-30_08h09m28_N.m4a","\\SyNAS\Records\RecordStrike\Voice Recorder","19380804","18.48 MB","2022-06-30T08:09:00+00:00","2022-06-30T06:09:28+00:00"
"rec_8ae61d5be06368d52541e5f6efddda128eadeac6","2022-07-01_21h09m53_Voix 028 concerto1.m4a","\\SyNAS\Records\RecordStrike\Voice Recorder","54659206","52.13 MB","2022-07-01T21:09:00+00:00","2022-07-01T19:09:53+00:00"
"rec_4c90adee6bfef90ab99db54e4b34ce8f2ba8c02a","2022-07-01_21h29m08_Voix 029 hi ha ho.m4a","\\SyNAS\Records\RecordStrike\Voice Recorder","8083469","7.71 MB","2022-07-01T21:29:00+00:00","2022-07-01T19:29:08+00:00"
"rec_27e3361f552166a8ab0947fb702ee48bfd575ca4","2022-07-01_21h43m42_Voix 030 recall.m4a","\\SyNAS\Records\RecordStrike\Voice Recorder","4553582","4.34 MB","2022-07-01T21:43:00+00:00","2022-07-01T19:43:42+00:00"
"rec_3f8733722894e405c49689d92980a8a5f973a203","2022-07-02_11h42m49_Voix 030.m4a","\\SyNAS\Records\RecordStrike\Voice Recorder","6492470","6.19 MB","2022-07-02T11:42:00+00:00","2022-07-02T09:42:49+00:00"
"rec_c772e040be6f378036ad55cafa81feecca26da5a","2022-07-03_19h29m33_Voix 031.m4a","\\SyNAS\Records\RecordStrike\Voice Recorder","984401","961.33 KB","2022-07-03T19:29:00+00:00","2022-07-03T17:29:33+00:00"
"rec_58966dc28aa5ad82ab967debed04e9ab6084eba2","2022-07-04_08h09m26_Voix 032 insultes matinales en boucle.m4a","\\SyNAS\Records\RecordStrike\Voice Recorder","598724","584.69 KB","2022-07-04T08:09:00+00:00","2022-07-04T06:09:26+00:00"
"rec_09812b81417a917a11a44b55782bed03f630929f","2022-07-05_07h39m59_Voix 032.m4a","\\SyNAS\Records\RecordStrike\Voice Recorder","9606225","9.16 MB","2022-07-05T07:39:00+00:00","2022-07-05T05:39:59+00:00"
"rec_28f18dcb6880f877c78b18e47fc1c1a8560fee69","2022-07-05_19h21m34_Voix 034.m4a","\\SyNAS\Records\RecordStrike\Voice Recorder","13039688","12.44 MB","2022-07-05T19:21:00+00:00","2022-07-05T17:21:34+00:00"
"rec_5de49f9913e1feed764517724d916751a41aac8c","2022-07-06_22h08m29_Voix 035 dubrochet.m4a","\\SyNAS\Records\RecordStrike\Voice Recorder","103390682","98.60 MB","2022-07-06T22:08:00+00:00","2022-07-06T20:08:29+00:00"
"rec_7f477e8ae29649e6b8e29200b3483c487020d16a","2022-07-08_09h45m33_Voix 035 2h morning.m4a","\\SyNAS\Records\RecordStrike\Voice Recorder","120612744","115.03 MB","2022-07-08T09:45:00+00:00","2022-07-08T07:45:33+00:00"
"rec_7e7d7386336d83c305e20bdbaf0d19e9f7b6637e","2022-07-09_04h27m30_Voix 035 Alois dort.m4a","\\SyNAS\Records\RecordStrike\Voice Recorder","27867336","26.58 MB","2022-07-09T04:27:00+00:00","2022-07-09T02:27:30+00:00"
"rec_a6c8b8f936d1afcea6897fe1a343a300877bb81e","2022-07-11_17h29m02_Voix 035.m4a","\\SyNAS\Records\RecordStrike\Voice Recorder","1465944","1.40 MB","2022-07-11T17:29:00+00:00","2022-07-11T15:29:02+00:00"
"rec_71455b181eaa356493b1bdbf97945e3e3fe57d12","2022-07-12_15h09m34_Voix 037 fin de repas.m4a","\\SyNAS\Records\RecordStrike\Voice Recorder","39484640","37.66 MB","2022-07-12T15:09:00+00:00","2022-07-12T13:09:34+00:00"
"rec_8ddad7ca3b10f7f02b0294d5642c18587c9a5c93","2022-07-12_21h02m27_Voix 037.m4a","\\SyNAS\Records\RecordStrike\Voice Recorder","80085","78.21 KB","2022-07-12T21:02:00+00:00","2022-07-12T19:02:27+00:00"
"rec_d585fbdf429cdae21efdba65f7d76dd28c24f26a","2022-07-13_11h07m11_Voix 039.m4a","\\SyNAS\Records\RecordStrike\Voice Recorder","130150","127.10 KB","2022-07-13T11:07:00+00:00","2022-07-13T09:07:11+00:00"
"rec_fe5cbf123a6cd33d7fc963e47dac1355ef64bdce","2022-07-13_17h56m22_Voix 040 aller tierheim.m4a","\\SyNAS\Records\RecordStrike\Voice Recorder","24924530","23.77 MB","2022-07-13T17:56:00+00:00","2022-07-13T15:56:22+00:00"
"rec_e5b4a4cba3b384bf824311e41e4d0761cd1205e1","2022-07-14_23h02m04_Voix 041.m4a","\\SyNAS\Records\RecordStrike\Voice Recorder","1828169","1.74 MB","2022-07-14T23:02:00+00:00","2022-07-14T21:02:04+00:00"
"rec_9861e2fe9e80c1d73ae848fd795efd1800916bea","2022-07-16_15h25m47_Voix 042 après discussion.m4a","\\SyNAS\Records\RecordStrike\Voice Recorder","17961333","17.13 MB","2022-07-16T15:25:00+00:00","2022-07-16T13:25:47+00:00"
"rec_033f3d15c3c812b10ec1bfbe39419ba69b538da2","2022-07-17_10h58m02_Voix 042.m4a","\\SyNAS\Records\RecordStrike\Voice Recorder","1701192","1.62 MB","2022-07-17T10:58:00+00:00","2022-07-17T08:58:02+00:00"
"rec_3abb45ea7ee02494e18e6f2e254b11118bdefa52","2022-07-17_14h24m00_Voix 043 chien.m4a","\\SyNAS\Records\RecordStrike\Voice Recorder","1644360","1.57 MB","2022-07-17T14:24:00+00:00","2022-07-17T12:24:00+00:00"
"rec_4352997d7beaff4ca0670ce5d0ce4df4c4fb2355","2022-07-17_19h20m21_Voix 044 explications à Aloïs.m4a","\\SyNAS\Records\RecordStrike\Voice Recorder","88331540","84.24 MB","2022-07-17T19:20:00+00:00","2022-07-17T17:20:21+00:00"
"rec_08820160b941b1336bae4abe728f4e0a9a411a21","2023-07-03_22h45m38_Voix 001.m4a","\\SyNAS\Records\2023","161935854","154.43 MB","2023-07-03T22:45:00+00:00","2023-07-03T20:45:38+00:00"
"rec_1dc2ee33929daf52114e979664e9ab0f2f86012a","2020_12_23_20_28_32 soiree.mp3","\\SyNAS\Records\Audio\Time_Sort\2020","162372126","154.85 MB","2020-12-23T20:28:32+00:00","2020-12-23T22:17:41+00:00"
"rec_24557642cbd9de9ba0abc621a3824b2431b07c2c","2021_01_15_18_23_18.mp3","\\SyNAS\Records\Audio\Time_Sort\2021","135417","132.24 KB","2021-01-15T18:23:18+00:00","2021-01-15T17:23:27+00:00"
"rec_bc78a186e9c2eb92170e67efbb338cd00245f9ec","Audio recording 2020-11-26 21-20-43.aac","\\SyNAS\Records\Audio\Time_Sort\2020","5547394","5.29 MB","2020-11-26T00:00:00+00:00","2020-11-26T20:23:34+00:00"
"rec_35916c1b0738a34a5e4d28364c1b976428eab1b1","2021_01_26_07_21_29.mp3","\\SyNAS\Records\Audio\Time_Sort\2021","20761285","19.80 MB","2021-01-26T07:21:29+00:00","2021-01-26T06:43:07+00:00"
"rec_dca9681859c78445cb67d60d4a57345e09a5e511","2021_02_17_12_34_09.mp3","\\SyNAS\Records\Audio\Time_Sort\2021","30756361","29.33 MB","2021-02-17T12:34:09+00:00","2021-02-17T12:06:12+00:00"
"rec_03f7ef06311d9af1ecab6fddb39108096a49edf1","rec_20190822-1337.wav","\\SyNAS\Records\Audio\Time_Sort\2019","292181948","278.65 MB","","2019-08-22T11:37:28+00:00"
"rec_7d1f9772031e6dcfe5a36d6f6072c98f1bce7355","Audio recording 2020-11-23 07-19-40.aac","\\SyNAS\Records\Audio\Time_Sort\2020","24075523","22.96 MB","2020-11-23T00:00:00+00:00","2020-11-23T06:32:06+00:00"
"rec_9888fa8ab7e0e94123d7ebcf5bd4374c15c68ee4","2021_04_01_21_26_00.mp3","\\SyNAS\Records\2021","7096528","6.77 MB","2021-04-01T21:26:00+00:00","2021-04-01T19:33:25+00:00"
"rec_9c398dfa70fc85e78463e23c10a2d8391a339dc7","2021_04_14_12_30_02 strategie clarifiee.mp3","\\SyNAS\Records\Audio\Time_Sort\2021","12397922","11.82 MB","2021-04-14T12:30:02+00:00","2021-04-14T10:42:57+00:00"
"rec_37787c7d4300a48d2d2f4954f35726b2594e944a","2021_01_10_17_23_20 KTA Alois dit t'es folle.mp3","\\SyNAS\Records\Audio\Time_Sort\2021","83895274","80.01 MB","2021-01-10T17:23:20+00:00","2021-01-10T17:50:47+00:00"
"rec_169ac8f77e1c575be6927831057265b56ed7f473","2021_03_01_16_36_08 harcellemrnt constant.mp3","\\SyNAS\Records\2021","10004270","9.54 MB","2021-03-01T16:36:08+00:00","2021-03-01T15:46:33+00:00"
"rec_eff0c8a2e654b9e3371820f16d1227ae2780ec7d","2021_02_01_20_03_45.mp3","\\SyNAS\Records\2021","3306056","3.15 MB","2021-02-01T20:03:45+00:00","2021-02-01T19:07:12+00:00"
"rec_28e0f34fd4a73d8c766d91c4e6f69c95f1464df3","2021_04_05_23_49_51.mp3","\\SyNAS\Records\Audio\Time_Sort\2021","1748322","1.67 MB","2021-04-05T23:49:51+00:00","2021-04-05T21:51:40+00:00"
"rec_5c470b341248394efa37e353c3b5b59dc4212fce","Audio recording 2020-06-29 08-06-22.aac","\\SyNAS\Records\Audio\Time_Sort\2020","4654843","4.44 MB","2020-06-29T00:00:00+00:00","2020-06-29T06:08:46+00:00"
"rec_1b00c68a1a2dcfa6b3b8d6f4504c5c91bf878771","Audio recording 2020-12-03 20-11-28.aac","\\SyNAS\Records\Audio\Time_Sort\2020","1345699","1.28 MB","2020-12-03T00:00:00+00:00","2020-12-03T19:12:10+00:00"
"rec_8ec88d3c02dd9044674b6ca0c0edbbd6b1f9f4cd","2023-09-10_18h38m56_Voix 014 KTA devoir d'école.m4a","\\SyNAS\Records\2023","45078431","42.99 MB","2023-09-10T18:38:00+00:00","2023-09-10T16:38:56+00:00"
"rec_8596dd20ed1636bece2a18633df59fcbccb4218c","2024-06-02_10h31m24_Voix 003.m4a","\\SyNAS\Records\2024-notag","91287763","87.06 MB","2024-06-02T10:31:00+00:00","2024-06-02T08:31:24+00:00"
"rec_6352df5d92a8b799db0fe8959e1882596a705ed6","Audio recording 2020-11-24 21-08-22.aac","\\SyNAS\Records\2020","58721339","56.00 MB","2020-11-24T00:00:00+00:00","2020-11-24T20:38:40+00:00"
"rec_d90d9819d774a13acc76b1bd3acdb72162317645","2021_05_04_16_26_39.mp3","\\SyNAS\Records\2021","155712364","148.50 MB","2021-05-04T16:26:39+00:00","2021-05-04T17:08:50+00:00"
"rec_f7fec269ded41e41d3411bd8a47fce1c5b8186d9","2021_03_06_20_03_23.mp3","\\SyNAS\Records\Audio\Time_Sort\2021","17885726","17.06 MB","2021-03-06T20:03:23+00:00","2021-03-06T19:22:01+00:00"
"rec_b2508348651c02017f8a0db119c69550d2299e02","2020_08_23_21_40_19 nuit.mp3","\\SyNAS\Records\Audio\Time_Sort\2020","385160671","367.32 MB","2020-08-23T21:40:19+00:00","2020-08-24T02:21:31+00:00"
"rec_dc99bee70149c9bc66d81c27800f2ecdedbedc9a","2019-10-15_23h48m14_Foker.m4a","\\SyNAS\Records\2019","2017373","1.92 MB","2019-10-15T23:48:00+00:00","2019-10-15T21:48:14+00:00"
"rec_032b9b3a0d96f531f9d68283dacfe4186b971808","2021_02_27_14_27_37.mp3","\\SyNAS\Records\Audio\Time_Sort\2021","68206758","65.05 MB","2021-02-27T14:27:37+00:00","2021-02-27T14:38:42+00:00"
"rec_6c9f6a83fc165f1c8d5f62a6a9c03491be25939e","2021_02_10_13_48_34 prends garde a toi.mp3","\\SyNAS\Records\Audio\Time_Sort\2021","28767293","27.43 MB","2021-02-10T13:48:34+00:00","2021-02-10T13:18:33+00:00"
"rec_ef49f4daccc72789c2405575d9beb713c42d48cb","2020_12_26_08_10_03 dinda lendemain.mp3","\\SyNAS\Records\2020","39530160","37.70 MB","2020-12-26T08:10:03+00:00","2020-12-26T07:51:14+00:00"
"rec_6a41114d287337052dfa3134db01042d597d6747","2020-05-17_21h19m22_Voix 035_sd.m4a","\\SyNAS\Records\2020","2812867","2.68 MB","2020-05-17T21:19:00+00:00","2020-05-17T19:19:22+00:00"
"rec_2fc32e8768e42fd0eb0808a7cdf36e6f6f8c4755","2021_01_21_11_49_18.mp3","\\SyNAS\Records\Audio\Time_Sort\2021","367353520","350.34 MB","2021-01-21T11:49:18+00:00","2021-01-21T17:12:01+00:00"
"rec_20c4b353b9d1d76efd47f2c3c84a124b7d6bd2cd","Audio recording 2020-12-07 21-45-14 lecture par Aloïs.aac","\\SyNAS\Records\Audio\Time_Sort\2020","57404275","54.74 MB","2020-12-07T00:00:00+00:00","2020-12-07T21:14:52+00:00"
"rec_5afb4c499070aff442f3f35d6787a9a2896b9b5d","Audio recording 2020-10-12 23-37-27.aac","\\SyNAS\Records\2020","2720423","2.59 MB","2020-10-12T00:00:00+00:00","2020-10-12T21:38:52+00:00"
"rec_cee7245ce213f630c1a959180425c911afe91610","2021_06_11_21_31_56 soiree uefa.mp3","\\SyNAS\Records\2021","119195295","113.67 MB","2021-06-11T21:31:56+00:00","2021-06-11T21:36:10+00:00"
"rec_4f4a4443e8442c10d3940d36aa2275ca1791d2d8","2021_03_28_13_26_43 dictature.mp3","\\SyNAS\Records\2021","17265474","16.47 MB","2021-03-28T13:26:43+00:00","2021-03-28T11:44:43+00:00"
"rec_34b2c43c81c0a8f5503bf1fd9f3b4dc882f035ac","2020_09_04_21_44_42 folie.mp3","\\SyNAS\Records\Audio\Time_Sort\2020","3295607","3.14 MB","2020-09-04T21:44:42+00:00","2020-09-04T19:48:08+00:00"
"rec_7cd45c11c777951d7d284d9f98199eb379497332","2021_04_04_19_18_58 rire demoniaque.mp3","\\SyNAS\Records\2021","13694431","13.06 MB","2021-04-04T19:18:58+00:00","2021-04-04T17:33:14+00:00"
"rec_0bc6f71066d10cf065884e2f546039cfa0304f72","2022-09-26_19h40m11_Voix 080 humiliations.m4a","\\SyNAS\Records\2022-July-Dec","16946712","16.16 MB","2022-09-26T19:40:00+00:00","2022-09-26T17:40:11+00:00"
"rec_3250652cdf18e46df5fa82a1c21bfbc6a28c47be","2021_06_08_12_04_49 lunch stores.mp3","\\SyNAS\Records\2021","53184887","50.72 MB","2021-06-08T12:04:49+00:00","2021-06-08T11:00:13+00:00"
"rec_dae4001b2d03970f2767fab408d0f5e2359ee28f","2020_10_17_22_12_25 alois confidenxes.mp3","\\SyNAS\Records\Audio\2020-Unsorted","99628093","95.01 MB","2020-10-17T22:12:25+00:00","2020-10-17T21:56:12+00:00"
"rec_220dfbf7eaf34ad119cd938dbebe31fc176c2dc1","2021_01_13_20_20_33.mp3","\\SyNAS\Records\Audio\Time_Sort\2021","974679","951.83 KB","2021-01-13T20:20:33+00:00","2021-01-13T19:21:34+00:00"
"rec_2d14f509b688eecf9ed7f7b88a4b9980f79c188f","Audio recording 2020-09-04 17-30-57.wav","\\SyNAS\Records\2020","145840508","139.08 MB","2020-09-04T00:00:00+00:00","2020-09-04T16:04:51+00:00"
"rec_3c3075bf3bdbe9abd514d33c25970c43d4bb5f1d","2021_03_06_18_14_45.mp3","\\SyNAS\Records\Audio\Time_Sort\2021","96103026","91.65 MB","2021-03-06T18:14:45+00:00","2021-03-06T18:54:51+00:00"
"rec_0c697cfc557c45a61b9db64e5d3371a6271ed69c","Audio recording 2020-09-19 20-58-00.aac","\\SyNAS\Records\2020","54418435","51.90 MB","2020-09-19T00:00:00+00:00","2020-09-19T19:51:37+00:00"
"rec_d64b7b304d0c3fa550243d7c1cfbb70d87eff918","Audio recording 2020-07-05 01-26-53.wav","\\SyNAS\Records\Audio\Time_Sort\2020","16327628","15.57 MB","2020-07-05T00:00:00+00:00","2020-07-04T23:28:26+00:00"
"rec_8debbac9864303eff6775e27a4993fd17255b14d","2021_01_27_15_57_45.mp3","\\SyNAS\Records\Audio\Time_Sort\2021","4267780","4.07 MB","2021-01-27T15:57:45+00:00","2021-01-27T15:02:12+00:00"
"rec_5e6d3295540a96494a8c04aabb493060fdbf954f","2021_09_15_17_23_11 telephone duden crisis.mp3","\\SyNAS\Records\2021","14925739","14.23 MB","2021-09-15T17:23:11+00:00","2021-09-15T15:38:44+00:00"
"rec_4e6a76d1d86b01777543b0b21f1170cf3e754b16","Audio recording 2020-06-27 22-23-45.aac","\\SyNAS\Records\2020","37111179","35.39 MB","2020-06-27T00:00:00+00:00","2020-06-27T20:42:54+00:00"
"rec_bac32a2069078975bcf2d4cdc1fa70521a63e148","2020_08_24_11_30_39 midi.mp3","\\SyNAS\Records\2020","66957478","63.86 MB","2020-08-24T11:30:39+00:00","2020-08-24T10:40:24+00:00"
"rec_0f50a02a0419b71bfccf95a71680e83c355a6230","2021_01_27_22_14_14.mp3","\\SyNAS\Records\Audio\Time_Sort\2021","191872874","182.98 MB","2021-01-27T22:14:14+00:00","2021-01-28T00:34:06+00:00"
"rec_81fdb71ee244d34cd5e93e3fb07b71d4e5f19ea3","2021_07_04_20_08_34.mp3","\\SyNAS\Records\2021","211904","206.94 KB","2021-07-04T20:08:34+00:00","2021-07-04T18:08:47+00:00"
"rec_7ee62e18fe31cd067bbcbc316bcc2f80437ec0be","2022-06-25_08h33m33_Voix 017 samedi matin tranquille.m4a","\\SyNAS\Records\2022-July-Dec","73523646","70.12 MB","2022-06-25T08:33:00+00:00","2022-06-25T06:33:33+00:00"
"rec_a8b85979fe207d4492cd4c520a82bd49c7481b73","2021_07_04_17_58_56.mp3","\\SyNAS\Records\2021","33732230","32.17 MB","2021-07-04T17:58:56+00:00","2021-07-04T16:34:06+00:00"
"rec_f434e96e3e5c787e932ef66622e038adc6789861","Audio recording 2020-05-28 21-48-55 pour parler.aac","\\SyNAS\Records\2020","53654940","51.17 MB","2020-05-28T00:00:00+00:00","2020-05-28T20:16:36+00:00"
"rec_f60c8c8456935b755d631cb5abe2e615d720509d","Audio recording 2020-07-11 21-32-57.wav","\\SyNAS\Records\2020","4593500","4.38 MB","2020-07-11T00:00:00+00:00","2020-07-11T19:33:22+00:00"
"rec_2573cd29c646bc05187bb14c27dbec996eb2dc49","2020-03-18_17h39m20_Recording (10) pipi à coté.m4a","\\SyNAS\Records\WebStorage\ALO","6310822","6.02 MB","2020-03-18T17:39:00+00:00","2020-04-06T15:42:01+00:00"
"rec_e7b91232e38ccc14dfdbdb68c0e6e4d83c043a16","2024-09-20_21h03m00_Mémo 001.m4a","\\SyNAS\Records\2024","80143","78.26 KB","2024-09-20T21:03:00+00:00","2024-09-20T19:03:00+00:00"
"rec_85caa7db13e2df10779f04d64e16f27a164ec15d","2021_03_04_14_01_44 meeting.mp3","\\SyNAS\Records\2021","103876230","99.06 MB","2021-03-04T14:01:44+00:00","2021-03-04T14:49:56+00:00"
"rec_d191bc7c35bee80ddc580fa743efa896cc9f904b","Audio recording 2020-08-21 12-13-32.wav","\\SyNAS\Records\Audio\Time_Sort\2020","270654092","258.12 MB","2020-08-21T00:00:00+00:00","2020-08-21T10:39:07+00:00"
"rec_54ed119db9102014bdcd61a9ce3f12ed50e758d5","2020_12_24_21_27_46.mp3","\\SyNAS\Records\2020","35396544","33.76 MB","2020-12-24T21:27:46+00:00","2020-12-24T21:04:38+00:00"
"rec_f7a3492e6f79c0cba7f56bf79619e19e8f6ddc19","Audio recording 2020-11-26 11-58-49.aac","\\SyNAS\Records\Audio\Time_Sort\2020","24774647","23.63 MB","2020-11-26T00:00:00+00:00","2020-11-26T11:11:36+00:00"
"rec_7a54a276c7708eef35990a95866675cf4f1549e6","Audio recording 2020-06-04 19-21-39 diner  ordure.aac","\\SyNAS\Records\2020","105059451","100.19 MB","2020-06-04T00:00:00+00:00","2020-06-04T18:15:52+00:00"
"rec_151bc4bf4ecab1a4d14c4d7cb8d58130cc3bb5cc","2021_02_25_14_34_09 je vais tout peter.mp3","\\SyNAS\Records\Audio\Time_Sort\2021","978859","955.92 KB","2021-02-25T14:34:09+00:00","2021-02-25T13:35:10+00:00"
"rec_7cd023c9e39199bb4167be7c57985601f407a0c0","2021_02_10_16_18_00_KT louer des skis.mp3","\\SyNAS\Records\2021","5163466","4.92 MB","2021-02-10T16:18:00+00:00","2021-02-10T15:23:23+00:00"
"rec_d3fb19bf4cb35f7d5e27276682271d3f6deb5bb4","2021_02_14_20_55_52.mp3","\\SyNAS\Records\2021","16235205","15.48 MB","2021-02-14T20:55:52+00:00","2021-02-14T20:12:47+00:00"
"rec_96c76088f0eb3477ec2fef79311e1d48cf9f2099","Audio recording 2020-12-01 07-22-04.aac","\\SyNAS\Records\2020","45866474","43.74 MB","2020-12-01T00:00:00+00:00","2020-12-01T06:45:44+00:00"
"rec_f8dd00da34bae0179b7fc3000cd0c3a5a66db9b4","2021_01_22_19_47_06.mp3","\\SyNAS\Records\Audio\Time_Sort\2021","759430","741.63 KB","2021-01-22T19:47:06+00:00","2021-01-22T18:47:54+00:00"
"rec_a3c5f63dcdbb4c1d0799d27cfe5583a8fac75ecf","2021_01_17_18_55_52 KTA falempin.mp3","\\SyNAS\Records\2021","161012923","153.55 MB","2021-01-17T18:55:52+00:00","2021-01-17T20:43:35+00:00"
"rec_9f0e9bb412dda611e61ef416967549c3e0999281","2022-07-21_15h53m21_Voix 047 respirateur.m4a","\\SyNAS\Records\2022-July-Dec","1073435","1.02 MB","2022-07-21T15:53:00+00:00","2022-07-21T13:53:21+00:00"
"rec_aebc456b7f0d72d2fc774a24903d176b931fccaf","2020_09_20_15_23_31 lesson avec Maman.mp3","\\SyNAS\Records\Audio\2020-Unsorted","149813288","142.87 MB","2020-09-20T15:23:31+00:00","2020-09-20T15:59:36+00:00"
"rec_20a8fe89f9062ff8c30bfe06f53668b56f9b1717","2019-10-15_23h48m14_Foker.m4a","\\SyNAS\Records\Audio\Time_Sort\2019","2017373","1.92 MB","2019-10-15T23:48:00+00:00","2019-10-15T21:48:14+00:00"
"rec_fb73e5fc17188fa38095886d084e85dd79b8bb3b","2020_08_23_16_34_37 sunday après-midi .mp3","\\SyNAS\Records\2020","156743470","149.48 MB","2020-08-23T16:34:37+00:00","2020-08-23T17:17:54+00:00"
"rec_aadfb164e6f173ad4ce6088e759a01434edd906f","2021_01_01_20_46_49.mp3","\\SyNAS\Records\2020","8433579","8.04 MB","2021-01-01T20:46:49+00:00","2021-01-01T19:55:36+00:00"
"rec_24311e4d2aa7977304e6723a7a9a4c6033832a2b","2021_06_20_07_44_56.mp3","\\SyNAS\Records\2021","19799561","18.88 MB","2021-06-20T07:44:56+00:00","2021-06-20T06:05:33+00:00"
"rec_e6f3173f8f2b3b828c3d5e6eafad9bd909a34f9a","Audio recording 2020-09-27 14-35-11.aac","\\SyNAS\Records\2020","88693","86.61 KB","2020-09-27T00:00:00+00:00","2020-09-27T12:35:15+00:00"
"rec_f11ad2a41d9e574a54a9d565b322a11fcd92cadc","2021_05_31_12_09_53 lunch.mp3","\\SyNAS\Records\2021","48646686","46.39 MB","2021-05-31T12:09:53+00:00","2021-05-31T11:00:34+00:00"
"rec_a967abf0624612d61c4898ed68c52557dee834c1","2021_06_12_22_20_18 histoire temps d'avant.mp3","\\SyNAS\Records\2021","6522252","6.22 MB","2021-06-12T22:20:18+00:00","2021-06-12T20:27:06+00:00"
"rec_d0b4b6bbc28117ee1f5f5a8a57b06837be500540","2022-10-29_21h11m16_Voix 092 pas internet.m4a","\\SyNAS\Records\2022-July-Dec","11143197","10.63 MB","2022-10-29T21:11:00+00:00","2022-10-29T19:11:16+00:00"
"rec_f7e9e73611bb1e6336649ff80412a08439300764","2024-07-08_17h53m52_Voix 011.m4a","\\SyNAS\Records\2024-notag","5087308","4.85 MB","2024-07-08T17:53:00+00:00","2024-07-08T15:53:52+00:00"
"rec_9c9de3fed78fe060d7c6d3fdb239b8e32cb73023","Audio recording 2020-07-02 20-56-48.aac","\\SyNAS\Records\2020","28428820","27.11 MB","2020-07-02T00:00:00+00:00","2020-07-02T19:11:28+00:00"
"rec_14f535ce8b1bb8d7575c91a6118d7713174ab258","2021_08_16_12_17_40 premier jour ecole.mp3","\\SyNAS\Records\2021","36961801","35.25 MB","2021-08-16T12:17:40+00:00","2021-08-16T10:56:10+00:00"
"rec_844c4c76f360946252bb0c5b734a1af006a7011f","2022-06-28_14h25m12_Voix 024.m4a","\\SyNAS\Records\2022-July-Dec","2183091","2.08 MB","2022-06-28T14:25:00+00:00","2022-06-28T12:25:12+00:00"
"rec_70cddaaec286c749927b6bf441f03a2cef456473","2020_08_26_14_45_26 frauen verein anmeldung.mp3","\\SyNAS\Records\2020","67196968","64.08 MB","2020-08-26T14:45:26+00:00","2020-08-26T13:55:26+00:00"
"rec_0e2127b483b34be85af6caeacca408b4d6f9e27d","2020-03-29_15h58m26_Recording (16)_Dinda.m4a","\\SyNAS\Records\Rec\DD","16104981","15.36 MB","2020-03-29T15:58:00+00:00","2020-04-05T23:24:07+00:00"
"rec_670ee4bd95dcc413bbc52d3b70eb25dec1fc08cb","Audio recording 2020-11-24 17-31-40.aac","\\SyNAS\Records\2020","292430365","278.88 MB","2020-11-24T00:00:00+00:00","2020-11-24T19:02:34+00:00"
"rec_1b050178f170b5ecdd51e7a80258e28543435887","2021_05_19_19_55_02.mp3","\\SyNAS\Records\2021","97777370","93.25 MB","2021-05-19T19:55:02+00:00","2021-05-19T19:36:53+00:00"
"rec_d4f2c0c6d36e3422dc1604c6e100c5eea1a20c2c","2023-08-21_20h34m00_Voix 010.m4a","\\SyNAS\Records\2023","120032407","114.47 MB","2023-08-21T20:34:00+00:00","2023-08-21T18:34:00+00:00"
"rec_1e51a4279997d95fdbfe5f41b9c6d59a1113f52b","2021_01_02_15_12_24.mp3","\\SyNAS\Records\Audio\Time_Sort\2021","508655","496.73 KB","2021-01-02T15:12:24+00:00","2021-01-02T14:12:56+00:00"
"rec_648d2810443e18134941a60de10964e6238c3bab","Audio recording 2020-05-30 17-39-59.aac","\\SyNAS\Records\2020","6540428","6.24 MB","2020-05-30T00:00:00+00:00","2020-05-30T15:43:23+00:00"
"rec_d92aa732ceca0f47423a6a1dbeec98704a98c53f","2019-09-17_16h44m38_Enregistrement_412.wav","\\SyNAS\Records\Audio\Time_Sort\2019","104393699","99.56 MB","2019-09-17T16:44:00+00:00","2019-09-17T14:44:38+00:00"
"rec_1a4fb4e368045ab36630504b7157710e0fa9d27d","2021_05_01_13_41_10.mp3","\\SyNAS\Records\2021","3842297","3.66 MB","2021-05-01T13:41:10+00:00","2021-05-01T11:45:10+00:00"
"rec_1d94f8e82430f931575604a8895b0cddef9926fd","2020-05-23_21h26m22_Voix 045_sd harcelemtnz.m4a","\\SyNAS\Records\2020","136448245","130.13 MB","2020-05-23T21:26:00+00:00","2020-05-23T19:26:22+00:00"
"rec_55ce66f343ce49e1d8b33de48de4e395a4f06c88","2021_03_04_21_45_23 TA histoire 2 petites oreilles.mp3","\\SyNAS\Records\Audio\Time_Sort\2021","946259","924.08 KB","2021-03-04T21:45:23+00:00","2021-03-04T21:30:24+00:00"
"rec_b97cb984cd146175d3d0bac5700683e0e75c8449","2020-04-02_14h29m18_Recording (20)_Dinda.m4a","\\SyNAS\Records\WebStorage\DD","51490609","49.11 MB","2020-04-02T14:29:00+00:00","2020-04-05T23:24:07+00:00"
"rec_293ffdaf9a37db05ba1c26ef3ca8f5e6c2eac41e","2021_04_15_12_02_19.mp3","\\SyNAS\Records\Audio\Time_Sort\2021","56702013","54.08 MB","2021-04-15T12:02:19+00:00","2021-04-15T11:01:23+00:00"
"rec_9126ac5766b2916b4dca806663d9213f52c711fc","2021_05_04_19_33_24 porcineyt.mp3","\\SyNAS\Records\2021","6885040","6.57 MB","2021-05-04T19:33:24+00:00","2021-05-04T17:40:35+00:00"
"rec_bc7fbdc087606c68f1665aca2a27b42e26fd742e","2020_12_22_13_27_47 lettre finalisation.mp3","\\SyNAS\Records\Audio\Time_Sort\2020","2959150","2.82 MB","2020-12-22T13:27:47+00:00","2020-12-22T12:30:53+00:00"
"rec_81d028b8e6164eaba8c3723dfcd6419ff7c1a80d","2021_06_04_18_25_40.mp3","\\SyNAS\Records\2021","15237954","14.53 MB","2021-06-04T18:25:40+00:00","2021-06-04T16:41:32+00:00"
"rec_825cb40fcfb24e8e87e4e0ee022ae9f9dfcbf898","2021_08_25_12_27_11 lunch.mp3","\\SyNAS\Records\2021","63370134","60.43 MB","2021-08-25T12:27:11+00:00","2021-08-25T11:33:12+00:00"
"rec_7e96424ebeefe5a301133eeb76f807f9423621e8","Audio recording 2020-10-18 19-54-50.aac","\\SyNAS\Records\2020","117582105","112.14 MB","2020-10-18T00:00:00+00:00","2020-10-18T18:55:31+00:00"
"rec_47360f55f297aa3042c8094c0a89c1ae8aa87a82","2020-03-18_17h40m41_Recording (7) Dinda conversation.m4a","\\SyNAS\Records\Rec\DD","63192745","60.27 MB","2020-03-18T17:40:00+00:00","2020-04-05T23:24:00+00:00"
"rec_7f797a75ba374b904fb4babe0ecfdde3d495d53e","2021_06_29_07_56_18.mp3","\\SyNAS\Records\2021","7263293","6.93 MB","2021-06-29T07:56:18+00:00","2021-06-29T06:03:52+00:00"
"rec_1b979769483c238181e65b98c2ad4df78a0f070c","2021_04_05_18_25_50.mp3","\\SyNAS\Records\2021","7222751","6.89 MB","2021-04-05T18:25:50+00:00","2021-04-05T16:33:22+00:00"
"rec_458e04ff20760764028d0cd4133cd36f5ace51c1","2021_01_11_13_00_14 KT virer de ma vie et celle Alois-Victoire.mp3","\\SyNAS\Records\Audio\Time_Sort\2021","217869","212.76 KB","2021-01-11T13:00:14+00:00","2021-01-11T13:07:18+00:00"
"rec_03db95c4166e52b7b5ad0d142b34d99aa3854b3d","2022-09-03_03h45m51_Voix 067 surat Ya Sin.m4a","\\SyNAS\Records\2022-July-Dec","18064551","17.23 MB","2022-09-03T03:45:00+00:00","2022-09-03T01:45:51+00:00"
"rec_aaf06d9e81d51a6d480ad5279f41e0a55c2afde0","2021_03_30_13_48_58.mp3","\\SyNAS\Records\2021","113352201","108.10 MB","2021-03-30T13:48:58+00:00","2021-03-30T13:47:05+00:00"
"rec_5a5be35e7803079da84ab57d2f863ce19b09b9cd","2021_07_10_12_37_11 KTA moi moi moi.mp3","\\SyNAS\Records\2021","31383718","29.93 MB","2021-07-10T12:37:11+00:00","2021-07-10T11:09:53+00:00"
"rec_d8d9b19fa6059d108a754b83d091a54079848ca8","Audio recording 2020-11-28 21-58-01DD.aac","\\SyNAS\Records\Audio\Time_Sort\2020","125780025","119.95 MB","2020-11-28T00:00:00+00:00","2020-11-29T08:37:58+00:00"
"rec_0d3b5de5fce2cff290a824924887381a8c48d120","2022-07-04_08h09m26_Voix 032 insultes matinales en boucle.m4a","\\SyNAS\Records\2022-July-Dec","598724","584.69 KB","2022-07-04T08:09:00+00:00","2022-07-04T06:09:26+00:00"
"rec_8ed9ce965b9337d4d1076a427a365b52eb4b4c91","Audio recording 2020-08-04 22-14-04.wav","\\SyNAS\Records\Audio\Time_Sort\2020","259971308","247.93 MB","2020-08-04T00:00:00+00:00","2020-08-04T20:38:38+00:00"
"rec_ea32fdd47809e40ef8c248cb263e10d39926cd14","2021_01_03_21_36_58 Alois fin vacances discussion.mp3","\\SyNAS\Records\2021","33955415","32.38 MB","2021-01-03T21:36:58+00:00","2021-01-03T21:12:56+00:00"
"rec_86025f7e7568da81f91c185c636525a7a9e230fa","Audio recording 2020-06-27 23-13-45.aac","\\SyNAS\Records\Audio\Time_Sort\2020","190725881","181.89 MB","2020-06-27T00:00:00+00:00","2020-06-27T22:52:10+00:00"
"rec_f8a98ccbf48d79935ee9f3431144e0edfb06d9dc","Audio recording 2020-08-17 12-03-19.wav","\\SyNAS\Records\2020","391001228","372.89 MB","2020-08-17T00:00:00+00:00","2020-08-17T10:40:17+00:00"
"rec_81399cbb39eb779957c33a7434f52bfba7cfece1","2021_08_02_14_30_29 peibture.mp3","\\SyNAS\Records\2021","146840763","140.04 MB","2021-08-02T14:30:29+00:00","2021-08-02T15:03:29+00:00"
"rec_1f72ea8faca95790d6016c3cf486971455f2cd5e","2019-10-27_14h36m04_Voix 006.m4a","\\SyNAS\Records\2019","15813126","15.08 MB","2019-10-27T14:36:00+00:00","2019-10-27T13:36:04+00:00"
"rec_08a61acde2c8210db83ee6821d83e841cfd7ced4","2021_07_10_21_46_55 KTA mes clefs.mp3","\\SyNAS\Records\2021","37061347","35.34 MB","2021-07-10T21:46:55+00:00","2021-07-10T20:25:32+00:00"
"rec_100e588a8ae0e2039b00f076f08fff01364310b7","Audio recording 2020-12-07 20-34-11.aac","\\SyNAS\Records\2020","137589649","131.22 MB","2020-12-07T00:00:00+00:00","2020-12-07T20:45:11+00:00"
"rec_11058ffcc66b41fe5bfd1b3fff4155f7a11da464","Audio recording 2020-09-25 12-04-18.aac","\\SyNAS\Records\2020","158621903","151.27 MB","2020-09-25T00:00:00+00:00","2020-09-25T14:19:16+00:00"
"rec_41c0b7ca9edbacea8b16a600633c300a3b6fa54b","2020_11_24_21_20_08 un aveugle.mp3","\\SyNAS\Records\Audio\2020-Unsorted","16225174","15.47 MB","2020-11-24T21:20:08+00:00","2020-11-24T20:37:02+00:00"
"rec_9a08735c6508d4ab2da6135fa7c77e4c7a9f29f5","2021_03_04_21_45_23 TA histoire 2 petites oreilles hors du courant2.mp3","\\SyNAS\Records\2021","909060","887.75 KB","2021-03-04T21:45:23+00:00","2021-03-04T21:44:34+00:00"
"rec_b8be31e36c9bf029622f6330681e5e8ae9554724","2023-02-07_14h26m16_Voix 129 kta coussins retournés.m4a","\\SyNAS\Records\2023","8025643","7.65 MB","2023-02-07T14:26:00+00:00","2023-02-07T13:26:16+00:00"
"rec_cf22830d0a90208fffc831a91070f44026e5e5b4","Audio recording 2020-10-19 20-13-30.aac","\\SyNAS\Records\2020","78706170","75.06 MB","2020-10-19T00:00:00+00:00","2020-10-19T18:54:07+00:00"
"rec_3544f8374ee720cbc8d8e3c54bd85541b558ee83","2020_12_30_23_01_47 TA confessions 2019.mp3","\\SyNAS\Records\Audio\Time_Sort\2020","37308707","35.58 MB","2020-12-30T23:01:47+00:00","2020-12-30T22:40:38+00:00"
"rec_5f517a4f59cb8b77f212e60042dd2cdb3ecd53f8","Audio recording 2020-11-24 20-02-39.aac","\\SyNAS\Records\Audio\Time_Sort\2020","44643916","42.58 MB","2020-11-24T00:00:00+00:00","2020-11-24T19:25:42+00:00"
"rec_1b428b0168782c6d76f50d29c5b86ce0ff0a349c","2020-04-02_17h38m28_Recording (21)_Dinda.m4a","\\SyNAS\Records\Rec\DD","15789123","15.06 MB","2020-04-02T17:38:00+00:00","2020-04-05T23:24:07+00:00"
"rec_60f5792ad1e72e2e5aecb1c2963b6faf52237b9e","Audio recording 2020-10-31 16-33-37.aac","\\SyNAS\Records\2020","73743848","70.33 MB","2020-10-31T00:00:00+00:00","2020-10-31T16:11:41+00:00"
"rec_0d5708c901c9e32f5259127939043070a4edd0ed","2021_06_04_07_09_47 morning light.mp3","\\SyNAS\Records\2021","339381","331.43 KB","2021-06-04T07:09:47+00:00","2021-06-04T05:10:08+00:00"
"rec_977095d2edcb20bbd86b1a8910e3d31e9653abe8","2024-05-29_21h39m04_Voix 003 DD after explication.m4a","\\SyNAS\Records\2024_DD_theater","4325840","4.13 MB","2024-05-29T21:39:00+00:00","2024-05-29T19:39:04+00:00"
"rec_4f27aba6506de553697a7a9c0ac9fbb1ecaec842","2021_02_24_00_11_06 depense.mp3","\\SyNAS\Records\2021","1325765","1.26 MB","2021-02-24T00:11:06+00:00","2021-02-23T23:12:29+00:00"
"rec_ab8bc2afe39de280598900b87503740356a19e06","2024-09-09_03h04m26_Voix 022.m4a","\\SyNAS\Records\2024-notag","5351400","5.10 MB","2024-09-09T03:04:00+00:00","2024-09-09T01:04:26+00:00"
"rec_f456df130b0acb7fa5954c2597c6aba922b8847d","2022-07-29_15h28m35_Voix 050 chien nostalgir.m4a","\\SyNAS\Records\2022-July-Dec","20064253","19.13 MB","2022-07-29T15:28:00+00:00","2022-07-29T13:28:35+00:00"
"rec_b3a1022c1392321047492aaa6ca060739154df3d","Audio recording 2020-08-25 20-35-20.wav","\\SyNAS\Records\Audio\Time_Sort\2020","308904668","294.59 MB","2020-08-25T00:00:00+00:00","2020-08-25T19:04:32+00:00"
"rec_ab20a96805e58e8cf8db1f636df65cb7aac898c0","2020_12_28_23_18_58 A lecture moineaux.mp3","\\SyNAS\Records\2020","17704750","16.88 MB","2020-12-28T23:18:58+00:00","2020-12-28T22:37:25+00:00"
"rec_446f61b78e80dcf313d176a9065447b50cb3e38f","Audio recording 2020-09-05 20-44-18 soir.wav","\\SyNAS\Records\Audio\Time_Sort\2020","198619388","189.42 MB","2020-09-05T00:00:00+00:00","2020-09-05T19:03:05+00:00"
"rec_c6dfece4a025de0e8a5b95f6acba63840e0b626f","2020_11_06_23_46_49 pleurs reveillé pour un pipi.mp3","\\SyNAS\Records\2020","3149321","3.00 MB","2020-11-06T23:46:49+00:00","2020-11-06T22:50:06+00:00"
"rec_4052a2f51b3c06feeeaca58f98e188e9a30637be","2021_01_04_18_16_51.mp3","\\SyNAS\Records\2021","1289821","1.23 MB","2021-01-04T18:16:51+00:00","2021-01-04T17:18:12+00:00"
"rec_80e5a60f70e55d6493524f8055e9ddc23abf4e81","2022-09-10_15h46m32_Voix 068 crisis Mum's lettrr.m4a","\\SyNAS\Records\2022-July-Dec","41428901","39.51 MB","2022-09-10T15:46:00+00:00","2022-09-10T13:46:32+00:00"
"rec_a947b2e4892b7f30af0cf91f957ede54e88a4c57","2021_02_12_15_34_11.mp3","\\SyNAS\Records\Audio\Time_Sort\2021","108323734","103.31 MB","2021-02-12T15:34:11+00:00","2021-02-12T16:27:04+00:00"
"rec_dbf9e66440b84428fad77e181dc63ade7ac4f9c3","2021_01_22_20_00_57.mp3","\\SyNAS\Records\2021","47361879","45.17 MB","2021-01-22T20:00:57+00:00","2021-01-22T19:50:17+00:00"
"rec_dc7df9c552d025143e1042d0ae80c17d735e6aac","2022-07-22_01h13m00_Voix 047.m4a","\\SyNAS\Records\2022-July-Dec","296602455","282.86 MB","2022-07-22T01:13:00+00:00","2022-07-21T23:13:00+00:00"
"rec_badfbcad7e29724260b0da94dff2e9cba4d99cde","2022-07-01_21h29m08_Voix 029 hi ha ho.m4a","\\SyNAS\Records\2022-July-Dec","8083469","7.71 MB","2022-07-01T21:29:00+00:00","2022-07-01T19:29:08+00:00"
"rec_270545f6bcb3dd78caa1d2125cf3c951b506cd77","2021_01_20_13_31_40 KT avocat.mp3","\\SyNAS\Records\Audio\Time_Sort\2021","9949935","9.49 MB","2021-01-20T13:31:40+00:00","2021-01-20T12:42:01+00:00"
"rec_0a7305fcd2dd2ee9ccb82d9d4837ba3de2b47c8f","Audio recording 2020-07-21 21-48-50.wav","\\SyNAS\Records\2020","2875364","2.74 MB","2020-07-21T00:00:00+00:00","2020-07-22T06:25:38+00:00"
"rec_89baed7f137f322af6bb796a951d5d1155130bcc","2020_12_27_13_33_03.mp3","\\SyNAS\Records\2020","1020655","996.73 KB","2020-12-27T13:33:03+00:00","2020-12-27T12:34:07+00:00"
"rec_c80cc2a68d3e82508f3a68570dbcb011a052ce3c","2021_01_20_13_31_40 KT avocat.mp3","\\SyNAS\Records\2021","9949935","9.49 MB","2021-01-20T13:31:40+00:00","2021-01-20T12:42:01+00:00"
"rec_e37e94d93dd8eef75ec155647c953948a22dc02e","2021_03_06_21_11_14.mp3","\\SyNAS\Records\2021","959370","936.88 KB","2021-03-06T21:11:14+00:00","2021-03-06T20:12:14+00:00"
"rec_be1a041fa9e33e4d595c313966e96757bfa8654b","2021_01_10_08_37_53.mp3","\\SyNAS\Records\Audio\Time_Sort\2021","187626056","178.93 MB","2021-01-10T08:37:53+00:00","2021-01-10T10:53:20+00:00"
"rec_2c9fd77b5cbda2591ac705c2f2f9e5796ceb4cee","2021_04_03_12_07_25 repas midi.mp3","\\SyNAS\Records\2021","144265298","137.58 MB","2021-04-03T12:07:25+00:00","2021-04-03T12:37:43+00:00"
"rec_351103fb1674837a9985110f52f70941258c45db","Audio recording 2020-11-09 21-00-24.aac","\\SyNAS\Records\2020","4519037","4.31 MB","2020-11-09T00:00:00+00:00","2020-11-09T20:02:44+00:00"
"rec_1a3631f9322f5380d17965c0812fdf954940e471","2020_09_13_15_39_39.mp3","\\SyNAS\Records\Audio\2020-Unsorted","813765","794.69 KB","2020-09-13T15:39:39+00:00","2020-09-13T13:40:30+00:00"
"rec_67ae7b7abf42930727ed002f00c134f2d5070e60","2021_02_19_19_31_29 daniella consultation.mp3","\\SyNAS\Records\Audio\Time_Sort\2021","142018768","135.44 MB","2021-02-19T19:31:29+00:00","2021-02-19T20:59:25+00:00"
"rec_36cd2d7950daf1fa77a5352403c81a8a13fb1bfe","2020_11_14_07_36_37 TA matin.mp3","\\SyNAS\Records\Audio\2020-Unsorted","111080593","105.93 MB","2020-11-14T07:36:37+00:00","2020-11-14T08:32:19+00:00"
"rec_4c677734bba0d374cc4fed5463c2950b7a8fa9ca","2020_08_01_11_50_15.mp3","\\SyNAS\Records\2020","67284322","64.17 MB","2020-08-01T11:50:15+00:00","2020-08-01T11:00:20+00:00"
"rec_9613784b1cb16c342c05b5571b85ae2e2147b7b6","2021_06_23_07_58_23.mp3","\\SyNAS\Records\2021","10670914","10.18 MB","2021-06-23T07:58:23+00:00","2021-06-23T06:09:30+00:00"
"rec_87d04d444a4049f35f988a91a2de3a7347c56c57","2021_04_13_19_49_34.mp3","\\SyNAS\Records\Audio\Time_Sort\2021","48051512","45.83 MB","2021-04-13T19:49:34+00:00","2021-04-13T18:39:37+00:00"
"rec_d4d8070eb7ff9f264b3003eef6b7c54a2a205e49","2021_04_14_20_59_39 cobfidences a sa soeur.mp3","\\SyNAS\Records\Audio\Time_Sort\2021","47778167","45.56 MB","2021-04-14T20:59:39+00:00","2021-04-14T19:49:26+00:00"
"rec_6a4fb38d8b37b1a6b7c137ad996156cddb9ca373","2021_04_18_19_28_47.mp3","\\SyNAS\Records\2021","8171101","7.79 MB","2021-04-18T19:28:47+00:00","2021-04-18T17:37:17+00:00"
"rec_45135652c5213954cc78c508c91dd69df831d554","2021_04_14_15_28_42.mp3","\\SyNAS\Records\2021","1159250","1.11 MB","2021-04-14T15:28:42+00:00","2021-04-14T13:31:15+00:00"
"rec_b9df937037bde98546004a84bcbbc9ff3d7ddf00","2021_02_10_19_51_34 je fais ce que je veux.mp3","\\SyNAS\Records\2021","6429883","6.13 MB","2021-02-10T19:51:34+00:00","2021-02-10T18:58:16+00:00"
"rec_d66a4e8d5cf6386450d4a3095c19e30d3a3f02e7","2021_07_16_14_13_07.mp3","\\SyNAS\Records\2021","61021","59.59 KB","2021-07-16T14:13:07+00:00","2021-07-16T12:13:11+00:00"
"rec_615c46a9d1623a67ac874b25027a13c80879a67c","2021_05_18_11_51_04 lunch.mp3","\\SyNAS\Records\2021","45838403","43.71 MB","2021-05-18T11:51:04+00:00","2021-05-18T10:38:49+00:00"
"rec_602aff3c8bfc1d3f44b4080ab2bd0c522e1bbedd","2020_09_13_22_39_51.mp3","\\SyNAS\Records\Audio\2020-Unsorted","10573530","10.08 MB","2020-09-13T22:39:51+00:00","2020-09-13T20:50:52+00:00"
"rec_2fbbe7f56706bca3601bf069292ea0b6a1092ac7","Audio recording 2020-08-19 21-11-36.wav","\\SyNAS\Records\2020","12161060","11.60 MB","2020-08-19T00:00:00+00:00","2020-08-19T19:12:46+00:00"
"rec_811a3c2cd006ad84713ef2ef1d14b7c6c1c5e148","2021_02_01_07_19_19.mp3","\\SyNAS\Records\Audio\Time_Sort\2021","43501180","41.49 MB","2021-02-01T07:19:19+00:00","2021-02-01T07:04:40+00:00"
"rec_ff69a2d5c1abadb5dac47cdb2c908815a771f715","2021_04_18_19_22_37 rentre comme une furie dans ma chambre.mp3","\\SyNAS\Records\2021","773641","755.51 KB","2021-04-18T19:22:37+00:00","2021-04-18T17:23:25+00:00"
"rec_a6b3127dd4127f4de87a9df2e1609e2779846b0b","2020-05-28 23-52-40.aac","\\SyNAS\Records\WebStorage\2020","9748311","9.30 MB","2020-05-28T00:00:00+00:00","2020-07-06T22:08:12+00:00"
"rec_d2294271ab807c7053f233c954db3df1d5e4420b","2021_01_21_11_49_18.mp3","\\SyNAS\Records\2021","367353520","350.34 MB","2021-01-21T11:49:18+00:00","2021-01-21T17:12:01+00:00"
"rec_6b09b919e4c80a9c3ba9ce3e0a2c3824a8d1c63d","2021_01_23_15_30_16.mp3","\\SyNAS\Records\Audio\Time_Sort\2021","4616776","4.40 MB","2021-01-23T15:30:16+00:00","2021-01-23T14:35:05+00:00"
"rec_d38d3c66db936f1a50980b3989957dfd00e4ae75","2024-01-08_19h40m35_Voix 023 Alain delon.m4a","\\SyNAS\Records\2024","261192","255.07 KB","2024-01-08T19:40:00+00:00","2024-01-08T18:40:35+00:00"
"rec_85405511530493dfc2478e06ea325bdb999f1dae","2021_01_28_12_00_18 midi lunch provocation medley.mp3","\\SyNAS\Records\2021","48442722","46.20 MB","2021-01-28T12:00:18+00:00","2021-01-28T11:50:46+00:00"
"rec_feb7ca3b1fd42fe7ba6b6d7144451e5b7a7bfb08","2021_07_27_17_39_40.mp3","\\SyNAS\Records\2021","137813262","131.43 MB","2021-07-27T17:39:40+00:00","2021-07-27T18:03:14+00:00"
"rec_281a82b8f1499b4031ed3d68e6b4fba7ffaee5fd","2020_12_31_10_35_35.mp3","\\SyNAS\Records\Audio\Time_Sort\2020","1901713","1.81 MB","2020-12-31T10:35:35+00:00","2020-12-31T09:37:34+00:00"
"rec_ca71e1c823d77201632c90593429fbc80e6aa3cf","2020_12_30_20_04_42 espece de gros porc.mp3","\\SyNAS\Records\2020","32207097","30.72 MB","2020-12-30T20:04:42+00:00","2020-12-30T19:38:15+00:00"
"rec_fc1dbeaa19b34ee12c7502a67f1f1a9f7f788783","2023-08-31_21h41m50_Voix 014 piano jazz.m4a","\\SyNAS\Records\2023","10034303","9.57 MB","2023-08-31T21:41:00+00:00","2023-08-31T19:41:50+00:00"
"rec_a7cb1c3e776704fc6aa486266b6ffd50df7c07a0","2020_08_20_12_01_12 good lunch.mp3","\\SyNAS\Records\2020","18510993","17.65 MB","2020-08-20T12:01:12+00:00","2020-08-20T10:20:29+00:00"
"rec_e3fe23fd911b46eee455822037dfbe5ba97575c4","2020_09_12_21_43_18 histoire Christoph Colomb.mp3","\\SyNAS\Records\Audio\2020-Unsorted","36749896","35.05 MB","2020-09-12T21:43:18+00:00","2020-09-12T20:21:34+00:00"
"rec_29240c0d7e408d27a9e8b41ca86c45419e031596","2024-01-08_13h06m16_Entretien 001 alois.m4a","\\SyNAS\Records\2024","24325988","23.20 MB","2024-01-08T13:06:00+00:00","2024-01-08T12:06:16+00:00"
"rec_53441b4e4dbdd3a451e34910fd84cc341103411f","Audio recording 2020-12-12 18-57-45 retour de course samedi soir.aac","\\SyNAS\Records\Audio\Time_Sort\2020","31175435","29.73 MB","2020-12-12T00:00:00+00:00","2020-12-12T18:13:51+00:00"
"rec_1a49d8c8115c66e8b7fc921a94c1539e20e00513","Audio recording 2020-10-22 12-54-36 crise.aac","\\SyNAS\Records\2020","52481857","50.05 MB","2020-10-22T00:00:00+00:00","2020-10-22T11:21:41+00:00"
"rec_fefa58352cdcea0a60bca6e2c60be037aec71072","2019-10-15_23h48m18_Tnm.m4a","\\SyNAS\Records\Audio\Time_Sort\2019","91739","89.59 KB","2019-10-15T23:48:00+00:00","2019-10-15T21:48:18+00:00"
"rec_947ee70fa2f926a381cc0fa01d5ed307daf00e2c","2021_05_16_14_28_36 harcelement repas dimanche.mp3","\\SyNAS\Records\2021","85328456","81.38 MB","2021-05-16T14:28:36+00:00","2021-05-16T13:57:29+00:00"
"rec_b3a2527fd9f4e3d7857a7fca893fb6aea5b583e2","Audio recording 2020-09-18 20-14-12.aac","\\SyNAS\Records\2020","46695253","44.53 MB","2020-09-18T00:00:00+00:00","2020-09-18T18:38:19+00:00"
"rec_d7ce073716796872620275456083d82ff8a0b0fc","2021_10_07_21_55_12.mp3","\\SyNAS\Records\2021","78575","76.73 KB","2021-10-07T21:55:12+00:00","2021-10-07T19:55:18+00:00"
"rec_37281b9085e5c0dc61769f30e59aab17e0be6d8d","2021_03_07_09_51_54 fortnite.mp3","\\SyNAS\Records\2021","66493845","63.41 MB","2021-03-07T09:51:54+00:00","2021-03-07T10:01:10+00:00"
"rec_0f105e9b6fa33414bd70ac0ee307a40b14ba8f58","2021_01_10_20_26_24 KT jubilation cris de singes.mp3","\\SyNAS\Records\2021","1855737","1.77 MB","2021-01-10T20:26:24+00:00","2021-01-10T19:28:20+00:00"
"rec_6da769f82f617015d13e20bc761fcbe74e05f070","2021_03_25_12_24_54.mp3","\\SyNAS\Records\2021","19911156","18.99 MB","2021-03-25T12:24:54+00:00","2021-03-25T11:45:43+00:00"
"rec_6087af89408946db7ac581b7a86b099189bb6067","2020_07_03_15_55_51 cul de petit vlanc.mp3","\\SyNAS\Records\2020","5862294","5.59 MB","2020-07-03T15:55:51+00:00","2020-07-03T14:01:58+00:00"
"rec_ddfc029ad44b6746619f1808dae70bb04e9e6f11","2024-06-22_22h40m25_Voix 006 maeva photos.m4a","\\SyNAS\Records\2024-notag","164513441","156.89 MB","2024-06-22T22:40:00+00:00","2024-06-22T20:40:25+00:00"
"rec_00a3c4e15d3e0f93eabf78d96ecfa291e3fda5fe","2021_01_30_20_44_25.mp3","\\SyNAS\Records\Audio\Time_Sort\2021","19335626","18.44 MB","2021-01-30T20:44:25+00:00","2021-01-30T20:04:34+00:00"
"rec_cfb0be0a3f74e6df8e28749b4c664f863895c5a6","2020_08_27_11_15_15.mp3","\\SyNAS\Records\2020","181680102","173.26 MB","2020-08-27T11:15:15+00:00","2020-08-27T12:24:30+00:00"
"rec_aeeec9ee872c4eadbb8bd937c9858283db2f4f9d","2022-09-28_21h00m49_Voix 080 suite.m4a","\\SyNAS\Records\2022-July-Dec","15802629","15.07 MB","2022-09-28T21:00:00+00:00","2022-09-28T19:00:49+00:00"
"rec_03a3eedeb79246d89106752cb4620d210f3a59f9","2021_07_02_20_35_34.mp3","\\SyNAS\Records\2021","19139603","18.25 MB","2021-07-02T20:35:34+00:00","2021-07-02T18:55:30+00:00"
"rec_9d7b4f9ccede7f390a9a6cac814ee6af023027b1","2020-05-11_02h20m46_Voix 021_sd soiree.m4a","\\SyNAS\Records\Audio\Time_Sort\2020","67843288","64.70 MB","2020-05-11T02:20:00+00:00","2020-05-11T00:20:46+00:00"
"rec_c79dbcb4a4374609f65efad2e64bf5d861e90b29","2021_01_02_18_59_56.mp3","\\SyNAS\Records\Audio\Time_Sort\2021","23260681","22.18 MB","2021-01-02T18:59:56+00:00","2021-01-02T18:24:10+00:00"
"rec_fc0349555b1539fd645c5eea61ce7a1697b04fd0","2021_01_26_20_04_33.mp3","\\SyNAS\Records\Audio\Time_Sort\2021","7070614","6.74 MB","2021-01-26T20:04:33+00:00","2021-01-26T19:11:55+00:00"
"rec_c8048630d7411d0bc2a9fb1c05a6692f71879af2","2022-12-26_02h32m32_M.m4a","\\SyNAS\Records\2023","34318634","32.73 MB","2022-12-26T02:32:00+00:00","2022-12-26T01:32:32+00:00"
"rec_859d2d018bf12cb3d5fabc38f7f48506bccde3e9","2022-08-01_11h36m10_Voix 052 ne répond pas aux questions.m4a","\\SyNAS\Records\2022-July-Dec","2044061","1.95 MB","2022-08-01T11:36:00+00:00","2022-08-01T09:36:10+00:00"
"rec_0b94b06f62d772345b9f54972fb4efafec42171d","Audio recording 2020-07-01 19-41-13.aac","\\SyNAS\Records\2020","23726064","22.63 MB","2020-07-01T00:00:00+00:00","2020-07-01T17:53:28+00:00"
"rec_711c886758af38d241201424721db0b08aa38714","2023-02-23_19h02m11_Voix 140 KTA after meeting.m4a","\\SyNAS\Records\2023","82981369","79.14 MB","2023-02-23T19:02:00+00:00","2023-02-23T18:02:11+00:00"
"rec_c83d8fbbf7f56167331643dafb3d72366c718e5c","Audio recording 2020-09-13 16-53-11.aac","\\SyNAS\Records\2020","165403124","157.74 MB","2020-09-13T00:00:00+00:00","2020-09-13T18:09:58+00:00"
"rec_83b740a6186ceb207d216cfa7475e663df2e7cf4","2022-09-11_11h54m51_Voix 071 prayer.m4a","\\SyNAS\Records\2022-July-Dec","57523895","54.86 MB","2022-09-11T11:54:00+00:00","2022-09-11T09:54:51+00:00"
"rec_fa733c365d850e819cf29c108df86e1053444b0d","2021_07_16_15_37_48 chercher les valises.mp3","\\SyNAS\Records\2021","35574177","33.93 MB","2021-07-16T15:37:48+00:00","2021-07-16T14:14:51+00:00"
"rec_159b91d83f93e13eee9ec7e4960cde177cba5013","2019-09-21_16h49m10_Enregistrement_415.wav","\\SyNAS\Records\2019","123059299","117.36 MB","2019-09-21T16:49:00+00:00","2019-09-21T14:49:10+00:00"
"rec_576206451a0eda74aa518246891f819277e253f3","2021_10_01_21_22_14.mp3","\\SyNAS\Records\2021","10311470","9.83 MB","2021-10-01T21:22:14+00:00","2021-10-01T19:32:59+00:00"
"rec_114dd60c4dcb13fefc7e75b74dd9c2c5f689b461","Audio recording 2020-06-01 21-02-53.aac","\\SyNAS\Records\2020","36367467","34.68 MB","2020-06-01T00:00:00+00:00","2020-06-01T19:21:40+00:00"
"rec_6e3f81d0860471ee11cf472b118769304c93ea0b","2022-09-02_17h00m16_Gdheh.m4a","\\SyNAS\Records\2022-July-Dec","86147796","82.16 MB","2022-09-02T17:00:00+00:00","2022-09-02T15:00:16+00:00"
"rec_43af4fca08059bdced8c81801b2735f32404dd3e","2021_01_14_21_29_08.mp3","\\SyNAS\Records\2021","3217866","3.07 MB","2021-01-14T21:29:08+00:00","2021-01-14T20:32:29+00:00"
"rec_8bd03a972d810dd6bed8ea6e39f182e83a56c076","2021_02_16_00_29_28.mp3","\\SyNAS\Records\2021","4375195","4.17 MB","2021-02-16T00:29:28+00:00","2021-02-15T23:34:02+00:00"
"rec_f077ed187e2d555f872665b47db6fcad8c1c2a56","2022_05_14_20_35_02.mp3","\\SyNAS\Records\2022-Jan-July","6484217","6.18 MB","2022-05-14T20:35:02+00:00","2022-05-14T18:41:48+00:00"
"rec_4f4051225ac91284215548d73c75729a3a2022c6","Audio recording 2020-09-07 12-19-46.aac","\\SyNAS\Records\2020","34227315","32.64 MB","2020-09-07T00:00:00+00:00","2020-09-07T10:41:41+00:00"
"rec_da3ad0f62ed20c2e05bd993f66a2efff8ef43a5c","Audio recording 2020-11-05 12-12-53.aac","\\SyNAS\Records\Audio\Time_Sort\2020","70441437","67.18 MB","2020-11-05T00:00:00+00:00","2020-11-05T12:12:52+00:00"
"rec_418c2e8f21f575db755505b20ba2814b01c4e1b7","2022-07-20_10h36m29_Voix 045 (clarification avec chien).m4a","\\SyNAS\Records\2022-July-Dec","6919043","6.60 MB","2022-07-20T10:36:00+00:00","2022-07-20T08:36:29+00:00"
"rec_f05dd000e56e23d38541871cec1da4f4ac2a24a1","2021_03_08_12_03_59 resultats scolaire.mp3","\\SyNAS\Records\2021","9341386","8.91 MB","2021-03-08T12:03:59+00:00","2021-03-08T11:13:43+00:00"
"rec_7c9e63a0781dcf200fc41746af850a50d9ae4847","2021_02_24_12_27_25.mp3","\\SyNAS\Records\Audio\Time_Sort\2021","201562487","192.22 MB","2021-02-24T12:27:25+00:00","2021-02-24T14:57:24+00:00"
"rec_0eb27ac3a1ded3673f5af3abeff3e075288ac0f1","2021_01_17_21_42_28.mp3","\\SyNAS\Records\Audio\Time_Sort\2021","580962","567.35 KB","2021-01-17T21:42:28+00:00","2021-01-17T20:43:04+00:00"
"rec_4ddf0daf43cc656c98333c6e799ccfa22f1ce54b","2021_01_26_21_02_54 histoorr.mp3","\\SyNAS\Records\Audio\Time_Sort\2021","21048005","20.07 MB","2021-01-26T21:02:54+00:00","2021-01-26T20:24:49+00:00"
"rec_7e738eaf6869276897b30bee1bc066f6427d6ed2","2021_04_05_09_45_49 alois divorce.mp3","\\SyNAS\Records\Audio\Time_Sort\2021","121258735","115.64 MB","2021-04-05T09:45:49+00:00","2021-04-05T09:52:13+00:00"
"rec_48c334bbc8460bdd283a7963f0719717edcf80c8","Audio recording 2020-10-31 14-18-42.aac","\\SyNAS\Records\2020","1071875","1.02 MB","2020-10-31T00:00:00+00:00","2020-10-31T13:19:16+00:00"
"rec_6aa16e5f4b8e95e03b9c35ad343abf403c0d29ff","2021_03_25_20_17_06.mp3","\\SyNAS\Records\2021","19272514","18.38 MB","2021-03-25T20:17:06+00:00","2021-03-25T19:37:11+00:00"
"rec_61eb9338252c9cbbb194494751d4efdfb5a0da3c","2021_04_20_23_09_03 coucher.mp3","\\SyNAS\Records\2021","2621029","2.50 MB","2021-04-20T23:09:03+00:00","2021-04-20T21:11:47+00:00"
"rec_b59b31fef89daa226f9328fec0ce654343b73694","2021_05_20_11_56_58.mp3","\\SyNAS\Records\2021","20002271","19.08 MB","2021-05-20T11:56:58+00:00","2021-05-20T10:17:48+00:00"
"rec_5d8d5710b2277496065cbd46f2a9a1bd0c33a15a","2021_05_03_19_53_52 soiree.mp3","\\SyNAS\Records\2021","71808730","68.48 MB","2021-05-03T19:53:52+00:00","2021-05-03T19:08:40+00:00"
"rec_20417ea40e0ab3c7868eb61a050863ec715e25e1","2021_02_01_17_31_07 again and again.mp3","\\SyNAS\Records\Audio\Time_Sort\2021","17538402","16.73 MB","2021-02-01T17:31:07+00:00","2021-02-01T16:49:23+00:00"
"rec_a4d4a6044f555aa1efd9e26eb3cb4abe838591a2","2021_04_07_06_26_02.mp3","\\SyNAS\Records\2021","8983613","8.57 MB","2021-04-07T06:26:02+00:00","2021-04-07T04:35:24+00:00"
"rec_3e784f28d00e8493f365f133355a3948322c8d1d","2021_01_26_18_45_35 dirige de son canape.mp3","\\SyNAS\Records\2021","19298846","18.40 MB","2021-01-26T18:45:35+00:00","2021-01-26T18:05:41+00:00"
"rec_511c80b938159d79c6e36abb37312b798339f097","2021_02_09_13_48_26.mp3","\\SyNAS\Records\Audio\Time_Sort\2021","5368266","5.12 MB","2021-02-09T13:48:26+00:00","2021-02-09T12:54:02+00:00"
"rec_e3891b0fca0b86d18ce7a7d8c15751bccf88a553","2021_04_02_06_17_50.mp3","\\SyNAS\Records\2021","117027","114.28 KB","2021-04-02T06:17:50+00:00","2021-04-02T04:17:58+00:00"
"rec_552936de0dcff19a4a18a5fd3ee066076d0cfc51","2020_10_30_12_08_44.mp3","\\SyNAS\Records\2020","36433083","34.75 MB","2020-10-30T12:08:44+00:00","2020-10-30T11:46:42+00:00"
"rec_135e6c361f381ae928e2f2f648abc74cf6c63335","2020_11_22_15_13_09 Alain conversation.mp3","\\SyNAS\Records\Audio\2020-Unsorted","927032","905.30 KB","2020-11-22T15:13:09+00:00","2020-11-22T14:14:07+00:00"
"rec_91308dcf6efe956850318bf6bf5990e91e5497a9","2020_08_07_19_13_42.mp3","\\SyNAS\Records\2020","184420718","175.88 MB","2020-08-07T19:13:42+00:00","2020-08-07T20:36:10+00:00"
"rec_48540c91fe806673bbb1477bf469f1f749119092","2021_02_21_18_28_47.mp3","\\SyNAS\Records\2021","6762160","6.45 MB","2021-02-21T18:28:47+00:00","2021-02-21T17:35:50+00:00"
"rec_0a1564788d846ce97c0f95f0bd1a5105846a9e86","Audio recording 2020-11-28 15-03-53.aac","\\SyNAS\Records\Audio\Time_Sort\2020","6524682","6.22 MB","2020-11-28T00:00:00+00:00","2020-11-28T14:07:16+00:00"
"rec_cab9559865389937e37136d466be2661f0766af2","2021_04_04_19_49_35.mp3","\\SyNAS\Records\2021","116468011","111.07 MB","2021-04-04T19:49:35+00:00","2021-04-04T19:50:55+00:00"
"rec_6dabf83ee5e8ff29f69ad29d48a107649b258ea9","Audio recording 2020-11-13 12-23-06.aac","\\SyNAS\Records\Audio\Time_Sort\2020","1399673","1.33 MB","2020-11-13T00:00:00+00:00","2020-11-13T11:23:50+00:00"
"rec_21776fc177d42424319988aaae05cf54159650c5","2021_01_23_14_30_49 verser 300.mp3","\\SyNAS\Records\Audio\Time_Sort\2021","340217","332.24 KB","2021-01-23T14:30:49+00:00","2021-01-23T13:31:10+00:00"
"rec_763f7105970540689b62fd0b749c1448a7f33185","2020_12_27_13_39_26.mp3","\\SyNAS\Records\Audio\Time_Sort\2020","12366575","11.79 MB","2020-12-27T13:39:26+00:00","2020-12-27T12:52:19+00:00"
"rec_c69a48db790cb7652eeea32777d6e0bec6efffbf","Audio recording 2020-08-20 20-35-19.wav","\\SyNAS\Records\Audio\Time_Sort\2020","128073500","122.14 MB","2020-08-20T00:00:00+00:00","2020-08-20T18:47:26+00:00"
"rec_5577ef1f2dcddacf09d179d7d0a23ea13924b8b0","Audio recording 2020-11-08 18-48-41 j aimerais que tu te suicides.aac","\\SyNAS\Records\Audio\Time_Sort\2020","6782697","6.47 MB","2020-11-08T00:00:00+00:00","2020-11-08T17:52:12+00:00"
"rec_7cbb02bf2e4e9e6419557a898f67afe61159a9c3","2022_02_18_14_12_12.mp3","\\SyNAS\Records\2022-Jan-July","198060407","188.89 MB","2022-02-18T14:12:12+00:00","2022-02-18T16:38:31+00:00"
"rec_281a392f765fc7f554ecc564a1f3cd7689c8f3d0","2023-01-21_09h33m43_Voix 123 dd night.m4a","\\SyNAS\Records\2023","478810584","456.63 MB","2023-01-21T09:33:00+00:00","2023-01-21T08:33:43+00:00"
"rec_d7f265269e8f9fec196326f821142096e0d6221c","2021_05_08_23_02_32 penitencier Nikki Black.mp3","\\SyNAS\Records\2021","2969181","2.83 MB","2021-05-08T23:02:32+00:00","2021-05-08T21:05:38+00:00"
"rec_06cf14357eb06ccc4b63c5ec13c2e5b624df21f0","2021_04_04_13_06_02 apres midi.mp3","\\SyNAS\Records\Audio\Time_Sort\2021","168394500","160.59 MB","2021-04-04T13:06:02+00:00","2021-04-04T14:01:26+00:00"
"rec_2c8472311748ba1e943fd48c6dbaa38ea887023e","2021_03_30_18_47_42 cours anglais.mp3","\\SyNAS\Records\2021","61534457","58.68 MB","2021-03-30T18:47:42+00:00","2021-03-30T17:51:46+00:00"
"rec_df8b28fa2fefb22d59179b4137ec02d8edc0a506","Audio recording 2020-09-07 01-06-14.aac","\\SyNAS\Records\2020","698333","681.97 KB","2020-09-07T00:00:00+00:00","2020-09-06T23:06:37+00:00"
"rec_8eda3df069815b584d2aaf495de88820c85a0a31","2021_07_22_22_29_37.mp3","\\SyNAS\Records\2021","84910914","80.98 MB","2021-07-22T22:29:37+00:00","2021-07-22T21:58:04+00:00"
"rec_184682aaa3e7cf048ad1ae6f802a8dc6b09087f1","2021_06_15_23_07_33.mp3","\\SyNAS\Records\2021","284510150","271.33 MB","2021-06-15T23:07:33+00:00","2021-06-16T02:03:55+00:00"
"rec_4c401e074f2af41e7531cc8041aadcc07e9401a8","2022-06-14_12h39m30_Voix 004 lunch midi.m4a","\\SyNAS\Records\2022-July-Dec","30956846","29.52 MB","2022-06-14T12:39:00+00:00","2022-06-14T10:39:30+00:00"
"rec_884269d040eda80a05da1720aa6dc22008460747","2023-12-24_16h47m31_Voix 019.m4a","\\SyNAS\Records\2023","16297480","15.54 MB","2023-12-24T16:47:00+00:00","2023-12-24T15:47:31+00:00"
"rec_01fb5e047eae6b6d45c0bfd822d9d0b652b17ec0","2022_05_08_21_15_49 nnn.mp3","\\SyNAS\Records\2022-Jan-July","27410598","26.14 MB","2022-05-08T21:15:49+00:00","2022-05-08T19:44:20+00:00"
"rec_9a0ffee6f5b9f6c3bb699dfd68aba6dc1b3a1125","2019-10-15_23h48m28_Voix 005_sd.m4a","\\SyNAS\Records\2019","339106","331.16 KB","2019-10-15T23:48:00+00:00","2019-10-15T21:48:28+00:00"
"rec_de9c2d2075b491630f70d732632da44dd6662484","Audio recording 2020-10-12 20-22-08.aac","\\SyNAS\Records\2020","97916208","93.38 MB","2020-10-12T00:00:00+00:00","2020-10-12T19:12:40+00:00"
"rec_ec4d9549b8773ef639142683cc4b94d55d96f773","2021_05_26_19_24_28.mp3","\\SyNAS\Records\2021","82656861","78.83 MB","2021-05-26T19:24:28+00:00","2021-05-26T18:50:34+00:00"
"rec_718b60f3407b72e8f2857d6ca54e0979c78bdb98","2020-04-01_16h29m05_Recording (18)_Dinda.m4a","\\SyNAS\Records\WebStorage\DD","39058944","37.25 MB","2020-04-01T16:29:00+00:00","2020-04-05T23:24:09+00:00"
"rec_b40cf7fef684489363d6366a182408db99f7e8d9","2021_04_05_19_12_26.mp3","\\SyNAS\Records\Audio\Time_Sort\2021","98050715","93.51 MB","2021-04-05T19:12:26+00:00","2021-04-05T18:57:31+00:00"
"rec_4e135c12a25d5813b0fb6f6e012b4ff590752288","2022-08-25_03h53m12_Voix 065 sleeping on sofa.m4a","\\SyNAS\Records\2022-July-Dec","400001782","381.47 MB","2022-08-25T03:53:00+00:00","2022-08-25T01:53:12+00:00"
"rec_2c9b3ddd0aaf5c8bfd79a7b7fa6ae1dbca4bc354","2020_07_30_15_32_08.mp3","\\SyNAS\Records\Audio\Time_Sort\2020","432961827","412.90 MB","2020-07-30T15:32:08+00:00","2020-07-30T21:03:09+00:00"
"rec_0ca394374e8ea3f9fdcd352eea218d3517dd4076","2021_03_22_14_02_42 travail.mp3","\\SyNAS\Records\Audio\Time_Sort\2021","82564910","78.74 MB","2021-03-22T14:02:42+00:00","2021-03-22T14:28:42+00:00"
"rec_b321c560895d794b4abea0656b10389f6b737093","2024-05-07_21h47m34_Voix 001 retour du travail Aloïs Dinda.m4a","\\SyNAS\Records\2024-notag","140415504","133.91 MB","2024-05-07T21:47:00+00:00","2024-05-07T19:47:34+00:00"
"rec_ec4aa5391d3bbe8fc57e29e4a6a85cb7baa68577","2021_03_06_16_44_50.mp3","\\SyNAS\Records\Audio\Time_Sort\2021","21595950","20.60 MB","2021-03-06T16:44:50+00:00","2021-03-06T16:07:20+00:00"
"rec_1f6cd8d2c74ddc87504d8c6472500bbac90e70b6","20220720_160257.m4a","\\SyNAS\Records\2022-Jan-July","131284178","125.20 MB","","2022-07-20T15:59:58+00:00"
"rec_9785a5dc07a3e7b5caa296e2f35e90606edd9e8c","Audio recording 2020-12-15 11-57-42 violent coup de poing dans l'oreille.aac","\\SyNAS\Records\2020","21877242","20.86 MB","2020-12-15T00:00:00+00:00","2020-12-15T11:09:12+00:00"
"rec_902c4a6cd731abf9d5a8fabc4a466f80cd53df6e","20220713_175645.m4a","\\SyNAS\Records\2022-Jan-July","80069310","76.36 MB","","2022-07-13T17:08:07+00:00"
"rec_d122f79bc4d823c1d5e80dc0c1e1d56ed189c70f","2021_01_22_12_56_03.mp3","\\SyNAS\Records\2021","164249181","156.64 MB","2021-01-22T12:56:03+00:00","2021-01-22T14:47:09+00:00"
"rec_a04ceddf2fe5888d2fa61db8e4820187fb20edd3","2020-05-09_12h47m20_Voix 010_sd.m4a","\\SyNAS\Records\Audio\Time_Sort\2020","6435016","6.14 MB","2020-05-09T12:47:00+00:00","2020-05-09T10:47:20+00:00"
"rec_bf5dbcdea841cbc8ff78ef2e6366b24187e888b4","2020_12_21_16_09_35.mp3","\\SyNAS\Records\2020","2940759","2.80 MB","2020-12-21T16:09:35+00:00","2020-12-21T15:12:39+00:00"
"rec_41842cdc1fbd5cf3025cd11d8df9d039122f31a2","2021_04_11_11_15_32.mp3","\\SyNAS\Records\2021","2229393","2.13 MB","2021-04-11T11:15:32+00:00","2021-04-11T09:17:52+00:00"
"rec_a960c5cebfd3b792111c2727923cc2cf5b49d6f3","2021_01_11_13_00_14 KT virer de ma vie et celle Alois-Victoire.mp3","\\SyNAS\Records\2021","217869","212.76 KB","2021-01-11T13:00:14+00:00","2021-01-11T13:07:18+00:00"
"rec_058697537468e4a0fa3e05d551244743ddc72569","2020-05-09_20h17m04_Voix 016_sd.m4a","\\SyNAS\Records\2020","85667","83.66 KB","2020-05-09T20:17:00+00:00","2020-05-09T18:17:04+00:00"
"rec_2860029fc3810b6ff82d588af9cbb5699c3b1395","Audio recording 2020-12-09 20-02-45 diffamation et harcèlement ordinaire.aac","\\SyNAS\Records\2020","15945253","15.21 MB","2020-12-09T00:00:00+00:00","2020-12-09T19:11:00+00:00"
"rec_ee4ae634713764477fb95a54d57a591312818d54","2021_03_28_21_36_35.mp3","\\SyNAS\Records\2021","1897533","1.81 MB","2021-03-28T21:36:35+00:00","2021-03-28T19:38:34+00:00"
"rec_83f6beb0d21d344f5492661c3bd493cd2fcbaa22","2023-10-29_13h59m28_Voix 015.m4a","\\SyNAS\Records\2023","29366474","28.01 MB","2023-10-29T13:59:00+00:00","2023-10-29T12:59:28+00:00"
"rec_9a9933d108aebcf71c7fc6fd8d6889e3bccbcecb","2020_12_31_10_34_22 responsable de ses crises.mp3","\\SyNAS\Records\Audio\Time_Sort\2020","819617","800.41 KB","2020-12-31T10:34:22+00:00","2020-12-31T09:35:14+00:00"
"rec_3d786dfb04a6fe7ebff643e4dc06d902d6df4555","Audio recording 2020-06-25 14-38-08.aac","\\SyNAS\Records\Audio\Time_Sort\2020","56035526","53.44 MB","2020-06-25T00:00:00+00:00","2020-06-25T13:07:02+00:00"
"rec_fbf45e2caddf7f975a47e8ee7a854a66cd755ed8","2022_02_19_06_53_23.mp3","\\SyNAS\Records\2022-Jan-July","151591705","144.57 MB","2022-02-19T06:53:23+00:00","2022-02-19T08:31:18+00:00"
"rec_280e01a9c6c8635e44ca36d52ef725dbd8c31652","2021_03_17_21_51_12.mp3","\\SyNAS\Records\Audio\Time_Sort\2021","12152162","11.59 MB","2021-03-17T21:51:12+00:00","2021-03-17T21:03:52+00:00"
"rec_e950da5c9432f6ff761db90f016358f48e13fe8f","2021_02_13_22_20_37.mp3","\\SyNAS\Records\2021","1624606","1.55 MB","2021-02-13T22:20:37+00:00","2021-02-13T21:22:18+00:00"
"rec_ba1009eea534294df301d55ae7e1bb6d41f193c6","2020-05-14_13h19m38_Voix 028_sd repas de midi.m4a","\\SyNAS\Records\2020","70589512","67.32 MB","2020-05-14T13:19:00+00:00","2020-05-14T11:19:38+00:00"
"rec_9248d7c7bf8aa913fb7f17b4ab26d74dbf09aebd","2019-09-18_19h14m08_Tradewell_Enregistrement_414.wav","\\SyNAS\Records\Audio\Time_Sort\2019","54908899","52.37 MB","2019-09-18T19:14:00+00:00","2019-09-18T17:14:08+00:00"
"rec_04c042c4e9d8b2c7250154c0792e38121908bc78","Audio recording 2020-06-29 14-37-14.aac","\\SyNAS\Records\Audio\Time_Sort\2020","53117057","50.66 MB","2020-06-29T00:00:00+00:00","2020-06-29T14:27:40+00:00"
"rec_6f18e105e7e82132f2a0c8cf7d33bc24d81725e6","2024-05-11_16h54m06_Voix 001 discussion.m4a","\\SyNAS\Records\2024","56720692","54.09 MB","2024-05-11T16:54:00+00:00","2024-05-11T14:54:06+00:00"
"rec_0ad944c5079fbca0802c4103cb52eeb554f1faf4","2020_12_29_23_37_51 histoire.mp3","\\SyNAS\Records\2020","12660818","12.07 MB","2020-12-29T23:37:51+00:00","2020-12-29T22:51:02+00:00"
"rec_e04d22c618b2aef632c2f9462a784817f8fb4690","2021_05_01_11_51_58 bobbycar.mp3","\\SyNAS\Records\Audio\Time_Sort\2021","5676720","5.41 MB","2021-05-01T11:51:58+00:00","2021-05-01T09:57:52+00:00"
"rec_a7d953016c8daafc22c2268d17d1035006dec5b2","2020_12_29_20_46_39.mp3","\\SyNAS\Records\Audio\Time_Sort\2020","7499440","7.15 MB","2020-12-29T20:46:39+00:00","2020-12-29T19:54:28+00:00"
"rec_6f3e9f892f992752ef2856d5a8bb92408546b0b5","2021_04_16_16_02_53.mp3","\\SyNAS\Records\Audio\Time_Sort\2021","792031","773.47 KB","2021-04-16T16:02:53+00:00","2021-04-16T14:03:43+00:00"
"rec_fee4065d629597f5d6a2e31ac5d0bccd9c2ecd81","2023-09-08_18h19m19_Voix 014 ghh.m4a","\\SyNAS\Records\2023","77197348","73.62 MB","2023-09-08T18:19:00+00:00","2023-09-08T16:19:19+00:00"
"rec_e00a4097c54dbd461aa573d956debf7e0e707657","Audio recording 2020-06-22 12-08-03 lunch.aac","\\SyNAS\Records\Audio\Time_Sort\2020","116782574","111.37 MB","2020-06-22T00:00:00+00:00","2020-06-22T11:08:20+00:00"
"rec_80a25916178345f6d15f4ac6aeb89f53be81f401","2021_06_12_16_19_59.mp3","\\SyNAS\Records\2021","199675819","190.43 MB","2021-06-12T16:19:59+00:00","2021-06-12T17:48:01+00:00"
"rec_befddbd2cb4768a167cc20b6a674ead50b8a4b80","2021_01_29_22_21_21.mp3","\\SyNAS\Records\Audio\Time_Sort\2021","1516354","1.45 MB","2021-01-29T22:21:21+00:00","2021-01-29T21:22:56+00:00"
"rec_f87560ccf0bf2a110fead0ab4ab2ad3aab594023","2022-11-13_18h50m53_Voix 100 moquerie sur le marriage.m4a","\\SyNAS\Records\2022-July-Dec","1212070","1.16 MB","2022-11-13T18:50:00+00:00","2022-11-13T17:50:53+00:00"
"rec_d2d18875f20b84bf8d71ae73ee9e7ee96df492af","2020_12_28_22_04_50 ne t avise plus.mp3","\\SyNAS\Records\2020","340217","332.24 KB","2020-12-28T22:04:50+00:00","2020-12-28T21:05:11+00:00"
"rec_18dae3ae66aaafb2291133b07b317664309a5623","Audio recording 2020-10-10 16-18-39 courses.aac","\\SyNAS\Records\2020","140184499","133.69 MB","2020-10-10T00:00:00+00:00","2020-10-10T15:33:12+00:00"
"rec_a17d4a32c452df5eaa24dd8a7c2e582196695307","2021_02_21_22_27_04.mp3","\\SyNAS\Records\2021","3212433","3.06 MB","2021-02-21T22:27:04+00:00","2021-02-21T21:30:25+00:00"
"rec_2a74c4e0616ef0608589fd324584e70fa20bfea3","Audio recording 2020-08-29 17-11-16 soustractions.wav","\\SyNAS\Records\Audio\Time_Sort\2020","218199788","208.09 MB","2020-08-29T00:00:00+00:00","2020-08-29T15:31:54+00:00"
"rec_ae71cdec75380d5420ae09f082343aac2435a11c","2021_06_04_23_26_04.mp3","\\SyNAS\Records\2021","14973386","14.28 MB","2021-06-04T23:26:04+00:00","2021-06-04T21:41:40+00:00"
"rec_40a2c81b1dba04531b74fb3d1896bf252a1213c9","2020-05-08_20h05m06_Voix 008_sd authorité.m4a","\\SyNAS\Records\2020","16214021","15.46 MB","2020-05-08T20:05:00+00:00","2020-05-08T18:05:06+00:00"
"rec_7be7b6e2aaac31e9ae7092670c80b0865d6a7027","2019-10-05_14h42m04_Alois_cacestMonFrereTuvois.wav","\\SyNAS\Records\2019","134499","131.35 KB","2019-10-05T14:42:00+00:00","2019-10-05T12:42:04+00:00"
"rec_e270fab09e80ed8300aa1187815ea9fcc19d66fe","2021_01_14_12_03_04 repas sport.mp3","\\SyNAS\Records\2021","44341288","42.29 MB","2021-01-14T12:03:04+00:00","2021-01-14T11:49:15+00:00"
"rec_2f829aab8f3ae9ce98d3591c5e11d3e9227a21ba","Audio recording 2020-11-26 21-40-08.aac","\\SyNAS\Records\Audio\Time_Sort\2020","3661764","3.49 MB","2020-11-26T00:00:00+00:00","2020-11-26T20:51:16+00:00"
"rec_7f6977ca39a1f1e1e7b75b1a13eb99d9ab8a514b","2021_02_12_12_08_44.mp3","\\SyNAS\Records\Audio\Time_Sort\2021","43273821","41.27 MB","2021-02-12T12:08:44+00:00","2021-02-12T11:53:49+00:00"
"rec_df2921bc714cb71523f8f9816bd395b7e9b5d227","2021_03_05_22_49_49.mp3","\\SyNAS\Records\Audio\Time_Sort\2021","6811897","6.50 MB","2021-03-05T22:49:49+00:00","2021-03-05T21:56:55+00:00"
"rec_aeb0a3e0d0d60f318b4be074f00a2af31e650b0c","2022-08-06_08h30m19_Voix 055 TA demande explications sur comportement.m4a","\\SyNAS\Records\2022-July-Dec","12212668","11.65 MB","2022-08-06T08:30:00+00:00","2022-08-06T06:30:19+00:00"
"rec_d73f6d45b93b5b14055e9d81ea4b2eb6cf0ac278","Audio recording 2020-05-30 17-43-30.aac","\\SyNAS\Records\2020","2450428","2.34 MB","2020-05-30T00:00:00+00:00","2020-05-30T15:44:46+00:00"
"rec_69802b051f629edb339af338edfbd97290f0e5ba","2023-02-25_13h55m54_Voix 141 TA entrée maison.m4a","\\SyNAS\Records\2023","68537997","65.36 MB","2023-02-25T13:55:00+00:00","2023-02-25T12:55:54+00:00"
"rec_ff40abae0789c96cfe1c6c3d84bd5419740ea21b","2022-09-17_19h51m36_Voix 076.m4a","\\SyNAS\Records\2022-July-Dec","3191560","3.04 MB","2022-09-17T19:51:00+00:00","2022-09-17T17:51:36+00:00"
"rec_83b784d3f37e85bc21f608b458921b8381244986","2020_08_24_16_29_31.mp3","\\SyNAS\Records\2020","4207176","4.01 MB","2020-08-24T16:29:31+00:00","2020-08-24T14:33:54+00:00"
"rec_6fd8eb5e8a0233fa314b0e9dfeaf05aa01843d59","Audio recording 2020-11-19 11-59-59 midi.aac","\\SyNAS\Records\2020","131119555","125.05 MB","2020-11-19T00:00:00+00:00","2020-11-19T12:24:00+00:00"
"rec_405495b1ef2bc4c89b4a943d5cec448bb883b160","Audio recording 2020-12-12 22-19-02.aac","\\SyNAS\Records\2020","4377322","4.17 MB","2020-12-12T00:00:00+00:00","2020-12-12T21:21:27+00:00"
"rec_2eda6f68e080dbcf3ddc3cd4c7fb5c0f7e313c88","2022_06_01_12_09_01.mp3","\\SyNAS\Records\2022-Jan-July","20385122","19.44 MB","2022-06-01T12:09:01+00:00","2022-06-01T10:30:16+00:00"
"rec_893279f6f50d99db72d4c28391c7e1bc1b762b53","2022-07-17_10h59m34_Voix 043 acte de chantage.m4a","\\SyNAS\Records\2022-July-Dec","769994","751.95 KB","2022-07-17T10:59:00+00:00","2022-07-17T08:59:34+00:00"
"rec_4d42b6fe3b6cd85ac9c030dce36460ec8130a6cf","2021_03_06_18_14_45.mp3","\\SyNAS\Records\2021","96103026","91.65 MB","2021-03-06T18:14:45+00:00","2021-03-06T18:54:51+00:00"
"rec_573a978cd40d7d8ce07e22385705f56104856597","2020_12_25_23_46_45 alois confidence.mp3","\\SyNAS\Records\2020","23179179","22.11 MB","2020-12-25T23:46:45+00:00","2020-12-25T23:10:54+00:00"
"rec_3ff4e2d96879f21109cf4884e025c2eb1c85b211","2021_01_06_16_05_00 demande ordinateur.mp3","\\SyNAS\Records\Audio\Time_Sort\2021","4712070","4.49 MB","2021-01-06T16:05:00+00:00","2021-01-06T15:09:55+00:00"
"rec_d95fb1e7674188904ea88ae572cb384f9f0ba304","2021_03_07_13_27_29 fin de repas.mp3","\\SyNAS\Records\2021","58409794","55.70 MB","2021-03-07T13:27:29+00:00","2021-03-07T13:28:22+00:00"
"rec_dd0da1762d798064f00c03133daed0ad9d5d46d0","Audio recording 2020-06-20 15-39-56.aac","\\SyNAS\Records\Audio\Time_Sort\2020","4693839","4.48 MB","2020-06-20T00:00:00+00:00","2020-06-20T13:42:22+00:00"
"rec_774c73efd8ac1ec1b1e0fb7a5633a981e3e591ad","2021_05_13_17_56_11.mp3","\\SyNAS\Records\2021","15221654","14.52 MB","2021-05-13T17:56:11+00:00","2021-05-13T16:12:02+00:00"
"rec_f760755b0d0fce5e1abcf107654321f2c45dac71","2024-04-12_17h00m07_Voix 028 Herr fresner.m4a","\\SyNAS\Records\2024","48379250","46.14 MB","2024-04-12T17:00:00+00:00","2024-04-12T15:00:07+00:00"
"rec_d96856a99a129d4bae5fa1ce613f86da7368e5a1","2020-04-05_15h46m10_Recording (26)_Dinda.m4a","\\SyNAS\Records\WebStorage\DD","2938881","2.80 MB","2020-04-05T15:46:00+00:00","2020-04-05T23:44:10+00:00"
"rec_4dd3ec4f87a5cfa29914862c63b56f08f8a7c98e","2024-07-06_17h28m14_Voix 009 alois courses.m4a","\\SyNAS\Records\2024-notag","61639193","58.78 MB","2024-07-06T17:28:00+00:00","2024-07-06T15:28:14+00:00"
"rec_999ac4429b24d7b8c7f8c514198cc6ae3bab17cb","2020-06-01 21-02-53.aac","\\SyNAS\Records\2020","36367467","34.68 MB","2020-06-01T00:00:00+00:00","2020-07-06T22:24:15+00:00"
"rec_d82cdef4b565b97f3384cdd0a53e35748f5b1cad","Audio recording 2020-11-05 11-42-55.aac","\\SyNAS\Records\Audio\Time_Sort\2020","2185041","2.08 MB","2020-11-05T00:00:00+00:00","2020-11-05T10:44:02+00:00"
"rec_325cdd11e55c6bcaef18f7ab18d3ac0656cc0181","2024-06-25_01h45m36_Voix 007 dinda débriefing.m4a","\\SyNAS\Records\2024_DD_theater","235791268","224.87 MB","2024-06-25T01:45:00+00:00","2024-06-24T23:45:36+00:00"
"rec_81c1c6828329c57392613039a82ed476d86bef9f","2021_07_14_22_07_55.mp3","\\SyNAS\Records\2021","5048946","4.82 MB","2021-07-14T22:07:55+00:00","2021-07-14T20:13:11+00:00"
"rec_a02389af0765fb600ae65e960f200189f3d20129","2023-03-28_19h47m48_Voix 146 kta visite Steinhausen.m4a","\\SyNAS\Records\2023","24700944","23.56 MB","2023-03-28T19:47:00+00:00","2023-03-28T17:47:48+00:00"
"rec_38dafaf46f2b510ced244273739ccbed8c868d4c","2021_07_29_21_40_40 chant chauve souris.mp3","\\SyNAS\Records\2021","13400606","12.78 MB","2021-07-29T21:40:40+00:00","2021-07-29T19:54:38+00:00"
"rec_bac9eab93e7188c87c95313be521148513565d40","Audio recording 2020-12-12 08-10-07.aac","\\SyNAS\Records\Audio\Time_Sort\2020","27516116","26.24 MB","2020-12-12T00:00:00+00:00","2020-12-12T07:24:19+00:00"
"rec_32d76ae6ed511577810713e9ff3301b6eb1e2fef","2021_05_22_14_03_25 apresnmidi.mp3","\\SyNAS\Records\2021","170888880","162.97 MB","2021-05-22T14:03:25+00:00","2021-05-22T15:01:25+00:00"
"rec_17998ba91f0fcc432060a6c6ce0968bb3e252e52","2020-04-03_03h45m35_Recording (22)_Dinda.m4a","\\SyNAS\Records\WebStorage\DD","79100867","75.44 MB","2020-04-03T03:45:00+00:00","2020-04-05T23:41:17+00:00"
"rec_94cd2dd4b627a176e9833212db6d6c21b3e4e151","2020_11_22_05_44_45.mp3","\\SyNAS\Records\2020","1149804","1.10 MB","2020-11-22T05:44:45+00:00","2020-11-22T04:45:57+00:00"
"rec_e56e3de0f9b36c76ec9524b284346c2890e43340","2020_12_28_22_05_24 des gens negatifs.mp3","\\SyNAS\Records\2020","642820","627.75 KB","2020-12-28T22:05:24+00:00","2020-12-28T21:06:04+00:00"
"rec_9387cd4196196eca32f2501895894db7c8d04cf1","2020_12_21_15_16_12 groupe mutuel.mp3","\\SyNAS\Records\2020","15795930","15.06 MB","2020-12-21T15:16:12+00:00","2020-12-21T14:32:40+00:00"
"rec_f08c9fe8e09679cf910660f493c26331009a5589","Audio recording 2020-06-30 07-19-25.aac","\\SyNAS\Records\Audio\Time_Sort\2020","29190059","27.84 MB","2020-06-30T00:00:00+00:00","2020-06-30T05:34:30+00:00"
"rec_d0c6b3949bace72e0480e9f02cb30a0259deaf74","2023-02-23_17h37m05_Voix 139.m4a","\\SyNAS\Records\2023","77509604","73.92 MB","2023-02-23T17:37:00+00:00","2023-02-23T16:37:05+00:00"
"rec_b9aed620ba854cef5681908352662eb9cc1273bc","2021_01_13_20_47_16 KTA .mp3","\\SyNAS\Records\Audio\Time_Sort\2021","36948426","35.24 MB","2021-01-13T20:47:16+00:00","2021-01-13T20:25:46+00:00"
"rec_3e1778b54df5dc3915dac291c26ac3c30068334d","2021_01_03_16_22_26.mp3","\\SyNAS\Records\2021","154351907","147.20 MB","2021-01-03T16:22:26+00:00","2021-01-03T18:03:16+00:00"
"rec_d89e768a9644ad25822d92d61d93352acca2f342","2020_10_16_11_56_19 mort.mp3","\\SyNAS\Records\Audio\2020-Unsorted","4623881","4.41 MB","2020-10-16T11:56:19+00:00","2020-10-16T10:01:08+00:00"
"rec_fafb43cf1ecb051c68652e2c9c68783959002985","2021_03_03_16_25_12 KTA one hour in of noise.mp3","\\SyNAS\Records\Audio\Time_Sort\2021","49502666","47.21 MB","2021-03-03T16:25:12+00:00","2021-03-03T16:16:46+00:00"
"rec_7180c2d2ce33ab0aa56831c74c61487209eb06f7","2020_11_11_14_19_49 second level.mp3","\\SyNAS\Records\2020\Tradewell-part2","18837419","17.96 MB","2020-11-11T14:19:49+00:00","2020-11-11T13:39:26+00:00"
"rec_a627da4121e5e61c26caaa2b4774875d6313277f","2021_04_13_14_08_06 dinda reads.mp3","\\SyNAS\Records\2021","106329651","101.40 MB","2021-04-13T14:08:06+00:00","2021-04-13T13:58:55+00:00"
"rec_7bdaaa642b70236810ea1a8cd0c09627148fad5b","2024-04-29_08h41m52_Voix 001 Looping 1.m4a","\\SyNAS\Records\2024","27902259","26.61 MB","2024-04-29T08:41:00+00:00","2024-04-29T06:41:52+00:00"
"rec_b5fec1e3015ec5d2d20e351853fe57b943d6e88c","2021_04_24_21_43_26 soiree gateau.mp3","\\SyNAS\Records\2021","76585535","73.04 MB","2021-04-24T21:43:26+00:00","2021-04-24T21:09:16+00:00"
"rec_7e078bb32a286bde97989356c10bb16d868c4eb9","2020_12_31_22_01_33.mp3","\\SyNAS\Records\Audio\Time_Sort\2020","19724328","18.81 MB","2020-12-31T22:01:33+00:00","2020-12-31T21:22:06+00:00"
"rec_33f9613e747d5e10c38872dc286709b0b460a036","2021_04_13_20_54_29.mp3","\\SyNAS\Records\Audio\Time_Sort\2021","14292949","13.63 MB","2021-04-13T20:54:29+00:00","2021-04-13T19:09:22+00:00"
"rec_f6c635ae9ceba08368a09f11cfce711227f7a6fa","Audio recording 2020-06-27 07-07-15.aac","\\SyNAS\Records\Audio\Time_Sort\2020","31821203","30.35 MB","2020-06-27T00:00:00+00:00","2020-06-27T05:23:40+00:00"
"rec_27b31da163a9b911a744e005480ba0111a6e15e1","2021_01_17_18_46_15.mp3","\\SyNAS\Records\Audio\Time_Sort\2021","80528194","76.80 MB","2021-01-17T18:46:15+00:00","2021-01-17T19:10:08+00:00"
"rec_5188422bf243b3106bc7c25531801879e414f619","2021_03_24_12_01_25.mp3","\\SyNAS\Records\2021","110763780","105.63 MB","2021-03-24T12:01:25+00:00","2021-03-24T12:56:48+00:00"
"rec_bd2ffaab76d13cf966dfd5d1f9a5bae2f88fef0b","2021_03_16_19_15_07 horrible mere.mp3","\\SyNAS\Records\2021","78132034","74.51 MB","2021-03-16T19:15:07+00:00","2021-03-16T19:36:30+00:00"
"rec_8a43881308102b0985f82088bd9edaaec3af6b49","2020_10_03_21_45_30 histoire du soir + revenus.mp3","\\SyNAS\Records\Audio\2020-Unsorted","39321631","37.50 MB","2020-10-03T21:45:30+00:00","2020-10-03T20:29:27+00:00"
"rec_2e788a30aa62cc126840bcfacef04e85c6fefddb","2021_01_26_12_36_15.mp3","\\SyNAS\Records\Audio\Time_Sort\2021","3029367","2.89 MB","2021-01-26T12:36:15+00:00","2021-01-26T11:39:24+00:00"
"rec_b56ce9e4abbbba8186d609ea33b6f0ad5449ab52","2021_07_09_09_38_13 grumeaux.mp3","\\SyNAS\Records\2021","7946657","7.58 MB","2021-07-09T09:38:13+00:00","2021-07-09T07:46:29+00:00"
"rec_a373296ae0b8eec9f7d50da41224cc415e05f129","2020-05-28 21-17-51 chapitre 11.aac","\\SyNAS\Records\2020","45967047","43.84 MB","2020-05-28T00:00:00+00:00","2020-07-06T21:32:14+00:00"
"rec_3891a6d6425886c1b40516f58699e62cf489a770","2021_01_20_18_31_13.mp3","\\SyNAS\Records\Audio\Time_Sort\2021","64517950","61.53 MB","2021-01-20T18:31:13+00:00","2021-01-20T18:45:29+00:00"
"rec_5b95b4193d0fbc54a2e73c9dafc1325c3f849709","2021_05_17_12_20_24 repas et mirroir.mp3","\\SyNAS\Records\2021","36135078","34.46 MB","2021-05-17T12:20:24+00:00","2021-05-17T10:58:02+00:00"
"rec_5d614cfffaed49d0cd3fd21370c67a91cde3af17","Audio recording 2020-07-05 11-18-35.wav","\\SyNAS\Records\2020","348763996","332.61 MB","2020-07-05T00:00:00+00:00","2020-07-05T09:51:32+00:00"
"rec_aa87820de39919339c1f9b5013ee33be03a38611","Audio recording 2020-12-01 17-56-21 soumission lêche penale.aac","\\SyNAS\Records\2020","2428748","2.32 MB","2020-12-01T00:00:00+00:00","2020-12-01T16:57:36+00:00"
"rec_538150a84e0b28deaf50f6108d48f84e9d9c2e10","2022-10-01_14h45m03_Voix 080 retour.m4a","\\SyNAS\Records\2022-July-Dec","7235347","6.90 MB","2022-10-01T14:45:00+00:00","2022-10-01T12:45:03+00:00"
"rec_c954e15e704c7e66c03b9eff7004e5743d6bef06","Audio recording 2020-07-19 16-27-05.wav","\\SyNAS\Records\2020","38328236","36.55 MB","2020-07-19T00:00:00+00:00","2020-07-19T14:30:44+00:00"
"rec_fad724ba60e17782fe1189793d3354347800d074","Audio recording 2020-12-03 20-13-07.aac","\\SyNAS\Records\Audio\Time_Sort\2020","7553992","7.20 MB","2020-12-03T00:00:00+00:00","2020-12-03T19:17:00+00:00"
"rec_4df6c061330474b76a71ebad6e2c6c3a840cc529","2021_03_13_21_37_29 foutage de gueule.mp3","\\SyNAS\Records\2021","11253968","10.73 MB","2021-03-13T21:37:29+00:00","2021-03-13T20:49:12+00:00"
"rec_72a7095aa0e7d8903fc6a78ca57f06406464e36b","2021_03_29_19_06_26 pere sans pouvoir.mp3","\\SyNAS\Records\2021","12022177","11.47 MB","2021-03-29T19:06:26+00:00","2021-03-29T17:18:57+00:00"
"rec_e3758c4956b3cff0b4aa20d9923ac59bdb390863","2021_01_07_07_57_07.mp3","\\SyNAS\Records\Audio\Time_Sort\2021","278357","271.83 KB","2021-01-07T07:57:07+00:00","2021-01-07T06:57:43+00:00"
"rec_19fcd546fc1118d84ffe62dfc85d75acf5c1de1f","2021_11_26_12_08_41.mp3","\\SyNAS\Records\2021","10037706","9.57 MB","2021-11-26T12:08:41+00:00","2021-11-26T11:19:08+00:00"
"rec_46f7ff4661fb65a240d39146245534e167969ed2","2021_03_11_15_31_59 alois chante rap.mp3","\\SyNAS\Records\2021","76017579","72.50 MB","2021-03-11T15:31:59+00:00","2021-03-11T15:51:11+00:00"
"rec_4d6ae78a5c7c3db275d65e53c621eb9535c0281e","2021_04_16_07_04_54.mp3","\\SyNAS\Records\Audio\Time_Sort\2021","12009220","11.45 MB","2021-04-16T07:04:54+00:00","2021-04-16T05:17:24+00:00"
"rec_affbcee107f974919ee994dbbd47b38b5e3e55e3","2021_07_03_21_38_09.mp3","\\SyNAS\Records\2021","37037034","35.32 MB","2021-07-03T21:38:09+00:00","2021-07-03T20:16:47+00:00"
"rec_0fb8d800099452e3cda36775c4f04d56ede62e6b","rec_20190822-1337.wav","\\SyNAS\Records\2019","292181948","278.65 MB","","2019-08-22T11:37:28+00:00"
"rec_e720eabfcc13f6c845c51a2ffc645f01e5c06a95","Audio recording 2020-10-11 16-46-05.aac","\\SyNAS\Records\2020","1033696","1009.47 KB","2020-10-11T00:00:00+00:00","2020-10-11T14:46:37+00:00"
"rec_530ed07f52a461fa32ac42412a5d71eb4328eac7","2021_11_13_21_12_18.mp3","\\SyNAS\Records\2021","3535933","3.37 MB","2021-11-13T21:12:18+00:00","2021-11-13T20:15:59+00:00"
"rec_455de151336240f68f8e20865931d18988fa5912","2021_09_27_21_15_51.mp3","\\SyNAS\Records\2021","1310301","1.25 MB","2021-09-27T21:15:51+00:00","2021-09-27T19:17:13+00:00"
"rec_1569d4d50f4b8dcc9d5af816a168c1c984e86d30","2021_03_11_19_16_11.mp3","\\SyNAS\Records\Audio\Time_Sort\2021","40416652","38.54 MB","2021-03-11T19:16:11+00:00","2021-03-11T18:58:17+00:00"
"rec_c550baa9a1aaec8e06effef3c2d72fb0e4a18f6e","2021_02_20_21_02_22 histoirr.mp3","\\SyNAS\Records\Audio\Time_Sort\2021","102652028","97.90 MB","2021-02-20T21:02:22+00:00","2021-02-20T21:49:18+00:00"
"rec_9e2794f0b8489d7108d4650cfc1a3599a1f85408","2022-06-30_09h46m10_Voix 028 outro.m4a","\\SyNAS\Records\2022-July-Dec","3277188","3.13 MB","2022-06-30T09:46:00+00:00","2022-06-30T07:46:10+00:00"
"rec_557d9f63f07b1390cec07a7a188c7cfea2f42a69","2020_12_24_16_14_27 cqll mutty.mp3","\\SyNAS\Records\Audio\Time_Sort\2020","29763290","28.38 MB","2020-12-24T16:14:27+00:00","2020-12-24T15:45:28+00:00"
"rec_095a792e25ac9d35b8c6fe4088f3c7eac85f86c8","2024-01-25_16h21m30_Voix 026 Schule.m4a","\\SyNAS\Records\2024","44429293","42.37 MB","2024-01-25T16:21:00+00:00","2024-01-25T15:21:30+00:00"
"rec_cb34dc5f001248aa7ef0c45db25c6feade2ac39d","2021_01_18_13_05_25.mp3","\\SyNAS\Records\Audio\Time_Sort\2021","29298937","27.94 MB","2021-01-18T13:05:25+00:00","2021-01-18T12:35:56+00:00"
"rec_4662ddb5511b3382a0c7ad6140e08e1f0376717b","2021_01_27_19_39_09.mp3","\\SyNAS\Records\2021","30181667","28.78 MB","2021-01-27T19:39:09+00:00","2021-01-27T19:10:36+00:00"
"rec_23e954d96a441299c0e11392d3a81816fd3cabe5","2021_02_19_19_14_36.mp3","\\SyNAS\Records\Audio\Time_Sort\2021","16169168","15.42 MB","2021-02-19T19:14:36+00:00","2021-02-19T18:31:27+00:00"
"rec_b18d9a67942af1a891b3315d7f9d0c7455c983db","2022-11-13_16h54m12_Voix 100 wakanda.m4a","\\SyNAS\Records\2022-July-Dec","16657729","15.89 MB","2022-11-13T16:54:00+00:00","2022-11-13T15:54:12+00:00"
"rec_b2ce07cdda03c5b76c04082b892e95aae9646a02","2022-07-13_10h13m59_Voix 038.m4a","\\SyNAS\Records\2022-July-Dec","3720419","3.55 MB","2022-07-13T10:13:00+00:00","2022-07-13T08:13:59+00:00"
"rec_9ec8cdd7ac22fc7bcadc0bb7daa45ce47d817428","Audio recording 2020-08-29 12-26-32.wav","\\SyNAS\Records\Audio\Time_Sort\2020","374786540","357.42 MB","2020-08-29T00:00:00+00:00","2020-08-29T12:41:05+00:00"
"rec_8ea127136eb4beb1ffda984be40215acd171e280","2021_03_30_19_55_59.mp3","\\SyNAS\Records\2021","16694960","15.92 MB","2021-03-30T19:55:59+00:00","2021-03-30T18:13:22+00:00"
"rec_c8a2dc06f02131c3b87b9d1e9d63048635ea0d64","2023-02-05_10h15m30_Voix 125 dd prenap instruction.m4a","\\SyNAS\Records\2023","30827335","29.40 MB","2023-02-05T10:15:00+00:00","2023-02-05T09:15:30+00:00"
"rec_e5669083bd41636d9494dad8da97b88dd842c9d0","2020_09_04_22_00_19.mp3","\\SyNAS\Records\2020","2233990","2.13 MB","2020-09-04T22:00:19+00:00","2020-09-04T20:02:39+00:00"
"rec_a69ed4926139c104178caeab04c939b45228271f","Audio recording 2020-12-01 07-22-04.aac","\\SyNAS\Records\Audio\Time_Sort\2020","45866474","43.74 MB","2020-12-01T00:00:00+00:00","2020-12-01T06:45:44+00:00"
"rec_fdd7ad30bba8c61440f0a494ef46bc7e2d89e7c7","Audio recording 2020-10-11 21-36-43.aac","\\SyNAS\Records\2020","13542019","12.91 MB","2020-10-11T00:00:00+00:00","2020-10-11T19:43:43+00:00"
"rec_c67739628a9d56dc8ba3b8403c7c27e9c11b34fd","2020_08_27_18_59_39.mp3","\\SyNAS\Records\2020","33017","32.24 KB","2020-08-27T18:59:39+00:00","2020-08-27T16:59:41+00:00"
"rec_2f1e98fa29de3476b2c5f1fac8b5bb290df3bf5f","2020_08_01_13_00_23.mp3","\\SyNAS\Records\2020","85262836","81.31 MB","2020-08-01T13:00:23+00:00","2020-08-01T12:29:12+00:00"
"rec_cdbd71defdac444a3098a455ac7650e2c07e36eb","2021_11_08_02_43_24.mp3","\\SyNAS\Records\2021","246692466","235.26 MB","2021-11-08T02:43:24+00:00","2021-11-08T06:00:23+00:00"
"rec_87126455c84df7e9acbf773516b799fb3da535d9","Audio recording 2020-07-13 08-37-06.wav","\\SyNAS\Records\Audio\Time_Sort\2020","212988932","203.12 MB","2020-07-13T00:00:00+00:00","2020-07-13T06:57:14+00:00"
"rec_b79131d3575bc30efd7f019571d1326cde83fa42","2021_04_15_19_34_20.mp3","\\SyNAS\Records\2021","743966","726.53 KB","2021-04-15T19:34:20+00:00","2021-04-15T17:35:07+00:00"
"rec_64bdb6d7ed1095ca889a033c4b5f6155e2c0ce05","Audio recording 2020-11-20 20-24-54 diner antipasti.aac","\\SyNAS\Records\Audio\Time_Sort\2020","65342787","62.32 MB","2020-11-20T00:00:00+00:00","2020-11-20T19:58:36+00:00"
"rec_51a41916cfdf33a3959c198e6671cab64e6af05d","Audio recording 2020-12-01 19-15-17 second achat de chaussures.aac","\\SyNAS\Records\2020","9098062","8.68 MB","2020-12-01T00:00:00+00:00","2020-12-01T18:19:58+00:00"
"rec_31c5092ddcbd010d3aa67a53c43a0ca9e7447476","Audio recording 2020-06-27 22-14-36.aac","\\SyNAS\Records\2020","12796450","12.20 MB","2020-06-27T00:00:00+00:00","2020-06-27T20:21:12+00:00"
"rec_e05c879685b4b516cc95063e0e84fe32bce4bfc6","2021_01_24_10_09_34 alois rap.mp3","\\SyNAS\Records\2021","34461151","32.86 MB","2021-01-24T10:09:34+00:00","2021-01-24T09:45:28+00:00"
"rec_89cae3802ea89469cc48d7a8e6324bb19bef47ef","2022-06-18_23h24m38_Voix 010 menace de faire venir son frere.m4a","\\SyNAS\Records\2022-July-Dec","2865374","2.73 MB","2022-06-18T23:24:00+00:00","2022-06-18T21:24:38+00:00"
"rec_d57b8f788a4e9e6936956396b2242a99a5f45584","2022-06-17_23h06m12_Voix 007.m4a","\\SyNAS\Records\2022-July-Dec","500994","489.25 KB","2022-06-17T23:06:00+00:00","2022-06-17T21:06:12+00:00"
"rec_5283595689fca05e34bcf7d3b58c00df9d742847","2021_07_21_17_28_00.mp3","\\SyNAS\Records\2021","85883088","81.90 MB","2021-07-21T17:28:00+00:00","2021-07-21T16:57:30+00:00"
"rec_80dd3ac0014d076180342eb0173b2db100ebef49","2021_02_06_20_08_52 soiree samedi soir.mp3","\\SyNAS\Records\2021","163303268","155.74 MB","2021-02-06T20:08:52+00:00","2021-02-06T22:00:13+00:00"
"rec_f730ae2c393118b51cf7acc14b06a725c09c1c9b","2022-11-12_09h59m15_Zffg.m4a","\\SyNAS\Records\2022-July-Dec","39896625","38.05 MB","2022-11-12T09:59:00+00:00","2022-11-12T08:59:15+00:00"
"rec_d5f3a343ea60df53dcccebd1e745ff55c8e46ef0","2021_04_05_16_27_45.mp3","\\SyNAS\Records\Audio\Time_Sort\2021","113287843","108.04 MB","2021-04-05T16:27:45+00:00","2021-04-05T16:25:48+00:00"
"rec_b3f8e7aecd2cdd256703bbdbfdbf78918874ec38","2021_01_18_16_03_33.mp3","\\SyNAS\Records\Audio\Time_Sort\2021","81985200","78.19 MB","2021-01-18T16:03:33+00:00","2021-01-18T16:28:57+00:00"
"rec_fa42d94245ad8a11a074797c9300ec3c231e2f12","2022-10-09_23h12m45_Voix 088 caméra alois.m4a","\\SyNAS\Records\2022-July-Dec","7159636","6.83 MB","2022-10-09T23:12:00+00:00","2022-10-09T21:12:45+00:00"
"rec_4f0882d008a77491e53c761433f1fb03832fb6fd","Audio recording 2020-07-01 15-04-09.aac","\\SyNAS\Records\2020","51040941","48.68 MB","2020-07-01T00:00:00+00:00","2020-07-01T13:30:30+00:00"
"rec_fcb65ebe1eed4f857e34f6d0690ad4e448446696","Audio recording 2020-12-05 19-18-51 je ne veux pas.aac","\\SyNAS\Records\2020","3553008","3.39 MB","2020-12-05T00:00:00+00:00","2020-12-05T18:20:42+00:00"
"rec_6921cdd76172b96e51f0532080852f647788884f","Audio recording 2020-12-12 20-43-02.aac","\\SyNAS\Records\Audio\Time_Sort\2020","30029427","28.64 MB","2020-12-12T00:00:00+00:00","2020-12-12T19:58:33+00:00"
"rec_4a86943a580927f93bbd2fac9bfa6b91f5494f87","2020_12_31_10_40_14.mp3","\\SyNAS\Records\2020","9806993","9.35 MB","2020-12-31T10:40:14+00:00","2020-12-31T09:50:27+00:00"
"rec_b4ab992f6b8a0d7140d2a4e5799e1ff070b170a0","2021_02_09_17_28_52 tu la ferme psychiatrique.mp3","\\SyNAS\Records\2021","43614039","41.59 MB","2021-02-09T17:28:52+00:00","2021-02-09T17:14:19+00:00"
"rec_3e6247479ee5890bc8aa23f9c577429e0bf2c97f","Audio recording 2020-12-12 21-15-08.aac","\\SyNAS\Records\2020","6184937","5.90 MB","2020-12-12T00:00:00+00:00","2020-12-12T20:18:20+00:00"
"rec_c730938583231e54f4dd411441b2af4f7713ee4e","2020-05-28 23-52-40.aac","\\SyNAS\Records\2020","9748311","9.30 MB","2020-05-28T00:00:00+00:00","2020-07-06T22:08:12+00:00"
"rec_417b7ef3bc11aa6d7c01268f77183a763d927a13","2021_02_03_22_19_00.mp3","\\SyNAS\Records\2021","35164159","33.54 MB","2021-02-03T22:19:00+00:00","2021-02-06T01:46:49+00:00"
"rec_e8408d5ddb46563acc3257f68dbb5889eb01565f","2024-01-10_18h35m18_Voix 025.m4a","\\SyNAS\Records\2024","9197152","8.77 MB","2024-01-10T18:35:00+00:00","2024-01-10T17:35:18+00:00"
"rec_dcb0daea2da53a442f104440f8d180ae66205bbe","2020_09_14_19_21_51.mp3","\\SyNAS\Records\Audio\2020-Unsorted","19777827","18.86 MB","2020-09-14T19:21:51+00:00","2020-09-14T17:42:27+00:00"
"rec_cfa6bdcbdc3b660a826adcfcd88926fa084296c6","2023-02-05_09h37m18_Voix 124.m4a","\\SyNAS\Records\2023","3819217","3.64 MB","2023-02-05T09:37:00+00:00","2023-02-05T08:37:18+00:00"
"rec_58c01738224b496cd2594b8defd34273105ee549","2021_03_13_21_50_04.mp3","\\SyNAS\Records\2021","23085974","22.02 MB","2021-03-13T21:50:04+00:00","2021-03-13T21:14:07+00:00"
"rec_7590f0db5a2bb1ec177c39cbbc93727fd2f89fbf","2021_08_27_15_35_46.mp3","\\SyNAS\Records\2021","109556284","104.48 MB","2021-08-27T15:35:46+00:00","2021-08-27T15:29:53+00:00"
"rec_5b4853f365a30c3a6e24e603bcfe2148bb4879c8","2021_04_04_13_06_02 apres midi.mp3","\\SyNAS\Records\2021","168394500","160.59 MB","2021-04-04T13:06:02+00:00","2021-04-04T14:01:26+00:00"
"rec_efa49d174bbf4f5aa02c3c13b86498a888b56fca","2023-01-29_22h30m42_Voix 124 buffet froid.m4a","\\SyNAS\Records\2023","155314417","148.12 MB","2023-01-29T22:30:00+00:00","2023-01-29T21:30:42+00:00"
"rec_22762f31dea15f877f50a8349556f2ec093bc973","Audio recording 2020-12-15 19-48-00 reference.aac","\\SyNAS\Records\2020","104157181","99.33 MB","2020-12-15T00:00:00+00:00","2020-12-15T19:41:45+00:00"
"rec_06405c7bbf1d645a01a37a7cc987fb9671da327e","Audio recording 2020-10-01 22-29-00.aac","\\SyNAS\Records\2020","429011558","409.14 MB","2020-10-01T00:00:00+00:00","2020-10-02T00:10:22+00:00"
"rec_f1f96b891d0b087a7576cc469f4b91d8e0db6a30","2021_07_02_13_07_59.mp3","\\SyNAS\Records\2021","1013132","989.39 KB","2021-07-02T13:07:59+00:00","2021-07-02T11:09:02+00:00"
"rec_a4949294ded5d414cdbfae2228353ea723012339","2019-10-13_00h14m34_Puler.m4a","\\SyNAS\Records\Audio\Time_Sort\2019","92101","89.94 KB","2019-10-13T00:14:00+00:00","2019-10-12T22:14:34+00:00"
"rec_a8ecf05d009ba8cb3f59fa789a410168134c889f","2021_03_01_22_27_43.mp3","\\SyNAS\Records\Audio\Time_Sort\2021","62258363","59.37 MB","2021-03-01T22:27:43+00:00","2021-03-01T22:32:34+00:00"
"rec_8997eaf2456c98e4445aa55fb3636d839cef88b8","2020_08_06_21_32_10.mp3","\\SyNAS\Records\2020","55119202","52.57 MB","2020-08-06T21:32:10+00:00","2020-08-06T20:29:35+00:00"
"rec_600e0288729032a38b0d776d9630c9103b4e6b28","2019-10-19_17h32m34_I.m4a","\\SyNAS\Records\Audio\Time_Sort\2019","521214","509.00 KB","2019-10-19T17:32:00+00:00","2019-10-19T15:32:34+00:00"
"rec_f2b3bb777971b0adc1c08e17ac8f79b1827806e6","2021_06_14_20_57_20.mp3","\\SyNAS\Records\2021","17985618","17.15 MB","2021-06-14T20:57:20+00:00","2021-06-14T19:16:04+00:00"
"rec_008163974ca12b1f1d94d36d4ce2655d346be323","2021_03_08_21_06_43.mp3","\\SyNAS\Records\2021","50990","49.79 KB","2021-03-08T21:06:43+00:00","2021-03-08T20:06:46+00:00"
"rec_3df00f045f941bfb2f1efa1c291b0de078d27c10","2021_02_16_16_18_11.mp3","\\SyNAS\Records\Audio\Time_Sort\2021","66242350","63.17 MB","2021-02-16T16:18:11+00:00","2021-02-16T16:27:11+00:00"
"rec_888840ad814626cfb73e08dfd060998413c82bf9","2021_03_10_19_25_26 crazy diner.mp3","\\SyNAS\Records\Audio\Time_Sort\2021","55476139","52.91 MB","2021-03-10T19:25:26+00:00","2021-03-10T19:23:11+00:00"
"rec_da0ea09db0fe366ae2e7f8d1637068ba0a3f1bfd","2023-12-26_14h22m43_Voix 022 chez grand père.m4a","\\SyNAS\Records\2023","114423863","109.12 MB","2023-12-26T14:22:00+00:00","2023-12-26T13:22:43+00:00"
"rec_ba764aa283aedc1dea1b4e118caf73ffc928028b","Audio recording 2020-09-13 15-03-58 degage.aac","\\SyNAS\Records\Audio\Time_Sort\2020","2519454","2.40 MB","2020-09-13T00:00:00+00:00","2020-09-13T13:05:17+00:00"
"rec_3a2b16ec21d5cd8be1b4efe185e41fdf10fdba03","2021_01_25_20_41_04.mp3","\\SyNAS\Records\2021","30163695","28.77 MB","2021-01-25T20:41:04+00:00","2021-01-25T20:12:29+00:00"
"rec_26822f1407a2ee53929f93cd32e08d1c0afad329","Audio recording 2020-12-11 08-10-30.aac","\\SyNAS\Records\Audio\Time_Sort\2020","1064352","1.02 MB","2020-12-11T00:00:00+00:00","2020-12-11T07:11:04+00:00"
"rec_95964e4f799750f06ac6965a80d61278ccc14e57","2022-07-21_10h19m30_Voix 045.m4a","\\SyNAS\Records\2022-July-Dec","25456752","24.28 MB","2022-07-21T10:19:00+00:00","2022-07-21T08:19:30+00:00"
"rec_a1635a28350f8c0b855682ca0351ffcb2c217367","Audio recording 2020-11-24 21-08-22.aac","\\SyNAS\Records\Audio\Time_Sort\2020","58721339","56.00 MB","2020-11-24T00:00:00+00:00","2020-11-24T20:38:40+00:00"
"rec_0544d40c45d39928cc6ecdca2aca3f9fe54d7d30","2021_01_23_15_36_13.mp3","\\SyNAS\Records\2021","5162630","4.92 MB","2021-01-23T15:36:13+00:00","2021-01-23T14:41:36+00:00"
"rec_e4065439b6e9cb564d43854382066fd2bf8b61c0","2021_07_17_22_28_32.mp3","\\SyNAS\Records\2021","5521657","5.27 MB","2021-07-17T22:28:32+00:00","2021-07-17T20:34:18+00:00"
"rec_8b23c6e95f81d4855fdcaeb10e09382d72de0203","Audio recording 2020-11-30 20-43-09 chantage insultes pyjama et au lit.aac","\\SyNAS\Records\2020","45582171","43.47 MB","2020-11-30T00:00:00+00:00","2020-11-30T20:06:40+00:00"
"rec_26dac09f98b3f768d7f953465b85652daecf37d0","Audio recording 2020-08-17 12-03-19.wav","\\SyNAS\Records\Audio\Time_Sort\2020","391001228","372.89 MB","2020-08-17T00:00:00+00:00","2020-08-17T10:40:17+00:00"
"rec_b4d572d8a1f108da8ada906731a84df42be34dc2","2019-10-18_21h24m08_Enregistrement_421.wav","\\SyNAS\Records\2019","89376099","85.24 MB","2019-10-18T21:24:00+00:00","2019-10-18T19:24:08+00:00"
"rec_04cf568229ab466aac145f40e2146dbb8b4cb621","2024-11-22_16h18m33_Voix 017 record expropriation.m4a","\\SyNAS\Records\2024","14900443","14.21 MB","2024-11-22T16:18:00+00:00","2024-12-19T04:04:09+00:00"
"rec_f7b16e8d256eb90e5072eb61f965251a61f1f06b","Audio recording 2020-05-28 07-21-09.wav","\\SyNAS\Records\2020","504225332","480.87 MB","2020-05-28T00:00:00+00:00","2020-05-28T06:08:48+00:00"
"rec_e3d9afd3fbdf5ebd047c41ab3d55c2c6d868ba99","Audio recording 2020-11-23 19-35-16.aac","\\SyNAS\Records\2020","28589312","27.26 MB","2020-11-23T00:00:00+00:00","2020-11-23T18:50:02+00:00"
"rec_7609ae1f7ea6f23701c19203f4dc4a9f6c4af235","Audio recording 2020-07-13 17-47-40.wav","\\SyNAS\Records\Audio\Time_Sort\2020","14510708","13.84 MB","2020-07-13T00:00:00+00:00","2020-07-13T15:49:02+00:00"
"rec_4e67b8bcc522b9274834f46b6c5d448de8756268","2022-10-07_19h20m34_Voix 085.m4a","\\SyNAS\Records\2022-July-Dec","1833381","1.75 MB","2022-10-07T19:20:00+00:00","2022-10-07T17:20:34+00:00"
"rec_521b89fd81a3ec6d083c046823fc721b37ab3859","2020_08_11_16_07_11.mp3","\\SyNAS\Records\2020","8884139","8.47 MB","2020-08-11T16:07:11+00:00","2020-08-11T14:16:26+00:00"
"rec_e7fb5486f29d5c61e34056a0b4fe5307ae0d99e6","2021_05_31_20_52_42.mp3","\\SyNAS\Records\2021","38748994","36.95 MB","2021-05-31T20:52:42+00:00","2021-05-31T19:33:01+00:00"
"rec_aac6b67c95d7fa54f89ccad323ac6e2502eb7d0e","2022-06-19_22h31m45_Voix 010.m4a","\\SyNAS\Records\temps","11361001","10.83 MB","2022-06-19T22:31:00+00:00","2022-06-19T20:31:45+00:00"
"rec_0d0ce89e03eda003a77d591cece8468caba6653a","2021_02_14_19_07_02.mp3","\\SyNAS\Records\Audio\Time_Sort\2021","54261550","51.75 MB","2021-02-14T19:07:02+00:00","2021-02-14T19:03:34+00:00"
"rec_987bb473d32768c9332774acb3342f7c6e4cc207","2021_03_16_20_43_03.mp3","\\SyNAS\Records\Audio\Time_Sort\2021","11433272","10.90 MB","2021-03-16T20:43:03+00:00","2021-03-16T19:54:58+00:00"
"rec_032507b6b90d057329a12c4862dc9e05d903082c","2020_09_30_20_04_30 coucher.mp3","\\SyNAS\Records\Audio\2020-Unsorted","118121115","112.65 MB","2020-09-30T20:04:30+00:00","2020-09-30T20:07:33+00:00"
"rec_26049be5a3b614682c1a36821a5706d14523e981","2021_05_09_21_34_23 les carpes.mp3","\\SyNAS\Records\2021","5131685","4.89 MB","2021-05-09T21:34:23+00:00","2021-05-09T19:40:32+00:00"
"rec_8a11bad2a38c4d5dc8e22c4791fb31d091c37e59","2021_01_10_20_58_57 KT menaces dans les toilettes.mp3","\\SyNAS\Records\Audio\Time_Sort\2021","9834473","9.38 MB","2021-01-10T20:58:57+00:00","2021-01-10T20:10:58+00:00"
"rec_d61e9d14b98b2dfa579c479437813626dd2cc831","2021_02_08_10_48_33 matin travail.mp3","\\SyNAS\Records\Audio\Time_Sort\2021","109134993","104.08 MB","2021-02-08T10:48:33+00:00","2021-02-08T11:42:12+00:00"
"rec_c07f489d805ebbd1b834dd4a1e6cc8b0c454682a","2021_01_26_08_04_27.mp3","\\SyNAS\Records\2021","3108361","2.96 MB","2021-01-26T08:04:27+00:00","2021-01-26T07:07:42+00:00"
"rec_439d5ae84b1ce6c323a893baa49c4f3e10e4d4ef","Audio recording 2020-06-26 08-03-14.aac","\\SyNAS\Records\Audio\Time_Sort\2020","10073865","9.61 MB","2020-06-26T00:00:00+00:00","2020-06-26T06:08:26+00:00"
"rec_a27cdbe34994bbb1eb57013a7b2db05e96f97f00","2021_02_14_21_36_33.mp3","\\SyNAS\Records\Audio\Time_Sort\2021","24418428","23.29 MB","2021-02-14T21:36:33+00:00","2021-02-14T21:01:59+00:00"
"rec_4a8c8b91e5f2a85b4c39092797f370598e5d73e7","2020_08_24_08_04_48 morning.mp3","\\SyNAS\Records\2020","38152567","36.39 MB","2020-08-24T08:04:48+00:00","2020-08-24T06:44:32+00:00"
"rec_196189728035ecc70142f12b387b8a581e139b5c","2021_04_12_20_07_10.mp3","\\SyNAS\Records\2021","38751920","36.96 MB","2021-04-12T20:07:10+00:00","2021-04-12T18:47:32+00:00"
"rec_c96cb3d3065683f39e81bebf74de3ee161ba9dff","Audio recording 2020-11-19 11-59-59 midi.aac","\\SyNAS\Records\Audio\Time_Sort\2020","131119555","125.05 MB","2020-11-19T00:00:00+00:00","2020-11-19T12:24:00+00:00"
"rec_f11c9ee9dc0e712394b694f4f6a8f58883a8dcce","2021_03_04_21_45_23 TA histoire 2 petites oreilles hors du courant.mp3","\\SyNAS\Records\Audio\Time_Sort\2021","925361","903.67 KB","2021-03-04T21:45:23+00:00","2021-03-04T21:35:55+00:00"
"rec_811883e7b6859ef6a04b67be262315306915d663","2020-03-26_15h08m50_Recording (9)_Dinda.m4a","\\SyNAS\Records\WebStorage\DD","87583423","83.53 MB","2020-03-26T15:08:00+00:00","2020-04-05T23:24:03+00:00"
"rec_84b75478221b161c8bb4a10cb84bf18fa07024b3","2021_03_29_08_05_51.mp3","\\SyNAS\Records\Audio\Time_Sort\2021","77529337","73.94 MB","2021-03-29T08:05:51+00:00","2021-03-29T07:26:37+00:00"
"rec_318c3f7d57ccfbaee9d74467bbfe0d972b961a81","2020_09_08_21_09_10.mp3","\\SyNAS\Records\Audio\2020-Unsorted","29955566","28.57 MB","2020-09-08T21:09:10+00:00","2020-09-08T19:40:24+00:00"
"rec_2085daf4873e856f6b337883b72ea4cce9458f32","2021_03_31_20_54_03.mp3","\\SyNAS\Records\Audio\Time_Sort\2021","39023594","37.22 MB","2021-03-31T20:54:03+00:00","2021-03-31T19:34:42+00:00"
"rec_faea94afa3a1eeeed0c6c8f8959eac17917b05d2","Audio recording 2020-08-19 21-11-36.wav","\\SyNAS\Records\Audio\Time_Sort\2020","12161060","11.60 MB","2020-08-19T00:00:00+00:00","2020-08-19T19:12:46+00:00"
"rec_f73c21d4afdb8a38fc22c7c4687bac96cb45105d","2021_02_09_21_46_35 ta histoire.mp3","\\SyNAS\Records\Audio\Time_Sort\2021","11634728","11.10 MB","2021-02-09T21:46:35+00:00","2021-02-09T20:58:42+00:00"
"rec_9a6ef60c57dfc019fbb87b393da33db57e3602b4","2020-05-24_11h59m54_Voix 047_sd pas la peine d'enregistrer.m4a","\\SyNAS\Records\Audio\Time_Sort\2020","10928928","10.42 MB","2020-05-24T11:59:00+00:00","2020-05-24T09:59:54+00:00"
"rec_48966a6724c151fe4024119db53a2fbf3b41f8da","2020_12_25_17_25_12.mp3","\\SyNAS\Records\2020","381177","372.24 KB","2020-12-25T17:25:12+00:00","2020-12-25T16:25:36+00:00"
"rec_94b8ced81ef89e9e630bd3d6819f8c2b95c9a7fe","2021_12_02_12_20_12.mp3","\\SyNAS\Records\2021","206192221","196.64 MB","2021-12-02T12:20:12+00:00","2021-12-02T14:55:00+00:00"
"rec_5a69ef62f633e54467f0619f6e784608acea36ee","Audio recording 2020-09-27 20-20-04.aac","\\SyNAS\Records\2020","30696151","29.27 MB","2020-09-27T00:00:00+00:00","2020-09-27T19:29:21+00:00"
"rec_8b7c60af7a5f858c29d838b1e7a39d9453ae803a","2020_11_14_00_51_01 dd wakeup.mp3","\\SyNAS\Records\Audio\2020-Unsorted","77840299","74.23 MB","2020-11-14T00:51:01+00:00","2020-11-14T01:12:07+00:00"
"rec_386f7f8f08a31e38b6c0674cd861d45fde789fd4","Audio recording 2020-11-05 20-07-33 soirée tv.aac","\\SyNAS\Records\2020","86540289","82.53 MB","2020-11-05T00:00:00+00:00","2020-11-05T19:52:12+00:00"
"rec_53fd7cf9e0b63e527548159d9482fa4f6cdc1e6a","2021_01_02_22_57_36.mp3","\\SyNAS\Records\2021","3291845","3.14 MB","2021-01-02T22:57:36+00:00","2021-01-02T22:01:02+00:00"
"rec_2b13729115d3513b38e1688d3edc8ca331840139","2021_10_17_21_14_36 histoire petit nicolas malade.mp3","\\SyNAS\Records\2021","16265716","15.51 MB","2021-10-17T21:14:36+00:00","2021-10-17T19:31:33+00:00"
"rec_e17bb61b973f6530d3346c88fefeaf506caf642b","2021_06_22_21_15_21.mp3","\\SyNAS\Records\2021","997667","974.28 KB","2021-06-22T21:15:21+00:00","2021-06-22T19:16:23+00:00"
"rec_96bbaaa400bef928395fa0ea74992767eaae6e8d","Audio recording 2020-09-24 22-16-04.aac","\\SyNAS\Records\2020","2212689","2.11 MB","2020-09-24T00:00:00+00:00","2020-09-24T20:17:14+00:00"
"rec_f00660a66740a89cfe20c90d3b05710847f60782","2021_06_28_20_52_59 KTA match nul.mp3","\\SyNAS\Records\2021","116564217","111.16 MB","2021-06-28T20:52:59+00:00","2021-06-28T20:54:26+00:00"
"rec_13e2d34f8df4e44c7aeba047cbbee78bf5b7c735","2020-05-14_14h11m20_Voix 029_sd miele.m4a","\\SyNAS\Records\Audio\Time_Sort\2020","4696582","4.48 MB","2020-05-14T14:11:00+00:00","2020-05-14T12:11:20+00:00"
"rec_f70ebd335095977f03a2085b83e1c52fe3263a1f","2023-01-16_00h22m03_Voix 122 dd diner.m4a","\\SyNAS\Records\2023","157741336","150.43 MB","2023-01-16T00:22:00+00:00","2023-01-15T23:22:03+00:00"
"rec_b9314280f3080978708cfd4f51c6e1b25cdc16c6","2021_09_16_00_51_06 claque etranglement vision Alois.mp3","\\SyNAS\Records\2021","44162402","42.12 MB","2021-09-16T00:51:06+00:00","2021-09-15T23:37:07+00:00"
"rec_79fee5bd85f27eccbba36822b511268eff6b5d01","2024-10-13_20h49m46_Voix 026 explication en famille maeva alois.m4a","\\SyNAS\Records\2024-notag","118690703","113.19 MB","2024-10-13T20:49:00+00:00","2024-10-13T18:49:46+00:00"
"rec_9badc56a95479c9867da01a62e0e7492c526bfba","2020_12_27_18_27_36.mp3","\\SyNAS\Records\Audio\Time_Sort\2020","25110986","23.95 MB","2020-12-27T18:27:36+00:00","2020-12-27T17:53:43+00:00"
"rec_e50432a0648088981e134fa463f3676971bf3948","2021_04_19_20_37_23.mp3","\\SyNAS\Records\Audio\Time_Sort\2021","32004387","30.52 MB","2021-04-19T20:37:23+00:00","2021-04-19T19:10:45+00:00"
"rec_7652ccbd2942310891e604d51f605d1275aa9e1b","2021_01_23_18_21_09.mp3","\\SyNAS\Records\2021","28936567","27.60 MB","2021-01-23T18:21:09+00:00","2021-01-23T17:51:17+00:00"
"rec_54604fc8d160f2bbff8d97633324da4b0dcc58b1","2024-07-18_21h28m34_Voix 013.m4a","\\SyNAS\Records\2024-notag","18994757","18.11 MB","2024-07-18T21:28:00+00:00","2024-07-18T19:28:34+00:00"
"rec_9ee7f066161f437ad1ed91d8d95e1bcf69cd10f4","2022-07-03_19h29m33_Voix 031.m4a","\\SyNAS\Records\2022-July-Dec","984401","961.33 KB","2022-07-03T19:29:00+00:00","2022-07-03T17:29:33+00:00"
"rec_5928fa99279c8341889a8c6476b82da705ad28cd","2021_04_05_18_34_34_rage.mp3","\\SyNAS\Records\Audio\Time_Sort\2021","9721311","9.27 MB","2021-04-05T18:34:34+00:00","2021-04-05T16:44:42+00:00"
"rec_793ee7ee4f24f6964f2b88b41776b9af87201368","Audio recording 2020-09-19 20-45-18.aac","\\SyNAS\Records\2020","23726789","22.63 MB","2020-09-19T00:00:00+00:00","2020-09-19T18:57:33+00:00"
"rec_d53b79be76f24bfd8ddce4fa6996e6cd34fb12f6","2021_01_11_13_18_33.mp3","\\SyNAS\Records\2021","16982964","16.20 MB","2021-01-11T13:18:33+00:00","2021-01-11T12:36:35+00:00"
"rec_db7b0d067c47e58be8b934cc2adfc8b630179c58","2021_06_11_23_38_22.mp3","\\SyNAS\Records\2021","21414112","20.42 MB","2021-06-11T23:38:22+00:00","2021-06-11T22:00:41+00:00"
"rec_cc724c4641b457fdd9aafcdd5722c7fe5e6e837d","Audio recording 2020-11-21 20-11-31.aac","\\SyNAS\Records\2020","222464506","212.16 MB","2020-11-21T00:00:00+00:00","2020-11-21T21:06:18+00:00"
"rec_67098db408e0dd0bac75589fcfe05089194705d5","2021_03_22_20_52_31.mp3","\\SyNAS\Records\2021","11532746","11.00 MB","2021-03-22T20:52:31+00:00","2021-03-22T20:04:32+00:00"
"rec_a67eda5cf6d3f7e297cfe90cb1a512b2e632202a","2020_09_03_16_26_16.mp3","\\SyNAS\Records\Audio\Time_Sort\2020","9300008","8.87 MB","2020-09-03T16:26:16+00:00","2020-09-03T14:35:57+00:00"
"rec_bae6b59409fd78e56fd4bdc6c85e4b2a90901537","2021_01_04_12_19_32.mp3","\\SyNAS\Records\2021","24863137","23.71 MB","2021-01-04T12:19:32+00:00","2021-01-04T11:45:26+00:00"
"rec_afdc595f775a295bfa133f38daf814ef3994e1f4","Audio recording 2020-09-04 18-46-25.wav","\\SyNAS\Records\Audio\Time_Sort\2020","128055860","122.12 MB","2020-09-04T00:00:00+00:00","2020-09-04T16:59:24+00:00"
"rec_49174a85c3ddda2fddf4959888e1d79e309826c7","2021_07_04_14_05_52 cat internat.mp3","\\SyNAS\Records\2021","5223234","4.98 MB","2021-07-04T14:05:52+00:00","2021-07-04T12:11:19+00:00"
"rec_dfb8de19418e12e24a39a536cdc22477149ecd31","2022-11-30_13h11m12_Voix 103 un œil 2 yeux.m4a","\\SyNAS\Records\2022-July-Dec","21163306","20.18 MB","2022-11-30T13:11:00+00:00","2022-11-30T12:11:12+00:00"
"rec_b6dd034b1bd0976f18a00d9f730586b894267ba5","Audio recording 2020-11-19 20-51-08.aac","\\SyNAS\Records\2020","69900163","66.66 MB","2020-11-19T00:00:00+00:00","2020-11-19T20:27:12+00:00"
"rec_574af77dcdc3ac7895bde734c2698cfabccc8d9b","2024-05-20_21h59m39_Voix 002.m4a","\\SyNAS\Records\2024-notag","15242717","14.54 MB","2024-05-20T21:59:00+00:00","2024-05-20T19:59:39+00:00"
"rec_c088bb82ee182f07686e4f9f7927e44edbd0795b","2021_04_07_16_03_06.mp3","\\SyNAS\Records\Audio\Time_Sort\2021","3004707","2.87 MB","2021-04-07T16:03:06+00:00","2021-04-07T14:06:14+00:00"
"rec_8eb732a22e3498ddeaa0f2fbcdecb3362dea4eba","2021_04_02_19_27_14.mp3","\\SyNAS\Records\2021","11801494","11.25 MB","2021-04-02T19:27:14+00:00","2021-04-02T17:39:32+00:00"
"rec_0a0b352a2f8660bd63fe33a856fa6ddc3f464959","2021_07_02_07_17_42 matin de folie.mp3","\\SyNAS\Records\2021","88725628","84.62 MB","2021-07-02T07:17:42+00:00","2021-07-02T06:50:07+00:00"
"rec_835913bea342078f659637e840074185a7953094","2021_09_12_15_17_44.mp3","\\SyNAS\Records\2021","66804087","63.71 MB","2021-09-12T15:17:44+00:00","2021-09-12T14:27:19+00:00"
"rec_95cf70aa037820ef99930872eeedc6bbecfb0d9f","2022-06-27_16h37m22_Voix 023 j'arrête le violoncelle.m4a","\\SyNAS\Records\2022-July-Dec","8672334","8.27 MB","2022-06-27T16:37:00+00:00","2022-06-27T14:37:22+00:00"
"rec_4685c3bacf08a1e2cab8d47321260b13ac6c2eae","2022_01_22_18_37_16.mp3","\\SyNAS\Records\2022-Jan-July","487189449","464.62 MB","2022-01-22T18:37:16+00:00","2022-01-23T02:04:46+00:00"
"rec_397cb322f2ca5979a2a355f9ff7accbde9529353","2021_03_30_12_07_57 repas.mp3","\\SyNAS\Records\Audio\Time_Sort\2021","25895078","24.70 MB","2021-03-30T12:07:57+00:00","2021-03-30T10:34:55+00:00"
"rec_f7f9b670c86f06afcf76735ebdbd952ed260060f","2023-07-25_14h05m15_Voix 006 kta menaces sous mon toit.m4a","\\SyNAS\Records\2023","1131280","1.08 MB","2023-07-25T14:05:00+00:00","2023-07-25T12:05:15+00:00"
"rec_f7e4f11c90301a5c7fb81b359f18e709d836dd57","2021_04_15_12_02_19.mp3","\\SyNAS\Records\2021","56702013","54.08 MB","2021-04-15T12:02:19+00:00","2021-04-15T11:01:23+00:00"
"rec_9e8dc295bdb368132c785b2785a3f5f622330930","2021_05_27_20_11_14.mp3","\\SyNAS\Records\2021","19405806","18.51 MB","2021-05-27T20:11:14+00:00","2021-05-27T19:46:41+00:00"
"rec_63b4564aa0e647ac47ec5bde074c53870442e4c6","2021_04_02_06_20_56.mp3","\\SyNAS\Records\Audio\Time_Sort\2021","448887","438.37 KB","2021-04-02T06:20:56+00:00","2021-04-02T04:21:24+00:00"
"rec_0ba1833de61d9ae225e9af02e1e69c56166b9c8a","2021_09_12_13_24_30 crisis diffamation violence.mp3","\\SyNAS\Records\2021","91892087","87.64 MB","2021-09-12T13:24:30+00:00","2021-09-12T13:00:15+00:00"
"rec_5d0def4b61e532a30dd8a8a39de6607a11018d22","2022-08-16_19h35m48_Voix 059 Alois replié.m4a","\\SyNAS\Records\2022-July-Dec","5345660","5.10 MB","2022-08-16T19:35:00+00:00","2022-08-16T17:35:48+00:00"
"rec_5919dbbc26405ecb7dfd18b7e98bd455c419c169","2022_05_08_23_40_08.mp3","\\SyNAS\Records\2022-Jan-July","27418121","26.15 MB","2022-05-08T23:40:08+00:00","2022-05-08T22:08:42+00:00"
"rec_af38e05d6a4bf29f28cb2fb514814a405ccb6f49","2024-05-08_12h50m12_Voix 001 refus assurance maladie.m4a","\\SyNAS\Records\2024-notag","6177400","5.89 MB","2024-05-08T12:50:00+00:00","2024-05-08T10:50:12+00:00"
"rec_bc3462905667d8c5ea334a913e5778e5e8a4caa2","2023-06-22_14h07m51_Voix 158 arrived in Ottenbach.m4a","\\SyNAS\Records\2023","18119362","17.28 MB","2023-06-22T14:07:00+00:00","2023-06-22T12:07:51+00:00"
"rec_876406797598eb5018a86ac35ab31660b8c28f18","2021_03_13_22_14_25.mp3","\\SyNAS\Records\2021","210943581","201.17 MB","2021-03-13T22:14:25+00:00","2021-03-14T00:54:09+00:00"
"rec_088726202bc789bf2ba7bfd5196b3a65d1486d2b","Audio recording 2020-07-05 01-14-52.wav","\\SyNAS\Records\2020","21908924","20.89 MB","2020-07-05T00:00:00+00:00","2020-07-04T23:16:56+00:00"
"rec_1b0f894017e21fbcf24f64b99f79b0fc2a58d3f9","2020_12_26_19_47_40.mp3","\\SyNAS\Records\2020","68384390","65.22 MB","2020-12-26T19:47:40+00:00","2020-12-26T19:58:54+00:00"
"rec_00118f6dc228a97df36c3395f6865f855cca044c","2023-04-02_21h25m44_Voix 146 KTA serrurie.m4a","\\SyNAS\Records\2023","52062849","49.65 MB","2023-04-02T21:25:00+00:00","2023-04-02T19:25:44+00:00"
"rec_1b3b94c0db810003a82d35691a45656931d190c8","2021_03_19_21_19_04 ta gueule.mp3","\\SyNAS\Records\Audio\Time_Sort\2021","153808","150.20 KB","2021-03-19T21:19:04+00:00","2021-03-19T20:19:14+00:00"
"rec_185af7f3754c7778443c2dd20ae9add182079c10","2021_05_07_12_59_48.mp3","\\SyNAS\Records\2021","77875408","74.27 MB","2021-05-07T12:59:48+00:00","2021-05-07T12:20:55+00:00"
"rec_9721126a8f1dafba8cc637b188cdda451fd65d6c","2021_01_14_19_39_30.mp3","\\SyNAS\Records\2021","3442728","3.28 MB","2021-01-14T19:39:30+00:00","2021-01-14T18:43:06+00:00"
"rec_c793ea3c46ab20dd34809c1ed235e5b2b9a70473","2021_07_07_13_26_26.mp3","\\SyNAS\Records\2021","40321775","38.45 MB","2021-07-07T13:26:26+00:00","2021-07-07T12:08:26+00:00"
"rec_50e7b41272fa45cb6a1a739824ac4c237ed3e1f1","2022-11-20_21h54m47_Voix 100 soirée Dimanche.m4a","\\SyNAS\Records\2022-July-Dec","92514875","88.23 MB","2022-11-20T21:54:00+00:00","2022-11-20T20:54:47+00:00"
"rec_4bd29f782538a1e18eeedaf1f49ac70873aed9ba","2021_06_03_18_36_23.mp3","\\SyNAS\Records\2021","172635","168.59 KB","2021-06-03T18:36:23+00:00","2021-06-03T16:36:38+00:00"
"rec_3bfd3227634b44a3578658a74b126c3c474660b4","2021_03_18_12_01_39 midi diffamation.mp3","\\SyNAS\Records\Audio\Time_Sort\2021","19902379","18.98 MB","2021-03-18T12:01:39+00:00","2021-03-18T11:22:21+00:00"
"rec_fedf2e8057f538a75d9c5ec01da95cbfe5a75363","2021_03_21_21_09_05.mp3","\\SyNAS\Records\2021","48023927","45.80 MB","2021-03-21T21:09:05+00:00","2021-03-21T20:59:07+00:00"
"rec_5c21d7343b0cd1249f076f6acf911b368591d292","2022-08-22_13h20m13_Voix 062 kkk.m4a","\\SyNAS\Records\2022-July-Dec","42129009","40.18 MB","2022-08-22T13:20:00+00:00","2022-08-22T11:20:13+00:00"
"rec_61c02b46e577034293e9bde21c971cbbe004d221","2022_05_28_01_47_08.mp3","\\SyNAS\Records\2022-Jan-July","219845","214.69 KB","2022-05-28T01:47:08+00:00","2022-05-27T23:47:22+00:00"
"rec_724b47efa2bc87d5352edf1bdd866acf0e3475c1","2020_12_26_18_54_06.mp3","\\SyNAS\Records\Audio\Time_Sort\2020","1039881","1015.51 KB","2020-12-26T18:54:06+00:00","2020-12-26T17:55:11+00:00"
"rec_3bcb44396709f19ede4b7ab38f41becbbd67045d","2024-08-04_02h25m06_Voix 017.m4a","\\SyNAS\Records\2024-notag","238403234","227.36 MB","2024-08-04T02:25:00+00:00","2024-08-04T00:25:06+00:00"
"rec_07bd2e8d99ac4d998eee2d330d469b75f9e2b555","Audio recording 2020-11-09 12-18-19 lunch.aac","\\SyNAS\Records\Audio\Time_Sort\2020","75084166","71.61 MB","2020-11-09T00:00:00+00:00","2020-11-09T11:57:04+00:00"
"rec_6d1994462f02f21efbba1aa4f5a06dd0e293f62a","2021_03_29_22_44_46.mp3","\\SyNAS\Records\2021","2013730","1.92 MB","2021-03-29T22:44:46+00:00","2021-03-29T21:29:17+00:00"
"rec_a8b367dd6c49a62aec6c3475fb4d879ce1593b65","null_2020_05_19_12_30_04_in.mp3","\\SyNAS\Records\Audio\Time_Sort","4447872","4.24 MB","2020-05-19T12:30:04+00:00","2020-05-19T11:07:08+00:00"
"rec_cffefe146957baaa4b587d1303765f6c0f65ed51","2020_12_31_20_42_03.mp3","\\SyNAS\Records\Audio\Time_Sort\2020","19736867","18.82 MB","2020-12-31T20:42:03+00:00","2020-12-31T20:02:37+00:00"
"rec_df7a6e28402975d3595acce62f2396d395f42eed","2021_09_05_18_00_45 manque respect.mp3","\\SyNAS\Records\2021","2782353","2.65 MB","2021-09-05T18:00:45+00:00","2021-09-05T16:03:39+00:00"
"rec_ab99f1127b46edbd94a3418b19379ac9d74ef572","2023-02-06_19h59m31_Voix 129 Steinhausen.m4a","\\SyNAS\Records\2023","11533085","11.00 MB","2023-02-06T19:59:00+00:00","2023-02-06T18:59:31+00:00"
"rec_0f78379c6e108d128b451fd64311c3bbc9ed61a0","2021_01_01_16_55_23.mp3","\\SyNAS\Records\2020","12186434","11.62 MB","2021-01-01T16:55:23+00:00","2021-01-01T16:08:05+00:00"
"rec_e8bca7c0620bc58ac4ca81708a0cc1b651ad7087","2021_04_03_21_52_32.mp3","\\SyNAS\Records\2021","28242337","26.93 MB","2021-04-03T21:52:32+00:00","2021-04-03T20:21:57+00:00"
"rec_d1f747a71140d07153d2d13d68e640f0f4516169","20220606_223245.m4a","\\SyNAS\Records\2022-Jan-July","2420325","2.31 MB","","2022-06-06T20:34:54+00:00"
"rec_b72b4cd9058bdd1e0cb82657c0143e3f2fbc04bf","2021_05_01_15_36_47.mp3","\\SyNAS\Records\Audio\Time_Sort\2021","18868766","17.99 MB","2021-05-01T15:36:47+00:00","2021-05-01T13:56:27+00:00"
"rec_f2c35bc49c98d7090d5184d359877698bcab1f25","2021_10_18_12_15_26 midi.mp3","\\SyNAS\Records\2021","10459845","9.98 MB","2021-10-18T12:15:26+00:00","2021-10-18T10:26:20+00:00"
"rec_f4d97a96ba07c692d1ed7c583947e9b010c82129","Audio recording 2020-10-27 12-29-17.aac","\\SyNAS\Records\2020","203727937","194.29 MB","2020-10-27T00:00:00+00:00","2020-10-27T13:14:25+00:00"
"rec_bef4ed6c1bc83ef8ec30d5d802fc236329242263","2021_01_01_16_55_23.mp3","\\SyNAS\Records\Audio\Time_Sort\2020","12186434","11.62 MB","2021-01-01T16:55:23+00:00","2021-01-01T16:08:05+00:00"
"rec_9e8569b206db072885e9e779e92d84ac3a318eaa","2021_11_14_15_00_46.mp3","\\SyNAS\Records\2021","19367391","18.47 MB","2021-11-14T15:00:46+00:00","2021-11-14T14:20:56+00:00"
"rec_b3d0583c3d0f3a86e99131a93a1db801902ee909","2021_04_24_17_58_14.mp3","\\SyNAS\Records\Audio\Time_Sort\2021","7698807","7.34 MB","2021-04-24T17:58:14+00:00","2021-04-24T16:06:17+00:00"
"rec_1c097a2bc0cdb76aa551bc1aa25d64e3d5c9878c","2023-03-08_19h23m39_Voix 141.m4a","\\SyNAS\Records\2023","407645904","388.76 MB","2023-03-08T19:23:00+00:00","2023-03-08T18:23:39+00:00"
"rec_f6dfb6f338f49bb17c0daeb32c32de5f5a0d9590","2021_04_06_08_01_26.mp3","\\SyNAS\Records\2021","4863790","4.64 MB","2021-04-06T08:01:26+00:00","2021-04-06T06:06:30+00:00"
"rec_cb8bf758c8c7604f68d8e3efa6b1dd307e61e09c","2023-02-05_16h56m31_Voix 125.m4a","\\SyNAS\Records\2023","78200","76.37 KB","2023-02-05T16:56:00+00:00","2023-02-05T15:56:31+00:00"
"rec_a3c0514247ea7e0687428e4d04d11a27a77a8e71","2021_02_10_19_07_06 K critique de l achat de jambon.mp3","\\SyNAS\Records\2021","35273664","33.64 MB","2021-02-10T19:07:06+00:00","2021-02-10T18:43:50+00:00"
"rec_96e1f79ddae06ed1aee19bcc55e729cc061f3281","2021_02_19_19_14_36.mp3","\\SyNAS\Records\2021","16169168","15.42 MB","2021-02-19T19:14:36+00:00","2021-02-19T18:31:27+00:00"
"rec_abe5cd489edaf81e5b09b2ad85499f5b4bf6d14b","2021_04_09_13_11_24.mp3","\\SyNAS\Records\Audio\Time_Sort\2021","78917798","75.26 MB","2021-04-09T13:11:24+00:00","2021-04-09T12:33:39+00:00"
"rec_9898313f0fbd98942b917be31769196361e324af","Audio recording 2020-07-01 19-24-11.aac","\\SyNAS\Records\Audio\Time_Sort\2020","28525589","27.20 MB","2020-07-01T00:00:00+00:00","2020-07-01T17:38:54+00:00"
"rec_4a434a9deebaa5f75357e4685458110d0cc123ac","Audio recording 2020-12-02 20-43-40.aac","\\SyNAS\Records\Audio\Time_Sort\2020","23970528","22.86 MB","2020-12-02T00:00:00+00:00","2020-12-02T19:56:02+00:00"
"rec_c265c691c8d5208c676888eae00b02512bf55dac","2021_07_16_14_13_20.mp3","\\SyNAS\Records\2021","23020354","21.95 MB","2021-07-16T14:13:20+00:00","2021-07-16T12:37:19+00:00"
"rec_46fb128bb0a4f54ee33de7d6d41a210570a7fa2d","2019-10-19_17h31m28_Xe i.m4a","\\SyNAS\Records\Audio\Time_Sort\2019","330829","323.08 KB","2019-10-19T17:31:00+00:00","2019-10-19T15:31:28+00:00"
"rec_80b4e5ec56e557e3cbd5e30470bdb41738c2c609","2021_02_25_14_58_27.mp3","\\SyNAS\Records\2021","1465330","1.40 MB","2021-02-25T14:58:27+00:00","2021-02-25T14:00:00+00:00"
"rec_9b491876ed2c30113670f826fe90816870dbd9e8","2021_04_16_16_06_22.mp3","\\SyNAS\Records\2021","326007","318.37 KB","2021-04-16T16:06:22+00:00","2021-04-16T14:06:43+00:00"
"rec_99ffceb4bed6639281f8ce34a026d869c20f35ea","Audio recording 2020-10-27 20-51-28 ultimatum.aac","\\SyNAS\Records\2020","26896471","25.65 MB","2020-10-27T00:00:00+00:00","2020-10-27T20:05:22+00:00"
"rec_dc8d844bf6298aac69f9e018fe9c7b197606438a","2021_04_11_06_58_12.mp3","\\SyNAS\Records\2021","3504168","3.34 MB","2021-04-11T06:58:12+00:00","2021-04-11T05:01:51+00:00"
"rec_6653db8eefc17384325375d594ced0fdc60c7839","2021_05_19_19_11_33 repas.mp3","\\SyNAS\Records\2021","37188753","35.47 MB","2021-05-19T19:11:33+00:00","2021-05-19T17:50:17+00:00"
"rec_eda0cbdeaa957d4393ef43da3e97ba655feaa8f5","2021_01_10_21_13_00 KT confidcation de mon appareil.mp3","\\SyNAS\Records\2021","2818297","2.69 MB","2021-01-10T21:13:00+00:00","2021-01-10T20:15:56+00:00"
"rec_49e0debec341ed1209764a36435512eba39b2b38","2020_10_11_10_40_15 touche pas ma machine.mp3","\\SyNAS\Records\Audio\2020-Unsorted","639476","624.49 KB","2020-10-11T10:40:15+00:00","2020-10-11T08:40:55+00:00"
"rec_2de65fe4843c19f4166318a16261da851584772f","2021_08_20_12_27_48 insultes fais ce que je te dis.mp3","\\SyNAS\Records\2021","11083022","10.57 MB","2021-08-20T12:27:48+00:00","2021-08-20T10:39:21+00:00"
"rec_b9cb2430245c5edf801c928f7f30e544cafebf06","20220609_073058.m4a","\\SyNAS\Records\2022-Jan-July","72693628","69.33 MB","","2022-06-09T06:35:45+00:00"
"rec_7f69050239b94d903ee734a393eb5bfb93b5cf69","Audio recording 2020-09-05 12-10-34.wav","\\SyNAS\Records\2020","33967628","32.39 MB","2020-09-05T00:00:00+00:00","2020-09-05T10:13:47+00:00"
"rec_e572aad5e756fe1198230a8f4f572e39f3f8c7e5","2021_06_19_14_22_43.mp3","\\SyNAS\Records\2021","140155923","133.66 MB","2021-06-19T14:22:43+00:00","2021-06-19T14:48:42+00:00"
"rec_22f56fa5434126135727714dc21912197ba61f61","2021_01_09_21_48_44 Alois lecture.mp3","\\SyNAS\Records\Audio\Time_Sort\2021","34580270","32.98 MB","2021-01-09T21:48:44+00:00","2021-01-09T21:24:45+00:00"
"rec_d35c28bafcccde0cc654c9761c120950104bb4b8","2023-02-11_14h00m04_Voix 130 ta guard Aloïs.m4a","\\SyNAS\Records\2023","247804570","236.32 MB","2023-02-11T14:00:00+00:00","2023-02-11T13:00:04+00:00"
"rec_306564b4e0c89f91c52dfadb3890f9ab55a80ada","2020_11_02_12_15_42 alois tictok.mp3","\\SyNAS\Records\2020","144473442","137.78 MB","2020-11-02T12:15:42+00:00","2020-11-02T13:46:14+00:00"
"rec_82f7fa9a923d9aa4b62cd6b32c7b98d0f67ae275","2020_12_26_08_10_03 dinda lendemain.mp3","\\SyNAS\Records\Audio\Time_Sort\2020","39530160","37.70 MB","2020-12-26T08:10:03+00:00","2020-12-26T07:51:14+00:00"
"rec_c280dd7f27a78f3c29ecb181c590af26dd54909e","2021_02_22_21_09_37 kTA HISTOIRE.mp3","\\SyNAS\Records\Audio\Time_Sort\2021","22763310","21.71 MB","2021-02-22T21:09:37+00:00","2021-02-22T20:33:20+00:00"
"rec_ce684179bf14c6be8aa6d6b7335d259c9eba0109","2021_03_30_18_47_42 cours anglais.mp3","\\SyNAS\Records\Audio\Time_Sort\2021","61534457","58.68 MB","2021-03-30T18:47:42+00:00","2021-03-30T17:51:46+00:00"
"rec_e188fd20af2b90d8e548c648c4f0c14cc0a337da","Audio recording 2020-10-30 19-25-55.aac","\\SyNAS\Records\2020","6170646","5.88 MB","2020-10-30T00:00:00+00:00","2020-10-30T18:29:06+00:00"
"rec_d1e5194457a326d92cad919828a909625044d7e6","2021_04_30_12_03_12.mp3","\\SyNAS\Records\Audio\Time_Sort\2021","309596994","295.25 MB","2021-04-30T12:03:12+00:00","2021-04-30T15:25:42+00:00"
"rec_1f011f1b67beebf51d5dcbc77811aef3a876aafa","2021_04_24_07_51_54.mp3","\\SyNAS\Records\Audio\Time_Sort\2021","1610813","1.54 MB","2021-04-24T07:51:54+00:00","2021-04-24T05:53:35+00:00"
"rec_c6444966f9ec7ddd241df5a14abf2948bf9bc602","2020_11_22_05_43_55.mp3","\\SyNAS\Records\2020","341471","333.47 KB","2020-11-22T05:43:55+00:00","2020-11-22T04:44:16+00:00"
"rec_ae4b7dc25f8e60f8a6a5521fce8f98ab6f44dc76","2021_03_31_12_05_34 lunch.mp3","\\SyNAS\Records\Audio\Time_Sort\2021","71332674","68.03 MB","2021-03-31T12:05:34+00:00","2021-03-31T11:19:52+00:00"
"rec_ca621e000132f78a3c6bfd1869b7d180160772aa","2020_12_24_19_06_59 reveillon .mp3","\\SyNAS\Records\Audio\Time_Sort\2020","43825109","41.79 MB","2020-12-24T19:06:59+00:00","2020-12-24T18:52:38+00:00"
"rec_77f5c5c78d7fa26952e02b78d7c0f812b64309eb","2021_01_15_11_54_18 TA sims.mp3","\\SyNAS\Records\2021","5021778","4.79 MB","2021-01-15T11:54:18+00:00","2021-01-15T10:59:32+00:00"
"rec_8b3ae465fa9f58b7f5b036c219b5203c6bf382b4","2023-08-25_12h36m13_Voix 012 song.m4a","\\SyNAS\Records\2023","25440112","24.26 MB","2023-08-25T12:36:00+00:00","2023-08-25T10:36:13+00:00"
"rec_e7ddd24f60033c05077c19caa10100ce515a5424","2021_03_04_21_45_23 TA histoire ka et hoh mange des fleurs.mp3","\\SyNAS\Records\Audio\Time_Sort\2021","405420","395.92 KB","2021-03-04T21:45:23+00:00","2021-03-04T21:25:03+00:00"
"rec_fb90d25f7b3f5cb8930139bec701fb6d8056d8f4","2022-09-10_09h55m05_Voix 068 victimasation.m4a","\\SyNAS\Records\2022-July-Dec","11828692","11.28 MB","2022-09-10T09:55:00+00:00","2022-09-10T07:55:05+00:00"
"rec_452c081125bc2f736ea7b9d5264d2b3fd4fb6590","2020_07_31_17_10_11.mp3","\\SyNAS\Records\Audio\Time_Sort\2020","81456482","77.68 MB","2020-07-31T17:10:11+00:00","2020-07-31T16:35:02+00:00"
"rec_1507de8be74f4d34632425a3c8347d449589b7ba","2020_12_03_21_50_30 reaction 2.mp3","\\SyNAS\Records\Audio\Time_Sort\2020","10223280","9.75 MB","2020-12-03T21:50:30+00:00","2020-12-03T21:01:10+00:00"
"rec_4869a165d9052d3a0c75507e9bd81b7dd1f65106","2021_06_18_20_45_42.mp3","\\SyNAS\Records\2021","5739832","5.47 MB","2021-06-18T20:45:42+00:00","2021-06-18T18:51:41+00:00"
"rec_eb209717c7c6d5088f2c8dd14283aee3fcba345d","2024-04-12_13h10m34_Voix 027.m4a","\\SyNAS\Records\2024","42182479","40.23 MB","2024-04-12T13:10:00+00:00","2024-04-12T11:10:34+00:00"
"rec_88f2c3969d02e65e2c82fa9bc2e8cfca72063930","2021_03_19_23_41_53 plante renversee.mp3","\\SyNAS\Records\Audio\Time_Sort\2021","1562330","1.49 MB","2021-03-19T23:41:53+00:00","2021-03-19T22:43:31+00:00"
"rec_32725674ef22f0fe06672db24d3e86020b1059ea","2021_02_19_12_40_11.mp3","\\SyNAS\Records\Audio\Time_Sort\2021","7771950","7.41 MB","2021-02-19T12:40:11+00:00","2021-02-19T11:48:17+00:00"
"rec_4d904aca175e465d9e77bbbbc62a91af350c4c6d","2019-01-15_10h59m40_Enregistrement_0362.wav","\\SyNAS\Records\Rec\GoogleRec\SmartVoiceRecorder","312322604","297.85 MB","2019-01-15T10:59:00+00:00","2019-01-15T09:59:40+00:00"
"rec_7fb0e94761b5c9f9bac175dc91be31c2ada26d8e","2021_02_10_21_28_34 petage de plombs.mp3","\\SyNAS\Records\2021","24189386","23.07 MB","2021-02-10T21:28:34+00:00","2021-02-10T20:53:46+00:00"
"rec_3d7307a7655f464284d5c250461d46a99188dfa3","2020_11_07_21_54_19.mp3","\\SyNAS\Records\Audio\2020-Unsorted","3340746","3.19 MB","2020-11-07T21:54:19+00:00","2020-11-07T20:57:47+00:00"
"rec_36a5917f1feff57767205d41937218220f83986e","2021_04_14_18_59_25 aŕrangement avec realite.mp3","\\SyNAS\Records\Audio\Time_Sort\2021","33438405","31.89 MB","2021-04-14T18:59:25+00:00","2021-04-14T17:34:15+00:00"
"rec_bbbd97411ba75123393e7e9b2cc9181b4c3cc627","2021_02_08_10_48_33 matin travail.mp3","\\SyNAS\Records\2021","109134993","104.08 MB","2021-02-08T10:48:33+00:00","2021-02-08T11:42:12+00:00"
"rec_4d7831ebe41fbe86fce08aa75d3629b80220dfa3","Audio recording 2020-10-13 00-21-22.aac","\\SyNAS\Records\2020","6004883","5.73 MB","2020-10-13T00:00:00+00:00","2020-10-12T22:24:28+00:00"
"rec_0cc9a169e90c13a912c376bdc48634978170afcc","2020_11_17_14_29_23.mp3","\\SyNAS\Records\Audio\2020-Unsorted","54685778","52.15 MB","2020-11-17T14:29:23+00:00","2020-11-17T14:26:21+00:00"
"rec_d52cc1573bdb86d9fa2854ac2e20402bcf5da49c","2023-02-19_12h26m49_Voix 137.m4a","\\SyNAS\Records\2023","23893100","22.79 MB","2023-02-19T12:26:00+00:00","2023-02-19T11:26:49+00:00"
"rec_f6e17376ab5d716670e43372fabc96a4eb00d6c6","Audio recording 2020-10-20 18-07-22 après exercises.aac","\\SyNAS\Records\2020","5091348","4.86 MB","2020-10-20T00:00:00+00:00","2020-10-20T16:10:00+00:00"
"rec_027b8e70993ec89fff58bc080a81d9388393ecbe","2020_11_06_19_21_30 raclette.mp3","\\SyNAS\Records\Audio\2020-Unsorted","56457925","53.84 MB","2020-11-06T19:21:30+00:00","2020-11-06T19:20:19+00:00"
"rec_e64a530c482cbdd225ebbcb66f91333a52992213","2021_04_14_15_57_12 ElternGedpräch.mp3","\\SyNAS\Records\2021","71142085","67.85 MB","2021-04-14T15:57:12+00:00","2021-04-14T15:11:20+00:00"
"rec_d564225312acb8706a1d78ed57a1e7f0b84e04cd","2021_07_04_14_11_30.mp3","\\SyNAS\Records\2021","12904906","12.31 MB","2021-07-04T14:11:30+00:00","2021-07-04T12:24:57+00:00"
"rec_cc10a5efaf8e1ef72874b33ec8f35b75681318de","2020_09_01_21_07_47 chien de ster ouen.mp3","\\SyNAS\Records\2020","10081592","9.61 MB","2020-09-01T21:07:47+00:00","2020-09-01T19:18:18+00:00"
"rec_a5347d132658c84e964ef5844e9d4f1e7af1e588","2021_06_12_13_00_12 les chaussures.mp3","\\SyNAS\Records\2021","9279946","8.85 MB","2021-06-12T13:00:12+00:00","2021-06-12T11:09:52+00:00"
"rec_b90a11a44a48b7f3f7393e2b480868813b911eb7","2022-11-05_17h55m23_Voix 093.m4a","\\SyNAS\Records\2022-July-Dec","71655064","68.34 MB","2022-11-05T17:55:00+00:00","2022-11-05T16:55:23+00:00"
"rec_8dce957c375e9e32f3f44eb01d4456c775b1bf82","2021_02_25_16_15_19 dd health.mp3","\\SyNAS\Records\Audio\Time_Sort\2021","15258017","14.55 MB","2021-02-25T16:15:19+00:00","2021-02-25T15:31:14+00:00"
"rec_a7e7c672cdb5b9069fa92b494831489643005fac","Audio recording 2020-12-12 19-14-23.aac","\\SyNAS\Records\Audio\Time_Sort\2020","99206166","94.61 MB","2020-12-12T00:00:00+00:00","2020-12-12T19:05:35+00:00"
"rec_f84feff75ef6f74c9981ca41c30dba366ed0a36c","2023-07-11_20h51m07_Voix 003.m4a","\\SyNAS\Records\2023","35576898","33.93 MB","2023-07-11T20:51:00+00:00","2023-07-11T18:51:07+00:00"
"rec_b55adbd61ecfe99bc3b6dca6fd3b4cb69b4bedb7","Audio recording 2020-07-09 21-53-22.wav","\\SyNAS\Records\2020","2811860","2.68 MB","2020-07-09T00:00:00+00:00","2020-07-09T19:53:40+00:00"
"rec_609444d4325e2493ab110b755a12e7c4119ef4a0","2021_03_04_12_58_15 sw testing.mp3","\\SyNAS\Records\2021","60676805","57.87 MB","2021-03-04T12:58:15+00:00","2021-03-04T13:01:26+00:00"
"rec_ab573e2d891a9a6bb410f16d2446aa70a6e1e74e","2020_10_14_21_07_57 histoire asie.mp3","\\SyNAS\Records\Audio\2020-Unsorted","48554735","46.31 MB","2020-10-14T21:07:57+00:00","2020-10-14T19:58:32+00:00"
"rec_d28063e8279413c0729227f967ded3b58afd769a","20220716_160100.m4a","\\SyNAS\Records\2022-Jan-July","44536675","42.47 MB","","2022-07-16T14:40:42+00:00"
"rec_6f82a51ae436f1d6a571d7d8e9d9adf25409d8e0","2020-05-09_18h05m12_Voix 014_sd.m4a","\\SyNAS\Records\2020","27772457","26.49 MB","2020-05-09T18:05:00+00:00","2020-05-09T16:05:12+00:00"
"rec_a3be36e473c1ad4577a63ed7f598dc30789fea28","2021_02_14_20_33_54.mp3","\\SyNAS\Records\2021","19420472","18.52 MB","2021-02-14T20:33:54+00:00","2021-02-14T19:54:08+00:00"
"rec_2e342a22e4eb4612f5af798075a4318ed55cf092","2021_06_10_16_13_03.mp3","\\SyNAS\Records\2021","18406085","17.55 MB","2021-06-10T16:13:03+00:00","2021-06-10T14:32:14+00:00"
"rec_29dfe9edcee156718e26a9d974ee37b9fc3a7bdc","2021_04_07_11_56_11.mp3","\\SyNAS\Records\2021","137020394","130.67 MB","2021-04-07T11:56:11+00:00","2021-04-07T12:18:56+00:00"
"rec_39d166177d5a5eaf618107dd541f87caf94eb65d","2021_04_08_20_11_12.mp3","\\SyNAS\Records\Audio\Time_Sort\2021","66235244","63.17 MB","2021-04-08T20:11:12+00:00","2021-04-08T19:20:12+00:00"
"rec_60023fe67445dd20b5287d758b862634039cca17","20220608_063942.m4a","\\SyNAS\Records\2022-Jan-July","336935218","321.33 MB","","2022-06-08T09:40:01+00:00"
"rec_98f9184158028c6fb9576fb823f99fd2e3f7a3d8","2021_02_14_20_33_54.mp3","\\SyNAS\Records\Audio\Time_Sort\2021","19420472","18.52 MB","2021-02-14T20:33:54+00:00","2021-02-14T19:54:08+00:00"
"rec_0168aeb94b3889895e5a390f59f6d6223acaa1ee","2021_04_19_21_59_22.mp3","\\SyNAS\Records\2021","44660191","42.59 MB","2021-04-19T21:59:22+00:00","2021-04-19T20:45:56+00:00"
"rec_84d491c9b23b5915b01fe21c65fbd9327ecc6046","2020-04-05_10h16m40_Recording (25)_Dinda.m4a","\\SyNAS\Records\WebStorage\DD","76507061","72.96 MB","2020-04-05T10:16:00+00:00","2020-04-05T23:43:40+00:00"
"rec_d88e090f1921e56e1644b41ad7236093a4be1bcb","Audio recording 2020-12-02 20-43-40.aac","\\SyNAS\Records\2020","23970528","22.86 MB","2020-12-02T00:00:00+00:00","2020-12-02T19:56:02+00:00"
"rec_c197d8a0f7530f10e7fcab4a4873bdb765618bd5","2021_04_20_20_38_19 mythomanie elisabeth.mp3","\\SyNAS\Records\Audio\Time_Sort\2021","66185507","63.12 MB","2021-04-20T20:38:19+00:00","2021-04-20T19:47:15+00:00"
"rec_15d803b79a988e15fc1bd4138bb172afaa1f5bc7","2024-10-14_04h06m03_Voix 026 nuit et films.m4a","\\SyNAS\Records\2024-notag","426827172","407.05 MB","2024-10-14T04:06:00+00:00","2024-10-14T02:06:03+00:00"
"rec_4f7dd97770abb29ae4e49fa30f03144e9bbb102c","2020_12_30_21_34_30.mp3","\\SyNAS\Records\#recycle\WebStorage\2020","12537","12.24 KB","2020-12-30T21:34:30+00:00","2020-12-30T20:34:31+00:00"
"rec_74229f7dbf01e07ecefc963489a7d2e0bab6947f","2021_02_27_20_50_20.mp3","\\SyNAS\Records\2021","212825158","202.97 MB","2021-02-27T20:50:20+00:00","2021-02-27T23:32:06+00:00"
"rec_716764d898fd41ad1172534271b946905c2f4577","2021_03_28_13_26_43 dictature.mp3","\\SyNAS\Records\Audio\Time_Sort\2021","17265474","16.47 MB","2021-03-28T13:26:43+00:00","2021-03-28T11:44:43+00:00"
"rec_5b0dbbb27a11ad1e29bbea67fbfd8aa8de5e52e4","2021_10_24_21_04_12 monsieur Bordenave.mp3","\\SyNAS\Records\2021","6239711","5.95 MB","2021-10-24T21:04:12+00:00","2021-10-24T19:10:42+00:00"
"rec_d7ab7e05ce7f90bbeafdea5c5f53d174288e4950","2021_02_28_14_07_39.mp3","\\SyNAS\Records\Audio\Time_Sort\2021","60707316","57.90 MB","2021-02-28T14:07:39+00:00","2021-02-28T14:10:53+00:00"
"rec_969f3ac9a5c29697e883606173bfc0a7de840357","2022-12-28_10h35m38_Voix 120 dd preparation.m4a","\\SyNAS\Records\2023","28172877","26.87 MB","2022-12-28T10:35:00+00:00","2022-12-28T09:35:38+00:00"
"rec_94ba799d18a6f02728c5906c57e7c898767a0325","20220720_075310.m4a","\\SyNAS\Records\2022-Jan-July","83277449","79.42 MB","","2022-07-20T07:07:23+00:00"
"rec_0c39aa17159a032267a3068df0ff16121c29552b","Audio recording 2020-09-19 20-42-55 menaces physiques.aac","\\SyNAS\Records\2020","4327805","4.13 MB","2020-09-19T00:00:00+00:00","2020-09-19T18:45:10+00:00"
"rec_1853f5178383b6b949578f2f1269ec223c7c80c3","Audio recording 2020-09-03 19-10-11.wav","\\SyNAS\Records\2020","379499948","361.92 MB","2020-09-03T00:00:00+00:00","2020-09-03T17:46:03+00:00"
"rec_9162421d24969aa7255c148783d17be5b5a56690","2021_02_01_13_07_19 tout le mal.mp3","\\SyNAS\Records\Audio\Time_Sort\2021","8857390","8.45 MB","2021-02-01T13:07:19+00:00","2021-02-01T12:16:33+00:00"
"rec_1d7abccbca03dec22122cf2abfaa5983bcb78835","Audio recording 2020-10-08 18-08-32 avocat.aac","\\SyNAS\Records\2020","9390570","8.96 MB","2020-10-08T00:00:00+00:00","2020-10-08T16:13:23+00:00"
"rec_0d86982f3a0a6a94864c05108911c4a60a316575","Audio recording 2020-10-09 19-29-58.aac","\\SyNAS\Records\2020","4975010","4.74 MB","2020-10-09T00:00:00+00:00","2020-10-09T17:32:33+00:00"
"rec_9569d39f04da4a26b633da6259c1ce981b13a615","2021_01_23_21_12_30.mp3","\\SyNAS\Records\2021","4269452","4.07 MB","2021-01-23T21:12:30+00:00","2021-01-23T20:16:57+00:00"
"rec_c4b97af91af64b2320e4341da70e867261e2d1b7","2024-04-17_11h24m05_Voix 028 dinda deal.m4a","\\SyNAS\Records\2024","31310681","29.86 MB","2024-04-17T11:24:00+00:00","2024-04-17T09:24:05+00:00"
"rec_076c66321448b5cacf8f3899fc3b290529e646c3","2021_02_10_13_48_34 prends garde a toi.mp3","\\SyNAS\Records\2021","28767293","27.43 MB","2021-02-10T13:48:34+00:00","2021-02-10T13:18:33+00:00"
"rec_56a616f1325ab583e5381fde74ddad0c2fd80cae","2021_01_03_22_47_53.mp3","\\SyNAS\Records\Audio\Time_Sort\2021","8570670","8.17 MB","2021-01-03T22:47:53+00:00","2021-01-03T21:56:49+00:00"
"rec_43657f4aec0d273c9b65d1c12c8ef6e7e24e01a9","2021_03_06_21_11_14.mp3","\\SyNAS\Records\Audio\Time_Sort\2021","959370","936.88 KB","2021-03-06T21:11:14+00:00","2021-03-06T20:12:14+00:00"
"rec_d815d606ee85bf0ea306bef29fd0143ffd0d0021","2023-07-25_08h30m42_Voix 006 dd cancelation.m4a","\\SyNAS\Records\2023","56236143","53.63 MB","2023-07-25T08:30:00+00:00","2023-07-25T06:30:42+00:00"
"rec_e8f0f449c4dbdddd19998141ae68e20ee0992a08","2021_03_06_21_21_29.mp3","\\SyNAS\Records\Audio\Time_Sort\2021","5161794","4.92 MB","2021-03-06T21:21:29+00:00","2021-03-06T20:26:52+00:00"
"rec_4de387c4e82a103344dc9511733580860f6182ec","Audio recording 2020-11-03 12-13-23 non restitution matériel électronique.aac","\\SyNAS\Records\2020","25424896","24.25 MB","2020-11-03T00:00:00+00:00","2020-11-03T11:26:30+00:00"
"rec_431026641bd9ceb02e4a0ea0342ab8452a85dc5f","2020-05-10_18h12m56_Voix 018_sd.m4a","\\SyNAS\Records\Audio\Time_Sort\2020","23933457","22.82 MB","2020-05-10T18:12:00+00:00","2020-05-10T16:12:56+00:00"
"rec_27e80ccf130481b7ddcd28328179815f58199bc0","2021_06_19_07_15_12 lapin cretins.mp3","\\SyNAS\Records\2021","3500407","3.34 MB","2021-06-19T07:15:12+00:00","2021-06-19T05:18:51+00:00"
"rec_d3eeebdc576f3ec39cb125c81ec387c981f69f8d","2022-08-22_19h27m35_Voix 062 dire des choses immondes sur moi.m4a","\\SyNAS\Records\2022-July-Dec","9783503","9.33 MB","2022-08-22T19:27:00+00:00","2022-08-22T17:27:35+00:00"
"rec_bc92a4f064c80abd4316590b761bf0911990671f","2019-10-12_00h41m32_Foker.m4a","\\SyNAS\Records\2019","2017373","1.92 MB","2019-10-12T00:41:00+00:00","2019-10-11T22:41:32+00:00"
"rec_e5618a8951835087949c2dc0bffe4bebdd1d91ea","2021_02_24_17_15_12 copies.mp3","\\SyNAS\Records\2021","4976618","4.75 MB","2021-02-24T17:15:12+00:00","2021-02-24T16:21:35+00:00"
"rec_0b48c51e741d85817144f19a17d60dcaee03c4fe","2023-08-17_18h45m36_Voix 010 Alois ballon.m4a","\\SyNAS\Records\2023","23039733","21.97 MB","2023-08-17T18:45:00+00:00","2023-08-17T16:45:36+00:00"
"rec_cbd66c5370e25db253369e0841c5a83ff924e844","Audio recording 2020-10-22 12-21-28.aac","\\SyNAS\Records\2020","39902134","38.05 MB","2020-10-22T00:00:00+00:00","2020-10-22T10:42:04+00:00"
"rec_000e7230c9d9d1cc26ad76ddee415c3dca37bee8","2020_12_29_15_54_09.mp3","\\SyNAS\Records\2020","10228296","9.75 MB","2020-12-29T15:54:09+00:00","2020-12-29T15:04:49+00:00"
"rec_061a06ad39001b81cfd45759b46ada75b497bcd7","2024-07-29_20h28m14_Voix 017 allez au lac.m4a","\\SyNAS\Records\2024-notag","25636186","24.45 MB","2024-07-29T20:28:00+00:00","2024-07-29T18:28:14+00:00"
"rec_6da5a7549642c6b4658356fb20dafd8dda559d51","Audio recording 2020-06-24 15-01-40.aac","\\SyNAS\Records\2020","323230859","308.26 MB","2020-06-24T00:00:00+00:00","2020-06-24T15:48:28+00:00"
"rec_5e9dd38b1c2180272b93bbc78ddc0cb09ee77a66","Audio recording 2020-12-12 08-33-00.aac","\\SyNAS\Records\Audio\Time_Sort\2020","9335789","8.90 MB","2020-12-12T00:00:00+00:00","2020-12-12T07:37:49+00:00"
"rec_1b68ff10446491349fcc6edecb90c6d8f8457473","2021_02_27_15_38_45.mp3","\\SyNAS\Records\Audio\Time_Sort\2021","49829928","47.52 MB","2021-02-27T15:38:45+00:00","2021-02-27T15:30:40+00:00"
"rec_5d95de72c5efaf2506950adaeb58eccc9d703968","Audio recording 2020-11-13 12-23-06.aac","\\SyNAS\Records\2020","1399673","1.33 MB","2020-11-13T00:00:00+00:00","2020-11-13T11:23:50+00:00"
"rec_800fd0886924488eefdadf6a57b7b66bb85c4ce2","2021_03_29_19_06_26 pere sans pouvoir.mp3","\\SyNAS\Records\Audio\Time_Sort\2021","12022177","11.47 MB","2021-03-29T19:06:26+00:00","2021-03-29T17:18:57+00:00"
"rec_df562ccf876e6b779ef7ff99df89fe0c05b624f3","2021_01_27_20_29_54.mp3","\\SyNAS\Records\Audio\Time_Sort\2021","14167561","13.51 MB","2021-01-27T20:29:54+00:00","2021-01-27T19:44:40+00:00"
"rec_e773d74f77d2c9ade007f4de40431bf902c87ddd","2021_01_12_19_00_15 mathematiques.mp3","\\SyNAS\Records\2021","34418519","32.82 MB","2021-01-12T19:00:15+00:00","2021-01-12T18:36:06+00:00"
"rec_3573f58103fdab1fd120f9959b237c0b37b46f1e","2022-11-30_21h04m18_Voix 104 Aloïs super excité.m4a","\\SyNAS\Records\2022-July-Dec","9234962","8.81 MB","2022-11-30T21:04:00+00:00","2022-11-30T20:04:18+00:00"
"rec_395e0a1edd9bcaf6b54f62077f1c32316c7bb5c0","Audio recording 2020-10-23 13-55-13.aac","\\SyNAS\Records\2020","40520188","38.64 MB","2020-10-23T00:00:00+00:00","2020-10-23T12:16:08+00:00"
"rec_c0052183605868dc9b7134a9402fcdbad978bc7a","2020_09_12_13_00_17_ALos_mit_STeven.mp3","\\SyNAS\Records\Audio\2020-Unsorted","35367287","33.73 MB","2020-09-12T13:00:17+00:00","2020-09-12T11:37:07+00:00"
"rec_def1e81cc9fd52b5ead4f2a9783720d111535d04","2021_06_16_15_06_10.mp3","\\SyNAS\Records\2021","271413497","258.84 MB","2021-06-16T15:06:10+00:00","2021-06-16T17:49:05+00:00"
"rec_cabc20ef592f87dc782f0ace5a4296ce8a60df1f","2020_10_11_10_41_44 ma machine bis.mp3","\\SyNAS\Records\Audio\2020-Unsorted","864338","844.08 KB","2020-10-11T10:41:44+00:00","2020-10-11T08:42:38+00:00"
"rec_e55d09ac4250976e6bf5342c777d52044cca79ec","Audio recording 2020-05-21 22-38-33.wav","\\SyNAS\Records\2020","96836588","92.35 MB","2020-05-21T00:00:00+00:00","2020-05-21T20:47:43+00:00"
"rec_805d772e0542fd294060f3186847b175f2323312","2020_07_29_08_08_48 alois confess morning.mp3","\\SyNAS\Records\2020","54993814","52.45 MB","2020-07-29T08:08:48+00:00","2020-07-29T07:06:05+00:00"
"rec_843e4432b8a3f71ab705cbff464dc9fbd12da6e4","Audio recording 2020-06-29 19-31-57.aac","\\SyNAS\Records\Audio\Time_Sort\2020","13585530","12.96 MB","2020-06-29T00:00:00+00:00","2020-06-29T17:38:58+00:00"
"rec_5747efbd7d835b14c6ad5dab0fb6fd91a09c629e","Audio recording 2020-07-04 22-59-09.wav","\\SyNAS\Records\2020","27200924","25.94 MB","2020-07-04T00:00:00+00:00","2020-07-04T21:01:44+00:00"
"rec_4f9a040c3755915881813b1908d20d18db09fb15","2020_08_23_21_40_19 nuit.mp3","\\SyNAS\Records\2020","385160671","367.32 MB","2020-08-23T21:40:19+00:00","2020-08-24T02:21:31+00:00"
"rec_f600cd9112a8a9bc1072756d0f182194572e9da3","Audio recording 2020-11-05 20-55-02.aac","\\SyNAS\Records\2020","22482492","21.44 MB","2020-11-05T00:00:00+00:00","2020-11-05T20:06:38+00:00"
"rec_3e24cda1d15a1d592c0cdde985d3f7a64672c812","2021_01_10_16_51_03.mp3","\\SyNAS\Records\2021","3530500","3.37 MB","2021-01-10T16:51:03+00:00","2021-01-10T15:54:43+00:00"
"rec_070fcdb8ef250ac942336f029be8e83edbb42f6a","Audio recording 2020-08-17 20-38-06.wav","\\SyNAS\Records\2020","133845308","127.64 MB","2020-08-17T00:00:00+00:00","2020-08-17T18:50:45+00:00"
"rec_4a96ec57e28a237953786e4553dc187df9f026d8","Audio recording 2020-11-28 19-36-13.aac","\\SyNAS\Records\2020","123313175","117.60 MB","2020-11-28T00:00:00+00:00","2020-11-28T19:39:50+00:00"
"rec_927d40b0f93b1ed11d6d589455040f248066bc5c","2021_04_12_18_51_06.mp3","\\SyNAS\Records\Audio\Time_Sort\2021","8995734","8.58 MB","2021-04-12T18:51:06+00:00","2021-04-12T17:00:28+00:00"
"rec_67bc45a4f8d5333433d417df49ee640f4cbae2b6","2022_02_17_20_05_28.mp3","\\SyNAS\Records\2022-Jan-July","441897794","421.43 MB","2022-02-17T20:05:28+00:00","2022-02-18T02:45:47+00:00"
"rec_445b9cb512f95068d59d1a2b7b153523d47a817b","2021_01_24_13_12_59 KTA brutalite.mp3","\\SyNAS\Records\2021","20050762","19.12 MB","2021-01-24T13:12:59+00:00","2021-01-24T12:34:08+00:00"
"rec_2bf58ddf6bc49a01545a348d2cf0ac1b79c3ebdb","20220712_162421.m4a","\\SyNAS\Records\2022-Jan-July","157495814","150.20 MB","","2022-07-12T16:44:44+00:00"
"rec_8aa2026b98080cee8f0c0472578f7ad9eaddf1fb","2021_06_19_06_49_45 Anniversaires Stevenson.mp3","\\SyNAS\Records\2021","18291146","17.44 MB","2021-06-19T06:49:45+00:00","2021-06-19T05:08:48+00:00"
"rec_0d6c7d734078be5f154042cc69622d8fda688635","Audio recording 2020-06-26 21-20-42 le diable et les trois cheveux d or.aac","\\SyNAS\Records\Audio\Time_Sort\2020","45048877","42.96 MB","2020-06-26T00:00:00+00:00","2020-06-26T19:43:58+00:00"
"rec_f774eef46ad24aa6f85c4275e0225aae9ad9749d","Audio recording 2020-07-19 16-27-05.wav","\\SyNAS\Records\Audio\Time_Sort\2020","38328236","36.55 MB","2020-07-19T00:00:00+00:00","2020-07-19T14:30:44+00:00"
"rec_5b88f7ed189dcdc2738c3d5a910c36e548e8b1d6","2021_06_20_16_07_04.mp3","\\SyNAS\Records\2021","169609507","161.75 MB","2021-06-20T16:07:04+00:00","2021-06-20T17:03:44+00:00"
"rec_61085d021df182af5e2a7ffcaba01d44bc1e65ae","2020_08_07_08_50_14 1000.mp3","\\SyNAS\Records\2020","62871927","59.96 MB","2020-08-07T08:50:14+00:00","2020-08-07T07:55:45+00:00"
"rec_feec67dd95c8a22f7103c5fc1bfce23635818b97","2019-10-12_00h56m08_Vevo.m4a","\\SyNAS\Records\2019","2190557","2.09 MB","2019-10-12T00:56:00+00:00","2019-10-11T22:56:08+00:00"
"rec_79b39539259732f736ac7827d482c5fa52b9250f","2021_04_07_16_03_06.mp3","\\SyNAS\Records\2021","3004707","2.87 MB","2021-04-07T16:03:06+00:00","2021-04-07T14:06:14+00:00"
"rec_a1a225f73595b19a91b1a858df24f3e03208a767","2023-12-13_20h40m33_Voix 017 alois discussion.m4a","\\SyNAS\Records\2023","107180744","102.22 MB","2023-12-13T20:40:00+00:00","2023-12-13T19:40:33+00:00"
"rec_7078595bac0e98947db18e0fd4003c6091116afc","2022-09-22_20h59m47_Voix 079 Labrador en justice a la TV.m4a","\\SyNAS\Records\2022-July-Dec","40615377","38.73 MB","2022-09-22T20:59:00+00:00","2022-09-22T18:59:47+00:00"
"rec_b827d0dfd1f6687fc201b8d259eb650bacfb3ca1","2021_01_08_15_21_52 KA retour d ecole.mp3","\\SyNAS\Records\2021","17630353","16.81 MB","2021-01-08T15:21:52+00:00","2021-01-08T14:40:14+00:00"
"rec_65ae1d7854774b648f5f3ce4b77aad1c3a0556be","2021_04_22_12_46_14.mp3","\\SyNAS\Records\2021","203794807","194.35 MB","2021-04-22T12:46:14+00:00","2021-04-22T14:18:33+00:00"
"rec_c3441fbe7aabf15ffa26851c65cf1b4604ba365c","Audio recording 2020-12-02 20-12-42.aac","\\SyNAS\Records\Audio\Time_Sort\2020","59934136","57.16 MB","2020-12-02T00:00:00+00:00","2020-12-02T19:43:38+00:00"
"rec_9d2349191552dda58029c41a08fd250ee23655ed","2022-11-05_22h06m35_Voix 094 tirer les cheveux.m4a","\\SyNAS\Records\2022-July-Dec","20046444","19.12 MB","2022-11-05T22:06:00+00:00","2022-11-05T21:06:35+00:00"
"rec_e01567fcf20703417f5f0bd6687ee6ed4f98f6d7","2022-07-19_20h05m34_Voix 045 plainte de le mere.m4a","\\SyNAS\Records\2022-July-Dec","7857810","7.49 MB","2022-07-19T20:05:00+00:00","2022-07-19T18:05:34+00:00"
"rec_0a297b0dfea6b9c600fc657761b733b90684af84","Audio recording 2020-07-19 16-11-36 aller à l anniversaire.wav","\\SyNAS\Records\Audio\Time_Sort\2020","128472164","122.52 MB","2020-07-19T00:00:00+00:00","2020-07-19T14:23:44+00:00"
"rec_5a67fa8f4abe165da631ddd6c672434a922c5dce","2023-11-28_21h21m40_Voix 016 Hikari piano.m4a","\\SyNAS\Records\2023","30859950","29.43 MB","2023-11-28T21:21:00+00:00","2023-11-28T20:21:40+00:00"
"rec_1703d4e155ca4abf965eba6f05842239c75c3d98","2021_04_05_18_34_34_rage.mp3","\\SyNAS\Records\2021","9721311","9.27 MB","2021-04-05T18:34:34+00:00","2021-04-05T16:44:42+00:00"
"rec_b8a12a4838e7a1b8ea88a4205fa2132b7e3ade57","2020_12_25_23_38_16 rire demoniaque.mp3","\\SyNAS\Records\Audio\Time_Sort\2020","694643","678.36 KB","2020-12-25T23:38:16+00:00","2020-12-25T22:39:00+00:00"
"rec_43cb15091e9d54541d948f3139da749335c04b37","2019-10-15_23h48m28_Voix 004_sd.m4a","\\SyNAS\Records\Audio\Time_Sort\2019","83787","81.82 KB","2019-10-15T23:48:00+00:00","2019-10-15T21:48:28+00:00"
"rec_d8f9df56f1d22698249b233fe41ec7fbb1493d11","2020-05-24_12h25m22_Voix 049_sd Ramasse ces chaussettes _ 5 min pour aller à la douche.m4a","\\SyNAS\Records\2020","1447684","1.38 MB","2020-05-24T12:25:00+00:00","2020-05-24T10:25:22+00:00"
"rec_d2a982b487f9a8d6862411fa5397545cc3c375f9","2022-08-01_20h06m57_Voix 052.m4a","\\SyNAS\Records\2022-July-Dec","805561","786.68 KB","2022-08-01T20:06:00+00:00","2022-08-01T18:06:57+00:00"
"rec_4b61fced8dc6efe73335e1077c19a7bf9eda1c91","Audio recording 2020-11-28 21-10-44 crocs blanc.aac","\\SyNAS\Records\2020","41186198","39.28 MB","2020-11-28T00:00:00+00:00","2020-11-28T20:32:00+00:00"
"rec_574270eb4a69dd0ffbf038f6099dae09583af14f","2021_01_28_17_15_46.mp3","\\SyNAS\Records\2021","18607959","17.75 MB","2021-01-28T17:15:46+00:00","2021-01-28T16:35:09+00:00"
"rec_f43f4d1f735150f92a571ffa4314493cb8c2dcbb","2020_09_12_14_23_46_KTA_DoigtD'honneur.mp3","\\SyNAS\Records\Audio\2020-Unsorted","583888","570.20 KB","2020-09-12T14:23:46+00:00","2021-01-15T02:43:52+00:00"
"rec_c4679706eaaf19d9fd223b487675bbbf5f1d9782","Audio recording 2020-11-12 07-16-16.aac","\\SyNAS\Records\2020","35671907","34.02 MB","2020-11-12T00:00:00+00:00","2020-11-12T06:34:40+00:00"
"rec_c5d7583e0987ffe7bdf926f59c959d126b65e31b","2022-12-29_00h49m37_Voix 121.m4a","\\SyNAS\Records\2023","21086754","20.11 MB","2022-12-29T00:49:00+00:00","2022-12-28T23:49:37+00:00"
"rec_deffd4371611a28cf1c5598ba13f6cbc92e35f57","Audio recording 2020-06-20 15-39-56.aac","\\SyNAS\Records\2020","4693839","4.48 MB","2020-06-20T00:00:00+00:00","2020-06-20T13:42:22+00:00"
"rec_9fafeec0fb64e717f5ce17a74ae3f29c67b07ffc","2020_07_30_15_32_08.mp3","\\SyNAS\Records\2020","432961827","412.90 MB","2020-07-30T15:32:08+00:00","2020-07-30T21:03:09+00:00"
"rec_ba02f1e282636c2c38f21c67559ce59da8be0d6c","2024-05-20_14h59m55_Voix 002 melodie.m4a","\\SyNAS\Records\2024","601410","587.31 KB","2024-05-20T14:59:00+00:00","2024-05-20T12:59:55+00:00"
"rec_1acb3ef4ea88526b32cf736ea8546c35426a3adc","2021_01_23_15_04_28.mp3","\\SyNAS\Records\Audio\Time_Sort\2021","4179956","3.99 MB","2021-01-23T15:04:28+00:00","2021-01-23T14:17:11+00:00"
"rec_e004a3e0df31877cadd4c7a9c5bca346ddceea7c","2021_09_07_11_57_55 non repas omelette.mp3","\\SyNAS\Records\2021","25278588","24.11 MB","2021-09-07T11:57:55+00:00","2021-09-07T10:24:13+00:00"
"rec_031cb17972179c2d4b9022f38401ec970445d547","2023-03-03_03h50m52_Voix 141 steinhause.m4a","\\SyNAS\Records\2023","293817565","280.21 MB","2023-03-03T03:50:00+00:00","2023-03-03T02:50:52+00:00"
"rec_0f975aa887ece6a5a49e7c9a3ed0d8c236fc3e37","Audio recording 2020-11-29 19-08-51.aac","\\SyNAS\Records\2020","32056718","30.57 MB","2020-11-29T00:00:00+00:00","2020-11-29T18:25:24+00:00"
"rec_f3d14f0bc379d401ceaa249a665d2acc40738a07","2021_05_04_11_57_17 repas harsellemenent ordinaire.mp3","\\SyNAS\Records\Audio\Time_Sort\2021","25004407","23.85 MB","2021-05-04T11:57:17+00:00","2021-05-04T10:23:20+00:00"
"rec_9fce864564d6e71eacd8f54225453d29c21332cd","2022_01_01_01_59_00.mp3","\\SyNAS\Records\2022-Jan-July","147109510","140.29 MB","2022-01-01T01:59:00+00:00","2022-01-01T03:32:14+00:00"
"rec_eadd041376194a3f9977553353ca5396943f86cc","2021_01_26_21_26_12 aide reparation pc.mp3","\\SyNAS\Records\Audio\Time_Sort\2021","70228426","66.98 MB","2021-01-26T21:26:12+00:00","2021-01-26T21:39:21+00:00"
"rec_b640a5d1ea38ac2b41360a24e56cd1203c44100b","2022-11-05_23h51m10_Voix 094 star académie.m4a","\\SyNAS\Records\2022-July-Dec","96160193","91.71 MB","2022-11-05T23:51:00+00:00","2022-11-05T22:51:10+00:00"
"rec_e857aa1a237eb842306acd88939c4c787cc651ee","Audio recording 2020-09-21 12-58-22 repas.aac","\\SyNAS\Records\2020","77328360","73.75 MB","2020-09-21T00:00:00+00:00","2020-09-21T11:38:17+00:00"
"rec_7e26f307e9072ad5ec0fccda2731dc8115f0b061","Audio recording 2020-12-15 21-13-21.aac","\\SyNAS\Records\2020","6444444","6.15 MB","2020-12-15T00:00:00+00:00","2020-12-15T20:16:41+00:00"
"rec_1336d35efcb10de8b7f50f119e10986d1b47f95a","2021_01_13_20_20_33.mp3","\\SyNAS\Records\2021","974679","951.83 KB","2021-01-13T20:20:33+00:00","2021-01-13T19:21:34+00:00"
"rec_5a2a9a1b5b0647ecc2f4c09989ae0b70af3f3fc4","2021_01_20_12_13_40.mp3","\\SyNAS\Records\Audio\Time_Sort\2021","74788361","71.32 MB","2021-01-20T12:13:40+00:00","2021-01-20T12:31:34+00:00"
"rec_69c112cdd4fe0be7badf15916b8b24e3efbd536a","Audio recording 2020-09-01 16-38-14.wav","\\SyNAS\Records\Audio\Time_Sort\2020","71893628","68.56 MB","2020-09-01T00:00:00+00:00","2020-09-01T14:45:02+00:00"
"rec_1908fe1fed1b5414da46d28bcf07ae6898f0d88e","2020-03-18_20h14m56_Recording (6)_Dinda Conversation.m4a","\\SyNAS\Records\WebStorage\DD","12612878","12.03 MB","2020-03-18T20:14:00+00:00","2020-04-05T23:24:00+00:00"
"rec_1d25f8181c5c1fa7e9838095609b50118ab8231e","2021_09_20_11_50_05.mp3","\\SyNAS\Records\2021","20612492","19.66 MB","2021-09-20T11:50:05+00:00","2021-09-20T10:11:34+00:00"
"rec_973dd3809586a290066521c6afbe0a7161b0f5b9","Audio recording 2020-11-23 19-35-16.aac","\\SyNAS\Records\Audio\Time_Sort\2020","28589312","27.26 MB","2020-11-23T00:00:00+00:00","2020-11-23T18:50:02+00:00"
"rec_d2acfcead9cffa7daa66147b3d2f54d21c497ecc","Audio recording 2020-10-26 18-50-29 soirée.aac","\\SyNAS\Records\2020","17253221","16.45 MB","2020-10-26T00:00:00+00:00","2020-10-26T18:17:33+00:00"
"rec_072470ce17fc8fce94c76d4c1289fc2be351c0ac","2020-04-02_04h30m56_Recording (19)_Dinda.m4a","\\SyNAS\Records\WebStorage\DD","47172793","44.99 MB","2020-04-02T04:30:00+00:00","2020-04-05T23:24:06+00:00"
"rec_2e67debf8753f5d1f1e6ffaf97eacdd31b12dc30","2020_09_13_21_11_02.mp3","\\SyNAS\Records\Audio\2020-Unsorted","16369788","15.61 MB","2020-09-13T21:11:02+00:00","2020-09-13T19:28:05+00:00"
"rec_643088454ee9a4545371310a3927f875d1b0ab0e","2021_05_05_12_10_58.mp3","\\SyNAS\Records\2021","50570134","48.23 MB","2021-05-05T12:10:58+00:00","2021-05-05T11:03:39+00:00"
"rec_d680ce50f49df91513b85b800854ae571809d279","2023-05-21_21h08m13_Voix 156 dépôt Steinhausen.m4a","\\SyNAS\Records\2023","60502084","57.70 MB","2023-05-21T21:08:00+00:00","2023-05-21T19:08:13+00:00"
"rec_63e4c6c3019d50a8456f679694ce4645d2904d01","2023-07-10_13h13m44_Voix 003 fon d'histoire.m4a","\\SyNAS\Records\2023","45215495","43.12 MB","2023-07-10T13:13:00+00:00","2023-07-10T11:13:44+00:00"
"rec_2ae7a0314367acfa9ba47ab582c15e44a02ec4cb","Audio recording 2020-11-17 12-01-29.aac","\\SyNAS\Records\Audio\Time_Sort\2020","81228598","77.47 MB","2020-11-17T00:00:00+00:00","2020-11-17T11:43:24+00:00"
"rec_eafd5226dcfda27b4cb7c1d2be3d26e213f89b32","2021_08_19_20_48_27 one piece manga cahpitre 1.mp3","\\SyNAS\Records\2021","9985879","9.52 MB","2021-08-19T20:48:27+00:00","2021-08-19T18:58:52+00:00"
"rec_06fc758752f23e499835a7463a7f7ada8cc3b519","2022_05_12_21_00_40.mp3","\\SyNAS\Records\2022-Jan-July","20462862","19.51 MB","2022-05-12T21:00:40+00:00","2022-05-12T19:21:59+00:00"
"rec_396554baed78a023d832341b9c5ccde51dc7c7c5","2022-07-21_14h55m49_Voix 046.m4a","\\SyNAS\Records\2022-July-Dec","12411198","11.84 MB","2022-07-21T14:55:00+00:00","2022-07-21T12:55:49+00:00"
"rec_f14b95b08c06e7d360f3597446777252f1877729","Audio recording 2020-07-11 11-20-44.wav","\\SyNAS\Records\2020","101634668","96.93 MB","2020-07-11T00:00:00+00:00","2020-07-11T09:30:20+00:00"
"rec_8e3e00aa6ba4fd12314c8555b190a20fc7d05a17","2021_04_05_19_03_20.mp3","\\SyNAS\Records\Audio\Time_Sort\2021","8249259","7.87 MB","2021-04-05T19:03:20+00:00","2021-04-05T17:11:56+00:00"
"rec_acef956251466172d4f3058069a9e3f23620c385","2023-06-30_14h57m07_Voix 160 dd crisis again.m4a","\\SyNAS\Records\2023","6390167","6.09 MB","2023-06-30T14:57:00+00:00","2023-06-30T12:57:07+00:00"
"rec_5c2bc5b05cc8a399dc940af1134eaf64ca462828","Audio recording 2020-08-31 19-09-57.wav","\\SyNAS\Records\2020","55516652","52.94 MB","2020-08-31T00:00:00+00:00","2020-08-31T17:33:57+00:00"
"rec_53adc83b7f8a0812e1d34fb0fd836255711921ff","2023-05-04_19h22m48_Voix 153 Steinhausen.m4a","\\SyNAS\Records\2023","44884394","42.81 MB","2023-05-04T19:22:00+00:00","2023-05-04T17:22:48+00:00"
"rec_3e8632f6474f9fb1b3248a794145d17b329aef3d","2021_04_24_09_32_00.mp3","\\SyNAS\Records\2021","239071","233.47 KB","2021-04-24T09:32:00+00:00","2021-04-24T07:32:15+00:00"
"rec_217b1f90e117a91b9d3b3ac9a9cff7a5e78cc053","2024-07-07_10h20m32_Voix 010 dd explications.m4a","\\SyNAS\Records\2024_DD_theater","182313622","173.87 MB","2024-07-07T10:20:00+00:00","2024-07-07T08:20:32+00:00"
"rec_b74259d2df82eee5e7bbdbb6788f9d00ae529ad9","2021_04_01_07_13_46.mp3","\\SyNAS\Records\2021","45599763","43.49 MB","2021-04-01T07:13:46+00:00","2021-04-01T06:01:16+00:00"
"rec_66c05f926cc71a4eeec5f737b43b75ec5d0255a5","2021_01_17_17_03_28.mp3","\\SyNAS\Records\Audio\Time_Sort\2021","24730643","23.58 MB","2021-01-17T17:03:28+00:00","2021-01-17T16:29:14+00:00"
"rec_2a5ef68fc1449068cbda77e3695c5539f5fd3bec","2020_12_23_16_41_59.mp3","\\SyNAS\Records\2020","17206960","16.41 MB","2020-12-23T16:41:59+00:00","2020-12-23T15:59:55+00:00"
"rec_cde28e1c070920ca8462100b89216b79875721a6","2021_07_04_14_31_38 fumier.mp3","\\SyNAS\Records\2021","3360815","3.21 MB","2021-07-04T14:31:38+00:00","2021-07-04T12:35:09+00:00"
"rec_a1485bed6b6b7067629fc33e02dce1e3bdfe8cce","2022-07-12_15h09m34_Voix 037 fin de repas.m4a","\\SyNAS\Records\2022-July-Dec","39484640","37.66 MB","2022-07-12T15:09:00+00:00","2022-07-12T13:09:34+00:00"
"rec_e6da5639b050af00961934b0b8e2617b58a4ed3a","2020_12_31_10_40_14.mp3","\\SyNAS\Records\Audio\Time_Sort\2020","9806993","9.35 MB","2020-12-31T10:40:14+00:00","2020-12-31T09:50:27+00:00"
"rec_917fab67a332e9f41cb20e7b13d996cf3f208efb","2023-10-19_12h49m28_Voix 015 Aloïs confessions.m4a","\\SyNAS\Records\2023","12667267","12.08 MB","2023-10-19T12:49:00+00:00","2023-10-19T10:49:28+00:00"
"rec_634bbdb5afa0eeaf76d59ca45228e4be2c9de7f7","2021_04_15_19_34_20.mp3","\\SyNAS\Records\Audio\Time_Sort\2021","743966","726.53 KB","2021-04-15T19:34:20+00:00","2021-04-15T17:35:07+00:00"
"rec_01445793a531906cd345b15a0e3ee6a941d0bb6d","2021_04_02_15_54_07 porcinet.mp3","\\SyNAS\Records\2021","2468048","2.35 MB","2021-04-02T15:54:07+00:00","2021-04-02T13:56:42+00:00"
"rec_24c837f14e1f68e6dd19094e3779c0d4f9fa10c0","Audio recording 2020-07-15 12-45-52.wav","\\SyNAS\Records\2020","122957900","117.26 MB","2020-07-15T00:00:00+00:00","2020-07-15T11:03:20+00:00"
"rec_38597675799afd7459e0623fa22f6ed399cd606a","Audio recording 2020-12-14 07-45-45.aac","\\SyNAS\Records\2020","27606740","26.33 MB","2020-12-14T00:00:00+00:00","2020-12-14T07:00:00+00:00"
"rec_4f0375d0237460a67d052e05462a870aa27a6a16","2022-06-23_08h24m09_Voix 016 anniversqi.m4a","\\SyNAS\Records\2022-July-Dec","30727956","29.30 MB","2022-06-23T08:24:00+00:00","2022-06-23T06:24:09+00:00"
"rec_9247f1bf487931209288a4046ad102c922a0c599","2023-02-26_16h18m40_Voix 141 repas.m4a","\\SyNAS\Records\2023","23725652","22.63 MB","2023-02-26T16:18:00+00:00","2023-02-26T15:18:40+00:00"
"rec_95864e5c49398ba93cc8e630d6e2e411e063d066","2020_12_31_14_00_12.mp3","\\SyNAS\Records\Audio\Time_Sort\2020","3608240","3.44 MB","2020-12-31T14:00:12+00:00","2020-12-31T13:03:58+00:00"
"rec_e07c59fbc75139397d661503430f049c0b510021","2021_03_08_18_57_02 preparation ordinaire pizza.mp3","\\SyNAS\Records\Audio\Time_Sort\2021","52557108","50.12 MB","2021-03-08T18:57:02+00:00","2021-03-08T19:03:58+00:00"
"rec_0eddd697f0c1a5312ef9508db2f4a38bc3ff781a","2022-11-06_11h31m04_Voix 095 petain et l'histoire de l'école.m4a","\\SyNAS\Records\2022-July-Dec","17280460","16.48 MB","2022-11-06T11:31:00+00:00","2022-11-06T10:31:04+00:00"
"rec_a944046a6d89acd49918b5aa76b4ae6c293b1441","2021_01_31_21_22_53 KTA virus bacteries.mp3","\\SyNAS\Records\Audio\Time_Sort\2021","23816567","22.71 MB","2021-01-31T21:22:53+00:00","2021-01-31T20:47:42+00:00"
"rec_a7a06fad6310c1b343201223873a7ad6c0c66366","2024-10-05_10h45m22_Voix 026 joie.m4a","\\SyNAS\Records\2024-notag","81088605","77.33 MB","2024-10-05T10:45:00+00:00","2024-10-05T08:45:22+00:00"
"rec_c17e834ff30064fdc05f063ada813dbbf5689310","2021_02_10_21_55_12 histoire.mp3","\\SyNAS\Records\2021","15224580","14.52 MB","2021-02-10T21:55:12+00:00","2021-02-10T21:11:03+00:00"
"rec_ecd126c24420b59d2bc7947887c6076d9f8fbddb","2020_10_23_08_07_30 suit jusqu a ecole.mp3","\\SyNAS\Records\Audio\2020-Unsorted","738950","721.63 KB","2020-10-23T08:07:30+00:00","2020-10-23T06:08:17+00:00"
"rec_3103b1865dfe262d820875ae0a713a82ff32360f","2021_07_12_11_50_38 KTA lunch festival.mp3","\\SyNAS\Records\2021","92795714","88.50 MB","2021-07-12T11:50:38+00:00","2021-07-12T11:27:18+00:00"
"rec_76c524f623f21843c6b4a461623e90dcf32ee9a6","Audio recording 2020-12-03 10-40-26 fermeture eclaire debriefing.aac","\\SyNAS\Records\Audio\Time_Sort\2020","3918269","3.74 MB","2020-12-03T00:00:00+00:00","2020-12-03T09:42:28+00:00"
"rec_5774b298b2bb6752df7004ab418b283dc34ec0a8","2021_06_07_12_28_52 lunch.mp3","\\SyNAS\Records\2021","13763394","13.13 MB","2021-06-07T12:28:52+00:00","2021-06-07T10:43:12+00:00"
"rec_6ae0064f6b14e73106ae7283037f7a2ddef1503d","2020_11_25_18_48_24 apres midi.mp3","\\SyNAS\Records\Audio\2020-Unsorted","147582640","140.75 MB","2020-11-25T18:48:24+00:00","2020-11-25T20:22:08+00:00"
"rec_8e38fbad41a41536be6092e2d55c38182b7f46fb","Audio recording 2020-11-09 21-00-24.aac","\\SyNAS\Records\Audio\Time_Sort\2020","4519037","4.31 MB","2020-11-09T00:00:00+00:00","2020-11-09T20:02:44+00:00"
"rec_cc10907d88cd47c05afb0f77f1c1906a6785b930","Audio recording 2020-10-01 21-46-11 être ne quelque part.aac","\\SyNAS\Records\2020","3762300","3.59 MB","2020-10-01T00:00:00+00:00","2020-10-01T19:48:08+00:00"
"rec_4c06be6f9be4f47fdff0f59f7de1ad1d734a4841","2020-05-31 22-34-01.aac","\\SyNAS\Records\2020","32928986","31.40 MB","2020-05-31T00:00:00+00:00","2020-07-06T22:08:15+00:00"
"rec_c27b43c6ea79d2c197fde0dc80eea69dbafb1ad6","2021_04_17_17_16_52.mp3","\\SyNAS\Records\2021","438438","428.16 KB","2021-04-17T17:16:52+00:00","2021-04-17T15:17:20+00:00"
"rec_f6900c3837c314c5d5ff797704773ff950b5b8ed","rec_20190818-2131.wav","\\SyNAS\Records\2019","6449228","6.15 MB","","2019-08-18T20:31:22+00:00"
"rec_9027c2a9750491b17856788bd10f6d0fcd2a4f18","2023-08-25_08h27m00_Voix 011 dd sleeps.m4a","\\SyNAS\Records\2023","310478112","296.10 MB","2023-08-25T08:27:00+00:00","2023-08-25T06:27:00+00:00"
"rec_fa8904d2349d67399f093f7d19779f2ad91484cb","2020_12_25_07_18_59.mp3","\\SyNAS\Records\Audio\Time_Sort\2020","40650709","38.77 MB","2020-12-25T07:18:59+00:00","2020-12-25T07:01:19+00:00"
"rec_4ecec3400388166adf43bd4173bbe9a4a1bf4458","2020_10_10_21_55_08 avant de dormir.mp3","\\SyNAS\Records\Audio\2020-Unsorted","28285804","26.98 MB","2020-10-10T21:55:08+00:00","2020-10-10T20:24:36+00:00"
"rec_54492106656a6270be3e8a113937f495c7847fac","2023-06-14_19h19m17_Voix 158 Aloïs exutoire.m4a","\\SyNAS\Records\2023","30196144","28.80 MB","2023-06-14T19:19:00+00:00","2023-06-14T17:19:17+00:00"
"rec_d34c2c2d41b0cf25c0e25764d3b4f1c6b0975a70","2020_09_04_19_33_13 soirée .mp3","\\SyNAS\Records\2020","94859179","90.46 MB","2020-09-04T19:33:13+00:00","2020-09-04T19:12:02+00:00"
"rec_7efa04eab8078ff277a829e5cfb44852ab837af1","2021_02_02_21_01_33.mp3","\\SyNAS\Records\2021","41558934","39.63 MB","2021-02-02T21:01:33+00:00","2021-02-02T20:44:51+00:00"
"rec_4e5e3c01e7811246adc35dde04d13a7472e3ec12","2021_01_23_18_56_33 folie jusqu au bout.mp3","\\SyNAS\Records\Audio\Time_Sort\2021","89750882","85.59 MB","2021-01-23T18:56:33+00:00","2021-01-23T19:30:02+00:00"
"rec_c286fbade2dad768c2ace244cfd7fb308b36dab0","2020-06-01 14-17-23.aac","\\SyNAS\Records\2020","416820497","397.51 MB","2020-06-01T00:00:00+00:00","2020-07-06T22:12:22+00:00"
"rec_706aad33beb552c7e8dbedaaf2e29eb3841064a2","2020_12_30_21_06_15.mp3","\\SyNAS\Records\2020","22423927","21.39 MB","2020-12-30T21:06:15+00:00","2020-12-30T20:29:37+00:00"
"rec_290962bb40bdcde13fcd81e0b07e1a13ca253f30","2024-07-28_20h42m33_Voix 016 au revoir voiture.m4a","\\SyNAS\Records\2024","20073535","19.14 MB","2024-07-28T20:42:00+00:00","2024-07-28T18:42:33+00:00"
"rec_271bd46fbf1d9796b3e54a04c176673dbbcddddd","2020_12_31_12_47_51 repas midi st sylvestre.mp3","\\SyNAS\Records\Audio\Time_Sort\2020","49499323","47.21 MB","2020-12-31T12:47:51+00:00","2020-12-31T12:39:25+00:00"
"rec_ed5789c292e8de0314fad2992766f8956d52a28d","2023-02-15_14h44m16_Voix 131.m4a","\\SyNAS\Records\2023","28563703","27.24 MB","2023-02-15T14:44:00+00:00","2023-02-15T13:44:16+00:00"
"rec_b63361fd41a5413d60e97fff567a3b2e7214ff60","2021_04_24_17_58_14.mp3","\\SyNAS\Records\2021","7698807","7.34 MB","2021-04-24T17:58:14+00:00","2021-04-24T16:06:17+00:00"
"rec_4a55ac99e48d659ab3729ce98027a19977cfe877","2019-10-12_01h01m16_Mamasita.m4a","\\SyNAS\Records\Audio\Time_Sort\2019","1492515","1.42 MB","2019-10-12T01:01:00+00:00","2019-10-11T23:01:16+00:00"
"rec_1ab9dbefc77fa3f172a3359d90634df5346e2979","2021_01_24_10_09_34 alois rap.mp3","\\SyNAS\Records\Audio\Time_Sort\2021","34461151","32.86 MB","2021-01-24T10:09:34+00:00","2021-01-24T09:45:28+00:00"
"rec_a4ffb3679bc9b8aa228ae6306b6568a03c41e102","2021_01_07_13_08_01.mp3","\\SyNAS\Records\Audio\Time_Sort\2021","38412119","36.63 MB","2021-01-07T13:08:01+00:00","2021-01-07T12:48:02+00:00"
"rec_c5fe2ed71fe9043927c2b9ebf93339cdb1ef2192","2021_01_25_21_55_06 fin de soiree.mp3","\\SyNAS\Records\Audio\Time_Sort\2021","177337171","169.12 MB","2021-01-25T21:55:06+00:00","2021-01-25T23:59:50+00:00"
"rec_e68165334eaafab32ebd949cadda051e2036fddf","2021_04_02_14_40_57 lunch easter.mp3","\\SyNAS\Records\2021","28947016","27.61 MB","2021-04-02T14:40:57+00:00","2021-04-02T13:11:07+00:00"
"rec_b41af8b177f44681ff4207fbfd0b534d35c750ad","2022-07-25_03h00m43_Voix 049.m4a","\\SyNAS\Records\2022-July-Dec","431546552","411.55 MB","2022-07-25T03:00:00+00:00","2022-07-25T01:00:43+00:00"
"rec_21d9876d1ede90b523e5cee67089a2b881a1e24d","2022_05_25_21_13_16.mp3","\\SyNAS\Records\2022-Jan-July","6614621","6.31 MB","2022-05-25T21:13:16+00:00","2022-05-25T19:20:10+00:00"
"rec_015a4e0420216a5a4ee2af26feaa8ca0de45807f","2023-07-03_22h45m00_Voix 001.m4a","\\SyNAS\Records\2023","161935854","154.43 MB","2023-07-03T22:45:00+00:00","2023-07-03T20:45:00+00:00"
"rec_e297c2dbb6f7c5d7a052cba8358941a82d0de651","2021_04_01_12_34_30.mp3","\\SyNAS\Records\2021","51815234","49.41 MB","2021-04-01T12:34:30+00:00","2021-04-01T11:28:29+00:00"
"rec_8eb8587b98b420baaa2788493da9cc7073f859c3","2021_06_28_12_47_59.mp3","\\SyNAS\Records\2021","13612093","12.98 MB","2021-06-28T12:47:59+00:00","2021-06-28T11:02:10+00:00"
"rec_faf42cf076d76e37123eb837381d52ccf2f279e2","2020_12_30_20_41_23.mp3","\\SyNAS\Records\2020","22018506","21.00 MB","2020-12-30T20:41:23+00:00","2020-12-30T20:04:20+00:00"
"rec_d01ccafc0ba9e3196e34c78837dc119bcbb87a6e","2020_12_28_14_50_04 midi humiliation permanente.mp3","\\SyNAS\Records\2020","28287476","26.98 MB","2020-12-28T14:50:04+00:00","2020-12-28T14:19:32+00:00"
"rec_38e52434aff38230df537a2d6dcc8e78a620add8","2021_04_15_21_01_02.mp3","\\SyNAS\Records\Audio\Time_Sort\2021","4680375","4.46 MB","2021-04-15T21:01:02+00:00","2021-04-15T19:05:55+00:00"
"rec_b45195cd7f957c40e8b1855895751250c421233f","Audio recording 2020-10-19 13-20-08.aac","\\SyNAS\Records\2020","116277072","110.89 MB","2020-10-19T00:00:00+00:00","2020-10-19T12:20:08+00:00"
"rec_0b8d5c9212038f86ba4d8477bdde810495cd6ed1","2022-08-23_21h15m46_Voix 064 dodo Aloïs.m4a","\\SyNAS\Records\2022-July-Dec","12027018","11.47 MB","2022-08-23T21:15:00+00:00","2022-08-23T19:15:46+00:00"
"rec_2b3248df3adad8032b285c1fc954835ea69d5870","2021_05_03_12_08_51 mittag pause.mp3","\\SyNAS\Records\2021","43850604","41.82 MB","2021-05-03T12:08:51+00:00","2021-05-03T10:54:32+00:00"
"rec_9c5a3626d971c433e809d67b36c2fda244d9a019","2021_02_12_22_10_55 TA histoire debriefing.mp3","\\SyNAS\Records\Audio\Time_Sort\2021","15026885","14.33 MB","2021-02-12T22:10:55+00:00","2021-02-12T21:26:34+00:00"
"rec_d9441ec3127016432d611e796946bbe13410b22b","2021_04_14_19_50_29.mp3","\\SyNAS\Records\2021","66362304","63.29 MB","2021-04-14T19:50:29+00:00","2021-04-14T18:59:37+00:00"
"rec_014388fd22422dfdcd8a5333460ea02b43622bc6","2021_01_22_12_08_06.mp3","\\SyNAS\Records\2021","26680005","25.44 MB","2021-01-22T12:08:06+00:00","2021-01-22T11:35:53+00:00"
"rec_107154aa16f309d32fff67afaf024d3a125c83b0","2020-04-04_16h22m24_Recording (24)_Dinda.m4a","\\SyNAS\Records\WebStorage\DD","74550684","71.10 MB","2020-04-04T16:22:00+00:00","2020-04-05T23:41:27+00:00"
"rec_9b993638309cd19b75cb3eee74c200ffbca6ca41","Audio recording 2020-07-02 20-45-20.aac","\\SyNAS\Records\2020","619655","605.13 KB","2020-07-02T00:00:00+00:00","2020-07-02T18:45:40+00:00"
"rec_4012740cacf845fb12fad621ebe4aeaaa8698cb4","2020-05-11_13h14m10_Voix 025_sd.m4a","\\SyNAS\Records\Audio\Time_Sort\2020","22104998","21.08 MB","2020-05-11T13:14:00+00:00","2020-05-11T11:14:10+00:00"
"rec_c97b024205d4d40262ebda2d8c192817e6bb9b35","2021_02_11_13_48_52.mp3","\\SyNAS\Records\Audio\Time_Sort\2021","160457037","153.02 MB","2021-02-11T13:48:52+00:00","2021-02-11T15:36:05+00:00"
"rec_2fc192ebe6c6f904ffe262a11982c1ec519abd48","Audio recording 2020-06-24 18-22-48.aac","\\SyNAS\Records\2020","21424913","20.43 MB","2020-06-24T00:00:00+00:00","2020-06-24T16:33:52+00:00"
"rec_a6fac84b9b78ec42cb63d57c93800d73ae7e82b2","2020-05-08_20h05m06_Voix 008_sd authorité.m4a","\\SyNAS\Records\Audio\Time_Sort\2020","16214021","15.46 MB","2020-05-08T20:05:00+00:00","2020-05-08T18:05:06+00:00"
"rec_3a3d535aecdb65a155b69c4cbec14581a9e675a0","Audio recording 2020-08-29 09-14-07.wav","\\SyNAS\Records\2020","128260484","122.32 MB","2020-08-29T00:00:00+00:00","2020-08-29T07:36:08+00:00"
"rec_1b1544e0ad7c851f28afd2a97f538ab4c68e397f","2023-07-05_15h31m23_Voix 002 dentiste.m4a","\\SyNAS\Records\2023","25737026","24.54 MB","2023-07-05T15:31:00+00:00","2023-07-05T13:31:23+00:00"
"rec_78be3ce57379bc701fc80d0d7285520d6b59262c","2021_01_30_18_48_47.mp3","\\SyNAS\Records\2021","3150993","3.01 MB","2021-01-30T18:48:47+00:00","2021-01-30T17:52:04+00:00"
"rec_bba3ada22a5446814cc0e4ebb4cf31e644fdba04","2021_04_13_14_08_06 dinda reads.mp3","\\SyNAS\Records\Audio\Time_Sort\2021","106329651","101.40 MB","2021-04-13T14:08:06+00:00","2021-04-13T13:58:55+00:00"
"rec_2e84e4f36586553b5f580d91898bb135957a109b","2022-09-17_21h09m12_Voix 077 démarrage film.m4a","\\SyNAS\Records\2022-July-Dec","34683615","33.08 MB","2022-09-17T21:09:00+00:00","2022-09-17T19:09:12+00:00"
"rec_c1f460c665bff88e83274e858afd3d0f8e2371c5","2024-07-18_21h09m06_Voix 013 dd.m4a","\\SyNAS\Records\2024_DD_theater","12711992","12.12 MB","2024-07-18T21:09:00+00:00","2024-07-18T19:09:06+00:00"
"rec_30391b64bffffe82a3e17afc534d9c280021f56a","2020-03-18_17h39m51_Recording (9) Dinda conversation.m4a","\\SyNAS\Records\Rec\DD","16690196","15.92 MB","2020-03-18T17:39:00+00:00","2020-04-05T23:24:00+00:00"
"rec_6fe3f924f9346cfcf161daad336a3dc980f658ef","2020_10_08_15_26_01.mp3","\\SyNAS\Records\Audio\2020-Unsorted","64154226","61.18 MB","2020-10-08T15:26:01+00:00","2020-10-08T14:32:51+00:00"
"rec_a3ef2724410c6f9e397574ff7d7ff7d2695b215d","2023-01-03_20h35m59_Voix 122 Tw stienshausen.m4a","\\SyNAS\Records\2023","73261543","69.87 MB","2023-01-03T20:35:00+00:00","2023-01-03T19:35:59+00:00"
"rec_39e5212d471e0818fd3ac5d4dadcee3094b605eb","2021_01_09_14_45_31_piqueMonJackDaniel.mp3","\\SyNAS\Records\2021","557974","544.90 KB","2021-01-09T14:45:31+00:00","2021-01-09T13:46:06+00:00"
"rec_a7d31b3a85f9ce36fd685ff6bc94511996f9b49f","2020-05-11_08h01m36_Voix 023_sd matin mobing.m4a","\\SyNAS\Records\Audio\Time_Sort\2020","5862396","5.59 MB","2020-05-11T08:01:00+00:00","2020-05-11T06:01:36+00:00"
"rec_734b4e0b195bbf130b536db98f34078576a430e4","2021_01_10_18_59_47 but juridique.mp3","\\SyNAS\Records\2021","17334856","16.53 MB","2021-01-10T18:59:47+00:00","2021-01-10T18:17:51+00:00"
"rec_ce63d0b8d40e75b657da08190076debd5b912325","Audio recording 2020-09-10 21-55-22 (1).aac","\\SyNAS\Records\2020","48808326","46.55 MB","2020-09-10T00:00:00+00:00","2020-09-10T21:22:12+00:00"
"rec_a37d311a96c5b4ff13587c1c229c9fb46c04a129","2023-07-25_14h39m01_Voix 006 ta stop the stress.m4a","\\SyNAS\Records\2023","31031475","29.59 MB","2023-07-25T14:39:00+00:00","2023-07-25T12:39:01+00:00"
"rec_89d18ad1da099aca77c325f1d9358f2b1e0f8601","2023-01-05_21h01m14_Voix 122 vingt dernière minute's.m4a","\\SyNAS\Records\2023","21146652","20.17 MB","2023-01-05T21:01:00+00:00","2023-01-05T20:01:14+00:00"
"rec_5f1ef091c79f413224ffb433cdfddf3447871887","2021_05_01_13_41_10.mp3","\\SyNAS\Records\Audio\Time_Sort\2021","3842297","3.66 MB","2021-05-01T13:41:10+00:00","2021-05-01T11:45:10+00:00"
"rec_bff7bbbce89add53c331b3562b354ad7b1404afc","2021_01_26_07_21_29.mp3","\\SyNAS\Records\2021","20761285","19.80 MB","2021-01-26T07:21:29+00:00","2021-01-26T06:43:07+00:00"
"rec_cd59ddc4d2847824d3bff8621d93f0469120f2cd","Audio recording 2020-09-01 13-50-08 tentative extorsion.wav","\\SyNAS\Records\2020","81920204","78.13 MB","2020-09-01T00:00:00+00:00","2020-09-01T11:57:54+00:00"
"rec_73f3a421ba75bfbc9126455d635570e4d34b4143","2021_02_05_19_20_09.mp3","\\SyNAS\Records\Audio\Time_Sort\2021","12226141","11.66 MB","2021-02-05T19:20:09+00:00","2021-02-05T18:32:54+00:00"
"rec_99ac966677d57cd4bf0a898d454dbbc707f3bd21","2021_02_09_13_48_26.mp3","\\SyNAS\Records\2021","5368266","5.12 MB","2021-02-09T13:48:26+00:00","2021-02-09T12:54:02+00:00"
"rec_93eb5e0ca5e72722fca19f4dd436249d402d28e8","2021_05_15_21_08_06 interlude culture.mp3","\\SyNAS\Records\2021","13304057","12.69 MB","2021-05-15T21:08:06+00:00","2021-05-15T19:21:58+00:00"
"rec_52f2854262d5c95670040f04a38952848113e3bb","2021_02_01_17_56_45 courgette.mp3","\\SyNAS\Records\2021","4180426","3.99 MB","2021-02-01T17:56:45+00:00","2021-02-01T17:01:07+00:00"
"rec_86148e9d5cd8a2e6fb7cb80d5ef41b55af494222","2020_12_19_22_54_58.mp3","\\SyNAS\Records\2020","75770565","72.26 MB","2020-12-19T22:54:58+00:00","2020-12-19T23:13:54+00:00"
"rec_54411e6c0846c87cd955637ee9bc464863da14ea","2021_03_11_12_00_39.mp3","\\SyNAS\Records\2021","120007291","114.45 MB","2021-03-11T12:00:39+00:00","2021-03-11T13:05:41+00:00"
"rec_43bd62f1163382a6476421b268ddbca699deab81","2021_02_16_14_21_19.mp3","\\SyNAS\Records\2021","36905794","35.20 MB","2021-02-16T14:21:19+00:00","2021-02-16T13:59:47+00:00"
"rec_67b83d0cbb7cbf8d3edae0dc3030b78603ad4b7b","Audio recording 2020-08-16 20-56-53.wav","\\SyNAS\Records\Audio\Time_Sort\2020","375478028","358.08 MB","2020-08-16T00:00:00+00:00","2020-08-16T19:32:23+00:00"
"rec_1f78af6b8232d7a7dbeb5e29731edd19d186df40","2022-11-04_19h16m11_Voix 093 Aloïs dit quitte Dinda.m4a","\\SyNAS\Records\2022-July-Dec","7389551","7.05 MB","2022-11-04T19:16:00+00:00","2022-11-04T18:16:11+00:00"
"rec_4147da740ec7f7e798848d0a7dbac24be731ad83","Audio recording 2020-12-01 19-15-17 second achat de chaussures.aac","\\SyNAS\Records\Audio\Time_Sort\2020","9098062","8.68 MB","2020-12-01T00:00:00+00:00","2020-12-01T18:19:58+00:00"
"rec_2a723b035ae8414cee4ed489aafd31d79b014626","Audio recording 2020-11-17 19-30-46.aac","\\SyNAS\Records\2020","81251676","77.49 MB","2020-11-17T00:00:00+00:00","2020-11-17T19:12:42+00:00"
"rec_ce203c01ecc2b11823844a57875b2f6eba885954","2021_04_06_18_58_19.mp3","\\SyNAS\Records\Audio\Time_Sort\2021","138567679","132.15 MB","2021-04-06T18:58:19+00:00","2021-04-06T19:22:47+00:00"
"rec_12f139534262f15f2477b41d6610784e8e3ae873","Audio recording 2020-10-11 17-55-36.aac","\\SyNAS\Records\2020","4858902","4.63 MB","2020-10-11T00:00:00+00:00","2020-10-11T15:58:07+00:00"
"rec_37ea317b5121898cab95aef738ace73ebbd4513a","2022-10-30_14h55m07_Voix 092.m4a","\\SyNAS\Records\2022-July-Dec","2443756","2.33 MB","2022-10-30T14:55:00+00:00","2022-10-30T13:55:07+00:00"
"rec_b24db57fcdcd25fea6d80216dba348e9679905df","2020_12_26_22_47_34 machine a 23h.mp3","\\SyNAS\Records\2020","2595107","2.47 MB","2020-12-26T22:47:34+00:00","2020-12-26T21:50:16+00:00"
"rec_2845ffbffdc54b06fd063c1cf38411c6182c251f","Audio recording 2020-11-25 12-35-05.aac","\\SyNAS\Records\2020","8032282","7.66 MB","2020-11-25T00:00:00+00:00","2020-11-25T13:58:10+00:00"
"rec_d41b32cd7a7640aaa2a29cfa06e854fdb11b2891","2021_05_26_22_31_21.mp3","\\SyNAS\Records\2021","3466552","3.31 MB","2021-05-26T22:31:21+00:00","2021-05-26T20:34:58+00:00"
"rec_5a52e8e526a47da89a106056d4c59fe84bf58e6b","2022_05_23_20_05_22.mp3","\\SyNAS\Records\2022-Jan-July","25589550","24.40 MB","2022-05-23T20:05:22+00:00","2022-05-23T18:32:02+00:00"
"rec_5463d8475c71885a1605ced25bfb05185275989f","2021_04_24_07_51_54.mp3","\\SyNAS\Records\2021","1610813","1.54 MB","2021-04-24T07:51:54+00:00","2021-04-24T05:53:35+00:00"
"rec_50b7e3dc5d5e56466819c90721f016e09e5e2101","2023-08-14_15h10m39_Voix 010 dd are we proceeding or not.m4a","\\SyNAS\Records\2023","63212204","60.28 MB","2023-08-14T15:10:00+00:00","2023-08-14T13:10:39+00:00"
"rec_e881ce32dd3be7e69f09166cb9d5c72c12d43000","2021_01_19_12_39_01.mp3","\\SyNAS\Records\2021","240866532","229.71 MB","2021-01-19T12:39:01+00:00","2021-01-19T15:49:57+00:00"
"rec_42839dbb22199044d60389d0c510254af845c7ec","2022-09-24_18h00m50_Voix 080 violoncelle.m4a","\\SyNAS\Records\2022-July-Dec","46634645","44.47 MB","2022-09-24T18:00:00+00:00","2022-09-24T16:00:50+00:00"
"rec_7e68c198371789b06b71e9798860880fceaa35b6","2020-05-22_13h23m44_Voix 044_sd supplice.m4a","\\SyNAS\Records\Audio\Time_Sort\2020","12541003","11.96 MB","2020-05-22T13:23:00+00:00","2020-05-22T11:23:44+00:00"
"rec_6eb50ddb0afeb1b26cd2b665c338f43866ca5712","Audio recording 2020-10-26 21-11-15.aac","\\SyNAS\Records\2020","476314327","454.25 MB","2020-10-26T00:00:00+00:00","2020-10-27T00:17:00+00:00"
"rec_95bb4371be3236c63952c0bd8255abf568d9c615","2021_02_02_21_01_30.mp3","\\SyNAS\Records\Audio\Time_Sort\2021","6686","6.53 KB","2021-02-02T21:01:30+00:00","2021-02-02T20:01:31+00:00"
"rec_3631dc158aeff18ff6c9778cd72e128dec0bc7d1","2021_01_15_14_34_14 DD double tune.mp3","\\SyNAS\Records\2021","12978885","12.38 MB","2021-01-15T14:34:14+00:00","2021-01-15T13:47:45+00:00"
"rec_bed88c019a3e53e0c07a01e3f0862704a47a6c0c","Audio recording 2020-08-19 20-50-37.wav","\\SyNAS\Records\2020","220193108","209.99 MB","2020-08-19T00:00:00+00:00","2020-08-19T19:11:26+00:00"
"rec_4003a32a0260f8d5a23d706a1808f6dd94d6d06e","2023-01-01_22h03m26_Voix 122 dd narcissique opposition.m4a","\\SyNAS\Records\2023","12951074","12.35 MB","2023-01-01T22:03:00+00:00","2023-01-01T21:03:26+00:00"
"rec_cc871851ef5fcf40845f08735d434874d39bf001","Audio recording 2020-12-06 21-24-32.aac","\\SyNAS\Records\Audio\Time_Sort\2020","24527925","23.39 MB","2020-12-06T00:00:00+00:00","2020-12-06T20:37:12+00:00"
"rec_69cbece3812885b2dd8511b660d85e6a25a95d92","2021_04_01_21_26_00.mp3","\\SyNAS\Records\Audio\Time_Sort\2021","7096528","6.77 MB","2021-04-01T21:26:00+00:00","2021-04-01T19:33:25+00:00"
"rec_8be317b6d5678f560001d5669d781183bdce3ffa","2021_03_25_19_27_31.mp3","\\SyNAS\Records\2021","47552469","45.35 MB","2021-03-25T19:27:31+00:00","2021-03-25T19:17:03+00:00"
"rec_b82bd9f9732cdadd61fedf4cd2083780f967d47f","2021_03_28_13_05_49.mp3","\\SyNAS\Records\Audio\Time_Sort\2021","3469896","3.31 MB","2021-03-28T13:05:49+00:00","2021-03-28T11:09:26+00:00"
"rec_c25be95e0de5a3c9c76af871872d588640b6f377","Audio recording 2020-09-24 18-10-04.aac","\\SyNAS\Records\2020","5648653","5.39 MB","2020-09-24T00:00:00+00:00","2020-09-24T16:13:00+00:00"
"rec_7becdb99454be36032c653971923a05cb52f69ca","2021_04_26_20_01_24_harcelemznt2.mp3","\\SyNAS\Records\Audio\Time_Sort\2021","100535901","95.88 MB","2021-04-26T20:01:24+00:00","2021-04-26T19:46:07+00:00"
"rec_95b07e5f3b1d060f3475016dad275cce1f12d8a0","2021_03_13_12_34_41.mp3","\\SyNAS\Records\2021","178885","174.69 KB","2021-03-13T12:34:41+00:00","2021-03-13T11:34:53+00:00"
"rec_26c4c0fbdb5e10b827dc548a651ef19cd0b0f1f3","2020_08_02_22_25_21.mp3","\\SyNAS\Records\Audio\Time_Sort\2020","7812741","7.45 MB","2020-08-02T22:25:21+00:00","2020-08-02T20:33:30+00:00"
"rec_63841f2f50967832d0b9ccef4553410ebc6778b2","2020_08_24_11_30_39 midi.mp3","\\SyNAS\Records\Audio\Time_Sort\2020","66957478","63.86 MB","2020-08-24T11:30:39+00:00","2020-08-24T10:40:24+00:00"
"rec_e9413eb5be42951a132a1036d8915a059c8b4d83","2021_02_18_21_43_53.mp3","\\SyNAS\Records\Audio\Time_Sort\2021","258079698","246.12 MB","2021-02-18T21:43:53+00:00","2021-02-19T01:12:43+00:00"
"rec_fa0eac7488fd1be07bec441a94f8d2ed8bc25e22","2022-11-21_21h15m29_Voix 100 soirée.m4a","\\SyNAS\Records\2022-July-Dec","76813199","73.25 MB","2022-11-21T21:15:00+00:00","2022-11-21T20:15:29+00:00"
"rec_9446c39d0c6e3efdbeb7d76d3e64577d1d68af2b","2023-12-06_10h38m00_Voix 016 dd breakfast.m4a","\\SyNAS\Records\2023","118221148","112.74 MB","2023-12-06T10:38:00+00:00","2023-12-06T09:38:00+00:00"
"rec_ddc1c5616f7fa931a43c7bb140a0d14fce4adfb3","2021_02_20_14_01_42.mp3","\\SyNAS\Records\Audio\Time_Sort\2021","15824351","15.09 MB","2021-02-20T14:01:42+00:00","2021-02-20T13:18:11+00:00"
"rec_929e7210a9cc57c33ee116f40f99c7257c799b73","2024-07-18_21h09m06_Voix 013 dd.m4a","\\SyNAS\Records\2024-notag","12711992","12.12 MB","2024-07-18T21:09:00+00:00","2024-07-18T19:09:06+00:00"
"rec_7f09735c6559c7ea00882d8eca03db6f7ac1a057","2021_05_19_12_56_44.mp3","\\SyNAS\Records\2021","232757704","221.98 MB","2021-05-19T12:56:44+00:00","2021-05-19T14:59:10+00:00"
"rec_a3ca5088ee0f4e858aa5830155dc179f9390c719","2020_08_15_16_49_25 retour vacances.mp3","\\SyNAS\Records\Audio\Time_Sort\2020","64551287","61.56 MB","2020-08-15T16:49:25+00:00","2020-08-15T15:56:40+00:00"
"rec_37d111f2fb299280f51289cd67431500b43eb54a","2021_04_24_09_49_24.mp3","\\SyNAS\Records\2021","20294007","19.35 MB","2021-04-24T09:49:24+00:00","2021-04-24T08:10:33+00:00"
"rec_a1398c78a415cd1f8f2c594ceb3651d3b2d00bd2","Audio recording 2020-08-29 06-49-17.wav","\\SyNAS\Records\Audio\Time_Sort\2020","228988412","218.38 MB","2020-08-29T00:00:00+00:00","2020-08-29T05:10:56+00:00"
"rec_53d4833258208abe863a3264c5552267ae4bac9b","2024-07-10_12h15m46_Voix 012 dd before departure.m4a","\\SyNAS\Records\2024_DD_theater","18809145","17.94 MB","2024-07-10T12:15:00+00:00","2024-07-10T10:15:46+00:00"
"rec_7f1dedf699e1906600505c6e1c4aafdfd0e62360","Audio recording 2020-09-26 12-09-20.aac","\\SyNAS\Records\2020","12196450","11.63 MB","2020-09-26T00:00:00+00:00","2020-09-26T10:15:39+00:00"
"rec_c7de480cbf0eaec6385f0631fd10b382e98eeb35","Audio recording 2020-08-03 22-43-02.wav","\\SyNAS\Records\Audio\Time_Sort\2020","99644876","95.03 MB","2020-08-03T00:00:00+00:00","2020-08-03T20:52:28+00:00"
"rec_425d152dc3bfb1af1dafe56d96ac7c17364911dd","2021_01_26_21_26_12 aide reparation pc.mp3","\\SyNAS\Records\2021","70228426","66.98 MB","2021-01-26T21:26:12+00:00","2021-01-26T21:39:21+00:00"
"rec_f33d129e2feacb0e9f8251d6d572ba01aac58970","2020_12_27_19_04_13.mp3","\\SyNAS\Records\2020","21947871","20.93 MB","2020-12-27T19:04:13+00:00","2020-12-27T18:27:05+00:00"
"rec_5ee0f027a56a6e31815108087fdc180f5514a3c2","Audio recording 2020-11-08 02-16-41 la faire interner.aac","\\SyNAS\Records\Audio\Time_Sort\2020","11735153","11.19 MB","2020-11-08T00:00:00+00:00","2020-11-08T01:22:44+00:00"
"rec_a7ea4bbc4d5777568e0cf3e081d15fd139f09b36","2021_03_14_21_04_22 histoire.mp3","\\SyNAS\Records\2021","53209964","50.74 MB","2021-03-14T21:04:22+00:00","2021-03-14T20:59:48+00:00"
"rec_a4019b7054c9de788a09e6e5b5fbad968acc4208","2021_03_04_20_26_22.mp3","\\SyNAS\Records\2021","45451806","43.35 MB","2021-03-04T20:26:22+00:00","2021-03-04T20:13:43+00:00"
"rec_cabf24e144365cb2c9f6c3d6c6e7a36b2b863b23","2021_01_17_21_42_28.mp3","\\SyNAS\Records\2021","580962","567.35 KB","2021-01-17T21:42:28+00:00","2021-01-17T20:43:04+00:00"
"rec_407a388cb1d19513d193062a6edcb7bd475ac980","2019-10-14_04h56m22_Sa.m4a","\\SyNAS\Records\Audio\Time_Sort\2019","952121","929.81 KB","2019-10-14T04:56:00+00:00","2019-10-14T02:56:22+00:00"
"rec_8667826c06bb452b962d3ea30ae302f20ba70e10","2021_02_13_13_01_27 KT avocat trop gentille.mp3","\\SyNAS\Records\Audio\Time_Sort\2021","6833213","6.52 MB","2021-02-13T13:01:27+00:00","2021-02-13T12:08:34+00:00"
"rec_4aafb9d0d75f34570bee32f6cc05c9f6a0952c44","2021_05_09_13_31_45 repas dimanche.mp3","\\SyNAS\Records\2021","27800136","26.51 MB","2021-05-09T13:31:45+00:00","2021-05-09T12:00:42+00:00"
"rec_28bf00c6c1a018fe164382cb31b5fcbe311d13a8","2021_05_05_18_29_23.mp3","\\SyNAS\Records\2021","4152423","3.96 MB","2021-05-05T18:29:23+00:00","2021-05-05T16:33:44+00:00"
"rec_782c8dadde406781fa9488ce9d9708e5ac67612e","Audio recording 2020-10-08 13-52-21.aac","\\SyNAS\Records\2020","16204752","15.45 MB","2020-10-08T00:00:00+00:00","2020-10-08T12:00:44+00:00"
"rec_f679cb39d0b51e4eb9f8bc0d1630d98bde78d590","2021_01_04_15_12_51.mp3","\\SyNAS\Records\2021","6373040","6.08 MB","2021-01-04T15:12:51+00:00","2021-01-04T14:19:29+00:00"
"rec_1892ff59d104869514da415229e22a50cd9939b4","2021_07_10_13_26_26.mp3","\\SyNAS\Records\2021","26285870","25.07 MB","2021-07-10T13:26:26+00:00","2021-07-10T11:53:49+00:00"
"rec_b030829c5dc9c293a565b2a90150dae4ae5b88ba","2023-07-23_20h20m38_Voix 006 dd need to relax.m4a","\\SyNAS\Records\2023","139048966","132.61 MB","2023-07-23T20:20:00+00:00","2023-07-23T18:20:38+00:00"
"rec_34ddbcf396655764aa0a0a3c60ecf74e61c0109a","2021_02_10_19_51_34 je fais ce que je veux.mp3","\\SyNAS\Records\Audio\Time_Sort\2021","6429883","6.13 MB","2021-02-10T19:51:34+00:00","2021-02-10T18:58:16+00:00"
"rec_35aca9d9b5e8b2fd3700310b4d4c71b0c29a725a","Audio recording 2020-07-03 15-34-58 samsung S20.wav","\\SyNAS\Records\Audio\Time_Sort\2020","207248876","197.65 MB","2020-07-03T00:00:00+00:00","2020-07-03T13:54:32+00:00"
"rec_53f3124bb8bd32bba81e885cdcd7bdfcd067dee3","2021_01_05_21_16_47.mp3","\\SyNAS\Records\Audio\Time_Sort\2021","227414863","216.88 MB","2021-01-05T21:16:47+00:00","2021-01-06T00:13:41+00:00"
"rec_da5f1a3e76432445a4b17a9bd41bab56e70ad624","2019-10-27_14h18m30_Entretien 002.m4a","\\SyNAS\Records\2019","15363096","14.65 MB","2019-10-27T14:18:00+00:00","2019-10-27T13:18:30+00:00"
"rec_8bd542d2ba8ad87339d1081a5912baf979ea5fcd","2021_02_03_12_23_28.mp3","\\SyNAS\Records\2021","8115930","7.74 MB","2021-02-03T12:23:28+00:00","2021-02-03T11:31:55+00:00"
"rec_1c61c9f29cfd2bce3143ce97c1291cd58d14eb66","2023-07-04_06h58m28_Voix 002 night.m4a","\\SyNAS\Records\2023","482299400","459.96 MB","2023-07-04T06:58:00+00:00","2023-07-04T04:58:28+00:00"
"rec_e3342a3343300039195c945ac04f2a603c51d5a4","Audio recording 2020-07-04 22-59-09.wav","\\SyNAS\Records\Audio\Time_Sort\2020","27200924","25.94 MB","2020-07-04T00:00:00+00:00","2020-07-04T21:01:44+00:00"
"rec_dade2dcae19666c5e472a94ae15e9ff359613c1c","2021_04_25_17_17_36.mp3","\\SyNAS\Records\Audio\Time_Sort\2021","56207568","53.60 MB","2021-04-25T17:17:36+00:00","2021-04-25T16:16:07+00:00"
"rec_a55ea3defc26f0e2c700793ad0d94fd7bac456b3","2021_03_23_17_49_55.mp3","\\SyNAS\Records\Audio\Time_Sort\2021","32716590","31.20 MB","2021-03-23T17:49:55+00:00","2021-03-23T17:24:00+00:00"
"rec_e8bbf72cf332b8282106f8973566293fb3600ae5","2021_02_12_20_28_47.mp3","\\SyNAS\Records\2021","98004322","93.46 MB","2021-02-12T20:28:47+00:00","2021-02-12T21:10:52+00:00"
"rec_fbada0ab5044b63442132a7832ec1aabb5ff7208","2020_12_29_11_30_58.mp3","\\SyNAS\Records\Audio\Time_Sort\2020","12195212","11.63 MB","2020-12-29T11:30:58+00:00","2020-12-29T10:43:41+00:00"
"rec_5fc76d704f4e903c23f6a40cc0fa0c11a6e09193","null_2020_05_12_20_54_48_in.mp3","\\SyNAS\Records\2020","5740992","5.48 MB","2020-05-12T20:54:48+00:00","2020-05-12T19:42:39+00:00"
"rec_9b5d00b231b05513bfae4de9d374e2d00c8351b4","2021_12_03_22_01_20.mp3","\\SyNAS\Records\2021","3114630","2.97 MB","2021-12-03T22:01:20+00:00","2021-12-03T21:04:35+00:00"
"rec_3e5039f18119fa7d887affa1d05937809e720b92","2020-05-30 17-43-30.aac","\\SyNAS\Records\2020","2450428","2.34 MB","2020-05-30T00:00:00+00:00","2020-07-06T22:08:13+00:00"
"rec_49443825aa2f074a1913bc135db5cceb7f74deff","Audio recording 2020-11-26 21-20-43.aac","\\SyNAS\Records\2020","5547394","5.29 MB","2020-11-26T00:00:00+00:00","2020-11-26T20:23:34+00:00"
"rec_adfa1259cfbb782a9ab0cea5e928daaecfb270ad","2023-01-29_17h03m02_Voix 123 catajou demande a Alois de me harceler de.m4a","\\SyNAS\Records\2023","72561395","69.20 MB","2023-01-29T17:03:00+00:00","2023-01-29T16:03:02+00:00"
"rec_e16adf6a2d5bef3239b49caa664ff8fc0f8c4b3e","2021_05_02_21_24_53 les dindes.mp3","\\SyNAS\Records\2021","6795179","6.48 MB","2021-05-02T21:24:53+00:00","2021-05-02T19:31:58+00:00"
"rec_a9bc040434b5e795f6f288adcef13c883746579f","2020_09_02_21_30_51 jean et jeanne.mp3","\\SyNAS\Records\2020","15073697","14.38 MB","2020-09-02T21:30:51+00:00","2020-09-02T19:46:33+00:00"
"rec_9f648d21030d873996a75c10f286261f2a27eb41","2021_01_08_13_05_34.mp3","\\SyNAS\Records\Audio\Time_Sort\2021","10581053","10.09 MB","2021-01-08T13:05:34+00:00","2021-01-08T12:16:36+00:00"
"rec_7549308654c6c8d90fa7041d30148f278081a604","2021_03_16_20_43_03.mp3","\\SyNAS\Records\2021","11433272","10.90 MB","2021-03-16T20:43:03+00:00","2021-03-16T19:54:58+00:00"
"rec_bec3859c280d43fac96b656724ae521b9891ab9d","2021_01_12_13_13_32 KTA frappe Alois - Panthalon correct.mp3","\\SyNAS\Records\Audio\Time_Sort\2021","2496887","2.38 MB","2021-01-12T13:13:32+00:00","2021-01-12T12:16:09+00:00"
"rec_f20b8828f456f7eaa7d527bbb74f8935fd6a65ea","Audio recording 2020-11-28 21-34-08.aac","\\SyNAS\Records\2020","17091224","16.30 MB","2020-11-28T00:00:00+00:00","2020-11-28T20:42:58+00:00"
"rec_d4bb7ab0df9e269619e3489f8f95ffbcccd49202","2021_07_04_14_40_32 il pince.mp3","\\SyNAS\Records\2021","3520887","3.36 MB","2021-07-04T14:40:32+00:00","2021-07-04T12:44:12+00:00"
"rec_7271cd4983797c3643ff8ca397fde11d270c35ae","rec_20190818-2131.wav","\\SyNAS\Records\Audio\Time_Sort\2019","6449228","6.15 MB","","2019-08-18T20:31:22+00:00"
"rec_96c6324ce8bd22b4e2b3133ae0b5bb77a5a7ec02","Audio recording 2020-08-27 07-14-39.wav","\\SyNAS\Records\Audio\Time_Sort\2020","162242180","154.73 MB","2020-08-27T00:00:00+00:00","2020-08-27T05:30:05+00:00"
"rec_30ae112be4d1a78d04a17e51cec8234894cf3e59","rec_20190816-2021.wav","\\SyNAS\Records\2019","145191356","138.47 MB","","2019-08-16T19:21:22+00:00"
"rec_df137dbc2823ca47a757383cc68c8c6ca90debda","2021_01_28_12_51_40 plus racisme.mp3","\\SyNAS\Records\2021","3455685","3.30 MB","2021-01-28T12:51:40+00:00","2021-01-28T11:55:17+00:00"
"rec_fff53ae7e55e09fb69c01f6ff4c0fba2458d9259","2023-03-08_20h13m39_Voix 142.m4a","\\SyNAS\Records\2023","48887646","46.62 MB","2023-03-08T20:13:00+00:00","2023-03-08T19:13:39+00:00"
"rec_1e58b0759eb870fd117376daf40f267ce449b313","Audio recording 2020-12-13 21-20-59.aac","\\SyNAS\Records\Audio\Time_Sort\2020","1149060","1.10 MB","2020-12-13T00:00:00+00:00","2020-12-13T20:21:35+00:00"
"rec_7f5ed7793bf340a21b3adc0d7976ae423b355d8b","2020_08_06_12_12_59 lunch.mp3","\\SyNAS\Records\2020","113492635","108.24 MB","2020-08-06T12:12:59+00:00","2020-08-06T12:11:13+00:00"
"rec_4a57f523aba021c973c8ba7ffeeb8b8116b973ac","2021_12_22_06_47_06.mp3","\\SyNAS\Records\2021","325817154","310.72 MB","2021-12-22T06:47:06+00:00","2021-12-22T11:26:30+00:00"
"rec_9e88efd10c729cef466c412ce1de77e3db1a93c5","Audio recording 2020-11-21 22-23-38.aac","\\SyNAS\Records\2020","401402","391.99 KB","2020-11-21T00:00:00+00:00","2020-11-21T21:23:50+00:00"
"rec_2a0a1bff823d9074c6e7793346e2ad8f5dcf6544","2020_09_12_13_54_06_KTA_ImpossibilitéActivitéAvecMonFils.mp3","\\SyNAS\Records\Audio\2020-Unsorted","3650872","3.48 MB","2020-09-12T13:54:06+00:00","2021-01-15T02:59:53+00:00"
"rec_29dd313a81358f884eaeea6af8bc910f71f38fd4","2022-10-27_05h28m27_Voix 091 humiliation.m4a","\\SyNAS\Records\2022-July-Dec","2203887","2.10 MB","2022-10-27T05:28:00+00:00","2022-10-27T03:28:27+00:00"
"rec_e606f95a7ccf58b4078f172e953386b314f830ac","2020-05-08_14h30m12_Voix 007_sd freiday.m4a","\\SyNAS\Records\Audio\Time_Sort\2020","82458914","78.64 MB","2020-05-08T14:30:00+00:00","2020-05-08T12:30:12+00:00"
"rec_b17a28afd575f3d968d91d8d21259fd1d3ceb962","Audio recording 2020-08-19 19-27-25.wav","\\SyNAS\Records\2020","61605980","58.75 MB","2020-08-19T00:00:00+00:00","2020-08-19T18:49:04+00:00"
"rec_878896207d5a5f2509d676d70c4f04fe7ba85fb0","20220603_063440.m4a","\\SyNAS\Records\2022-Jan-July","33000854","31.47 MB","","2022-06-03T05:04:03+00:00"
"rec_fd142d52453a7a618d5b47b71655e85e012c702f","2020_10_15_17_40_49.mp3","\\SyNAS\Records\Audio\2020-Unsorted","3675114","3.50 MB","2020-10-15T17:40:49+00:00","2020-10-15T15:44:38+00:00"
"rec_26a00acb0c6bd5bc7050e9fcac91b19bc0505022","2022-09-17_19h28m55_Voix 076 Influence nefaste de sa mere.m4a","\\SyNAS\Records\2022-July-Dec","33625447","32.07 MB","2022-09-17T19:28:00+00:00","2022-09-17T17:28:55+00:00"
"rec_7ead583b1ad78413e756c9bf85e3d1a4c0bf35e3","Audio recording 2020-11-28 15-10-06.aac","\\SyNAS\Records\2020","97142078","92.64 MB","2020-11-28T00:00:00+00:00","2020-11-28T15:02:58+00:00"
"rec_eeb196f1508ee5b5d5b9013c2c33a690b3bbcdc9","Audio recording 2020-11-18 07-18-01 de bon matin.aac","\\SyNAS\Records\2020","12857303","12.26 MB","2020-11-18T00:00:00+00:00","2020-11-18T06:24:40+00:00"
"rec_abdb9666d7505af366b28e75e8d872fe7ba9a865","2020_10_15_15_36_43 maman tappelle.mp3","\\SyNAS\Records\Audio\2020-Unsorted","118742203","113.24 MB","2020-10-15T15:36:43+00:00","2020-10-15T15:40:27+00:00"
"rec_ff00f17fdca4367e426e82e09ad58b172d5f135d","Audio recording 2020-12-05 00-16-53 TA confessions.aac","\\SyNAS\Records\2020","310597767","296.21 MB","2020-12-05T00:00:00+00:00","2020-12-05T01:57:10+00:00"
"rec_78b2d52b4ce47978430dc6da2a8f0ee32d77f1fe","2020-03-19_17h47m16_Recording (7) Dinda Confessions.m4a","\\SyNAS\Records\Rec\DD","156704958","149.45 MB","2020-03-19T17:47:00+00:00","2020-04-05T23:24:03+00:00"
"rec_e18c34e24c75c4aca210db940e6eacb1718cf883","2021_01_30_18_59_23.mp3","\\SyNAS\Records\2021","1670","1.63 KB","2021-01-30T18:59:23+00:00","2021-01-30T17:59:23+00:00"
"rec_997b2e2bbfa851d1f1235d517efcd16391ba2645","2023-05-21_14h49m52_Voix 156 violence voisin.m4a","\\SyNAS\Records\2023","23466670","22.38 MB","2023-05-21T14:49:00+00:00","2023-05-21T12:49:52+00:00"
"rec_40aae67e9e522fe3035db41c5869aa974a89b0b3","2021_03_11_20_55_29.mp3","\\SyNAS\Records\Audio\Time_Sort\2021","88606","86.53 KB","2021-03-11T20:55:29+00:00","2021-03-11T19:55:35+00:00"
"rec_b6b43a67de43f71b7b586be24b4e07f1909efb28","Audio recording 2020-07-22 12-49-29  KTA_a la niche.wav","\\SyNAS\Records\2020","112945436","107.71 MB","2020-07-22T00:00:00+00:00","2020-07-22T11:00:10+00:00"
"rec_70ac9261782b618f1a8a20ecd729c9d87d79a47c","20220606_141406.m4a","\\SyNAS\Records\2022-Jan-July","21956391","20.94 MB","","2022-06-06T13:26:15+00:00"
"rec_c4a3885bb70c099cde44095d73b0ac28da13ab79","Audio recording 2020-11-06 15-57-57.aac","\\SyNAS\Records\Audio\Time_Sort\2020","9231601","8.80 MB","2020-11-06T00:00:00+00:00","2020-11-06T15:02:44+00:00"
"rec_fe27bc796ef110d081435bd9221e674959ba2953","2024-05-25_12h17m03_Voix 003 talk.m4a","\\SyNAS\Records\2024","29769981","28.39 MB","2024-05-25T12:17:00+00:00","2024-05-25T10:17:03+00:00"
"rec_7f040c2c758d86cc3a57fbb6baa20c8444926a92","2022-10-30_15h39m42_Voix 093 humiliations.m4a","\\SyNAS\Records\2022-July-Dec","23625032","22.53 MB","2022-10-30T15:39:00+00:00","2022-10-30T14:39:42+00:00"
"rec_a3ff81e5867d2ee6494ea52877fc3b1f3b5f13ce","2022-12-27_18h27m42_Voix 114.m4a","\\SyNAS\Records\2023","2653956","2.53 MB","2022-12-27T18:27:00+00:00","2022-12-27T17:27:42+00:00"
"rec_a0b809cfa683b4f6095ef9f85299269da283e7ff","2020_12_24_13_52_15 rien a manger.mp3","\\SyNAS\Records\Audio\Time_Sort\2020","13258082","12.64 MB","2020-12-24T13:52:15+00:00","2020-12-24T13:06:03+00:00"
"rec_43f72def01d06c6bba1a0c7bd2c6e671cff1a933","2022-09-23_19h28m56_Voix 079 Gasouillage.m4a","\\SyNAS\Records\2022-July-Dec","24570989","23.43 MB","2022-09-23T19:28:00+00:00","2022-09-23T17:28:56+00:00"
"rec_5caa2430e31785bd50e2cab79b86abf0323fb9fe","2021_05_01_14_23_12.mp3","\\SyNAS\Records\2021","20616253","19.66 MB","2021-05-01T14:23:12+00:00","2021-05-01T12:44:41+00:00"
"rec_fd098494c8c792be570b96427bec34aa31f9cbe4","2020_12_08_21_03_41.mp3","\\SyNAS\Records\2020","18578284","17.72 MB","2020-12-08T21:03:41+00:00","2020-12-08T20:23:02+00:00"
"rec_859a2600e2f3b6c14490f5ceef376f7eb9854006","2020_12_31_12_13_17.mp3","\\SyNAS\Records\2020","19702594","18.79 MB","2020-12-31T12:13:17+00:00","2020-12-31T11:33:48+00:00"
"rec_7a27d1a964b5f6e85c4ffcafbc5e375b61d7d674","2022-11-06_17h56m38_Voix 095 j'ai dit non.m4a","\\SyNAS\Records\2022-July-Dec","1742858","1.66 MB","2022-11-06T17:56:00+00:00","2022-11-06T16:56:38+00:00"
"rec_0f89c44d939807c4a8366f818d4a3f81cc952fb5","2020_12_24_18_07_34 prepa noel2.mp3","\\SyNAS\Records\2020","56811937","54.18 MB","2020-12-24T18:07:34+00:00","2020-12-24T18:06:45+00:00"
"rec_7b306e4ea3343837609b972d4ce65e2ef659b32b","2020-03-26_16h14m31_Recording (10)_Dinda.m4a","\\SyNAS\Records\WebStorage\DD","20486235","19.54 MB","2020-03-26T16:14:00+00:00","2020-04-05T23:24:03+00:00"
"rec_69fee641f577a85eabaee6b8cc725c2ccffc7187","Audio recording 2020-09-27 14-01-59 dimanche.aac","\\SyNAS\Records\2020","28467941","27.15 MB","2020-09-27T00:00:00+00:00","2020-09-27T12:17:52+00:00"
"rec_5feb5faabea53022546e0a0b3478379009934d93","2024-10-04_17h44m25_Voix 025.m4a","\\SyNAS\Records\2024-notag","2502076","2.39 MB","2024-10-04T17:44:00+00:00","2024-10-04T15:44:25+00:00"
"rec_ea6f5ac56489f99211567ea35cc3ee09d93ec1bb","2020_12_24_17_43_16 humiliation.mp3","\\SyNAS\Records\2020","22135953","21.11 MB","2020-12-24T17:43:16+00:00","2020-12-24T17:06:20+00:00"
"rec_546f40359382aaad1de45cdb2557cf80d51b827e","2022-12-27_21h00m24_Voix 118.m4a","\\SyNAS\Records\2023","13939844","13.29 MB","2022-12-27T21:00:00+00:00","2022-12-27T20:00:24+00:00"
"rec_a27c81ad02751d105836860aaffb359d79356578","2022-12-31_10h40m30_Voix 122 dd want to go home.m4a","\\SyNAS\Records\2023","13279995","12.66 MB","2022-12-31T10:40:00+00:00","2022-12-31T09:40:30+00:00"
"rec_fbf301463826a9552e84bb68e82a096984cbd1f1","Audio recording 2020-07-09 21-52-25.wav","\\SyNAS\Records\Audio\Time_Sort\2020","9310436","8.88 MB","2020-07-09T00:00:00+00:00","2020-07-09T19:53:18+00:00"
"rec_bbf3317907f445b0b4b970f821fa2d01649e420a","Audio recording 2020-07-05 01-14-52.wav","\\SyNAS\Records\Audio\Time_Sort\2020","21908924","20.89 MB","2020-07-05T00:00:00+00:00","2020-07-04T23:16:56+00:00"
"rec_601b82d033904ffcc372e722f47d6311f231c682","Audio recording 2020-10-21 15-51-22.aac","\\SyNAS\Records\2020","51971743","49.56 MB","2020-10-21T00:00:00+00:00","2020-10-21T14:29:36+00:00"
"rec_5163e8b2700906b5a97f66b8832d9c33ad492518","2021_02_18_18_12_56.mp3","\\SyNAS\Records\Audio\Time_Sort\2021","25039933","23.88 MB","2021-02-18T18:12:56+00:00","2021-02-18T17:39:01+00:00"
"rec_a312a3ec6711dbf2a00c78e0212bd4a8e9c77ea8","2020_08_24_21_46_49 petit mot avant faire dodo.mp3","\\SyNAS\Records\Audio\Time_Sort\2020","9901034","9.44 MB","2020-08-24T21:46:49+00:00","2020-08-24T19:57:09+00:00"
"rec_da1c0c3052662024b7a1b77467cd29b8b63f974a","2021_01_19_20_38_19.mp3","\\SyNAS\Records\2021","1244681","1.19 MB","2021-01-19T20:38:19+00:00","2021-01-19T19:39:37+00:00"
"rec_3c85815b6555e261daa1f51d957e580f075e6567","2020-03-19_03h24m46_Recording (7) Dinda working.m4a","\\SyNAS\Records\WebStorage\DD","76527826","72.98 MB","2020-03-19T03:24:00+00:00","2020-04-05T23:24:00+00:00"
"rec_f45db19fd60851d0d15e93eead20261a48c7ff99","2020-03-18_17h40m22_Recording (8) Dinda Conversation.m4a","\\SyNAS\Records\WebStorage\DD","9345284","8.91 MB","2020-03-18T17:40:00+00:00","2020-04-05T23:24:00+00:00"
"rec_bea55e6f4047200993549c0d174ca2cfe63f451a","2024-10-04_21h37m02_Voix 026 journal avec Aloïs.m4a","\\SyNAS\Records\2024-notag","59226366","56.48 MB","2024-10-04T21:37:00+00:00","2024-10-04T19:37:02+00:00"
"rec_f3881e3d05f659014eed2a53da1f7f546f9f8eca","20220605_114833.m4a","\\SyNAS\Records\2022-Jan-July","8290210","7.91 MB","","2022-06-05T09:55:56+00:00"
"rec_50e1a8b1c3d734e04926effe05e43a13d7e1d4d1","2020_09_01_16_14_31 maths.mp3","\\SyNAS\Records\Audio\Time_Sort\2020","153796857","146.67 MB","2020-09-01T16:14:31+00:00","2020-09-01T16:54:44+00:00"
"rec_3af704e104833020f1fc91e95e5b69cb90f0e558","2021_02_09_22_49_31.mp3","\\SyNAS\Records\2021","133168064","127.00 MB","2021-02-09T22:49:31+00:00","2021-02-10T00:08:15+00:00"
"rec_8fae1589b5f0cb9a950bfe26efad9ed51a9d94fc","2022_06_03_19_03_33.mp3","\\SyNAS\Records\2022-Jan-July","60455287","57.65 MB","2022-06-03T19:03:33+00:00","2022-06-03T18:06:34+00:00"
"rec_13e6fefb51cc17af9ca5587a7b464c3fdf0d0a48","2020-05-24_12h23m44_Voix 048_sd.m4a","\\SyNAS\Records\Audio\Time_Sort\2020","12638255","12.05 MB","2020-05-24T12:23:00+00:00","2020-05-24T10:23:44+00:00"
"rec_c488ba13623e9a86a9ade14c87eabce6f8e7fdf3","2020_12_29_20_46_39.mp3","\\SyNAS\Records\2020","7499440","7.15 MB","2020-12-29T20:46:39+00:00","2020-12-29T19:54:28+00:00"
"rec_4671dc6b958f4bc0ac2166f55a1f685aa502ccc8","Audio recording 2020-10-20 09-06-03.aac","\\SyNAS\Records\2020","103815835","99.01 MB","2020-10-20T00:00:00+00:00","2020-10-20T07:59:38+00:00"
"rec_47bac1717c444de2e4a53e678c127501dc3a87ec","2020-03-29_03h45m41_Recording (15)_Dinda.m4a","\\SyNAS\Records\Rec\DD","8798468","8.39 MB","2020-03-29T03:45:00+00:00","2020-04-05T23:24:07+00:00"
"rec_f3137b28648e59d61699d25a34dcacaa0689e7be","2021_03_22_20_42_15.mp3","\\SyNAS\Records\Audio\Time_Sort\2021","9122274","8.70 MB","2021-03-22T20:42:15+00:00","2021-03-22T19:52:29+00:00"
"rec_acd24bf2e107b425f6e16bd8379aecd1569ec697","Audio recording 2020-09-12 17-38-04.aac","\\SyNAS\Records\2020","128225197","122.29 MB","2020-09-12T00:00:00+00:00","2020-09-12T16:44:14+00:00"
"rec_075a350ec4cdc2302cd101e235615dddf071ac7e","20220716_135955.m4a","\\SyNAS\Records\2022-Jan-July","53696141","51.21 MB","","2022-07-16T12:47:47+00:00"
"rec_34010733da0ec2b3f7bab04baa5ae910e6169d29","2021_01_10_18_50_50 KTA vol de telephone et volcanique.mp3","\\SyNAS\Records\2021","8498781","8.11 MB","2021-01-10T18:50:50+00:00","2021-01-10T17:59:42+00:00"
"rec_da2b8a17237f8c9ec586d89c6e568794dc5733ca","Audio recording 2020-11-26 21-14-06.aac","\\SyNAS\Records\2020","12564716","11.98 MB","2020-11-26T00:00:00+00:00","2020-11-26T20:20:34+00:00"
"rec_45109d17badc0a05152b410bb0923a8e27fb5cde","Audio recording 2020-12-08 21-26-49.aac","\\SyNAS\Records\Audio\Time_Sort\2020","15139654","14.44 MB","2020-12-08T00:00:00+00:00","2020-12-08T20:34:38+00:00"
"rec_0cbcb3f0ed9887b5ee839737bd497c16a670a7a4","2021_02_19_12_10_58.mp3","\\SyNAS\Records\Audio\Time_Sort\2021","13401442","12.78 MB","2021-02-19T12:10:58+00:00","2021-02-19T11:24:55+00:00"
"rec_a002d876b55a8ea41a77edb7e193077a57e948ab","20220606_223511.m4a","\\SyNAS\Records\2022-Jan-July","1840177","1.75 MB","","2022-06-06T20:36:50+00:00"
"rec_369f1ac3d2ba8eb562ebb52e9187cfc3e3ad9f9b","2021_03_11_21_00_13.mp3","\\SyNAS\Records\Audio\Time_Sort\2021","3231659","3.08 MB","2021-03-11T21:00:13+00:00","2021-03-11T20:03:36+00:00"
"rec_ffc6e47a95b79bb0167020b5fd3a69a0f1cbd91a","2021_01_30_20_44_25.mp3","\\SyNAS\Records\2021","19335626","18.44 MB","2021-01-30T20:44:25+00:00","2021-01-30T20:04:34+00:00"
"rec_75bb2e41f814803f9ea29a292037f20f19e4a17d","2021_01_17_07_25_54.mp3","\\SyNAS\Records\Audio\Time_Sort\2021","141049520","134.52 MB","2021-01-17T07:25:54+00:00","2021-01-17T08:52:48+00:00"
"rec_c1b387e1698a2c25d459fe7b6b2a0065de0beb49","2019-10-15_23h48m28_Voix 005_sd.m4a","\\SyNAS\Records\Audio\Time_Sort\2019","339106","331.16 KB","2019-10-15T23:48:00+00:00","2019-10-15T21:48:28+00:00"
"rec_7d4e45eac8f108f97460d2f1f015529a11976180","2021_01_05_11_33_21.mp3","\\SyNAS\Records\Audio\Time_Sort\2021","34479959","32.88 MB","2021-01-05T11:33:21+00:00","2021-01-05T11:09:16+00:00"
"rec_9131a2a3b740decfc130a77bc2372b1c49f62b19","2021_01_27_20_14_28.mp3","\\SyNAS\Records\2021","2908994","2.77 MB","2021-01-27T20:14:28+00:00","2021-01-27T19:17:30+00:00"
"rec_bee136357b23821e13ec4cb0fa4696858612e5e2","2022-11-09_18h31m10_Voix 097 pacte d'amitié.m4a","\\SyNAS\Records\2022-July-Dec","5388487","5.14 MB","2022-11-09T18:31:00+00:00","2022-11-09T17:31:10+00:00"
"rec_bef9fbac3b582d07cf4da1c6f7054e1d79aba904","2022-11-27_16h35m38_Voix 103 vacances de noel.m4a","\\SyNAS\Records\2022-July-Dec","16804346","16.03 MB","2022-11-27T16:35:00+00:00","2022-11-27T15:35:38+00:00"
"rec_03f0f1108855587b771beb4dae5688c3014a2b27","2021_04_02_19_27_14.mp3","\\SyNAS\Records\Audio\Time_Sort\2021","11801494","11.25 MB","2021-04-02T19:27:14+00:00","2021-04-02T17:39:32+00:00"
"rec_e31568819eae3469f66bb0be8f15e8fbb64a85e1","Audio recording 2020-06-27 22-14-36.aac","\\SyNAS\Records\Audio\Time_Sort\2020","12796450","12.20 MB","2020-06-27T00:00:00+00:00","2020-06-27T20:21:12+00:00"
"rec_e6c180a6eea8c717c2a55b51ab0456643441eeab","2020_12_30_20_04_42 espece de gros porc.mp3","\\SyNAS\Records\Audio\Time_Sort\2020","32207097","30.72 MB","2020-12-30T20:04:42+00:00","2020-12-30T19:38:15+00:00"
"rec_8e325fa112c4b255f2cbbc0d1007366524917d01","Audio recording 2020-07-01 19-24-11.aac","\\SyNAS\Records\2020","28525589","27.20 MB","2020-07-01T00:00:00+00:00","2020-07-01T17:38:54+00:00"
"rec_898fcd85a3811f344b400d4eed43a227b84208eb","2020_05_16_21_26_41.mp3","\\SyNAS\Records\Audio\Time_Sort\2020","2746826","2.62 MB","2020-05-16T21:26:41+00:00","2020-05-16T19:29:32+00:00"
"rec_fdba722bd69fcf72491bbef0a1b415df3ff2a1d0","2021_03_25_12_24_54.mp3","\\SyNAS\Records\Audio\Time_Sort\2021","19911156","18.99 MB","2021-03-25T12:24:54+00:00","2021-03-25T11:45:43+00:00"
"rec_27a34c072015dc60bef8b9cc2289f9936cae5fb5","2020_11_11_21_03_14 maximus.mp3","\\SyNAS\Records\Audio\2020-Unsorted","35641468","33.99 MB","2020-11-11T21:03:14+00:00","2020-11-11T20:40:22+00:00"
"rec_314023f875fcb1f969499962d5c9b705eb06f07b","Audio recording 2020-05-28 21-17-51 chapitre 11.aac","\\SyNAS\Records\2020","45967047","43.84 MB","2020-05-28T00:00:00+00:00","2020-05-28T19:41:35+00:00"
"rec_590e757ec8160a9e3a8e7ec4d7c46d0c7fcbaba7","2020_08_20_12_26_15.mp3","\\SyNAS\Records\Audio\Time_Sort\2020","488163316","465.55 MB","2020-08-20T12:26:15+00:00","2020-08-20T18:54:47+00:00"
"rec_8a41eb6ae7da5bda74bfe46d5b217e02721d8ec3","Audio recording 2020-08-30 20-58-50.wav","\\SyNAS\Records\2020","98247788","93.70 MB","2020-08-30T00:00:00+00:00","2020-08-30T19:08:07+00:00"
"rec_cb0ca384b2fe23bfccb54bc95ccf558fc6b9f1e0","2021_04_15_07_11_20 petit dejeuner.mp3","\\SyNAS\Records\Audio\Time_Sort\2021","49827421","47.52 MB","2021-04-15T07:11:20+00:00","2021-04-15T06:03:15+00:00"
"rec_ecd7b89fc0b164d3d88ea9175181a2ee15107d08","2021_03_26_07_46_48 panne de reveil.mp3","\\SyNAS\Records\2021","19521106","18.62 MB","2021-03-26T07:46:48+00:00","2021-03-26T07:08:10+00:00"
"rec_cfe134a9086a6a34ea9f2d094e7f940df0094c9b","2021_11_25_21_43_39 telephone police.mp3","\\SyNAS\Records\2021","8989047","8.57 MB","2021-11-25T21:43:39+00:00","2021-11-25T20:53:01+00:00"
"rec_f827e804de2a2b4dec379bb2def54e9fa9167237","Audio recording 2020-09-10 10-54-10.aac","\\SyNAS\Records\2020","89914692","85.75 MB","2020-09-10T00:00:00+00:00","2020-09-10T11:26:58+00:00"
"rec_0458f6dbe310b72b4b829d3ebde8c9723369a9b8","2020_12_22_15_39_49 fin lettre du pere noel.mp3","\\SyNAS\Records\2020","36341550","34.66 MB","2020-12-22T15:39:49+00:00","2020-12-22T15:17:40+00:00"
"rec_c35af616ba765d30ef5d28bd33cc0e229743bdfa","2022-11-12_09h09m43_Voix 098 explication avec alois.m4a","\\SyNAS\Records\2022-July-Dec","15829909","15.10 MB","2022-11-12T09:09:00+00:00","2022-11-12T08:09:43+00:00"
"rec_ab7ecdf85c0ff72bbcc54f9942107342c04649c0","Audio recording 2020-06-22 12-08-03 lunch.aac","\\SyNAS\Records\2020","116782574","111.37 MB","2020-06-22T00:00:00+00:00","2020-06-22T11:08:20+00:00"
"rec_c69bd6dca260e26da0413c35a94360c406f64120","2021_05_15_09_08_15.mp3","\\SyNAS\Records\2021","17991470","17.16 MB","2021-05-15T09:08:15+00:00","2021-05-15T07:27:00+00:00"
"rec_32135015e8dbbb1546cb0017fc6eb25efccf6aa1","Audio recording 2020-12-08 20-13-25.aac","\\SyNAS\Records\Audio\Time_Sort\2020","56298724","53.69 MB","2020-12-08T00:00:00+00:00","2020-12-08T19:42:29+00:00"
"rec_744d434fa436000d102cefdaf043d70869ce94b3","Audio recording 2020-12-02 07-03-00 KTA evet matin.aac","\\SyNAS\Records\Audio\Time_Sort\2020","44877847","42.80 MB","2020-12-02T00:00:00+00:00","2020-12-02T06:26:10+00:00"
"rec_a610211a0686c5e153cd713c928c8fc8ef8457d3","20220604_070042 discussion spicy.m4a","\\SyNAS\Records\2022-Jan-July","71215246","67.92 MB","","2022-06-04T06:04:06+00:00"
"rec_2a0f95176e987d5e2bfd09055210b2e1e5afd45d","Audio recording 2020-09-16 19-54-15.aac","\\SyNAS\Records\2020","32343236","30.84 MB","2020-09-16T00:00:00+00:00","2020-09-16T18:12:29+00:00"
"rec_9db007cfa85b0219a3e7b50cb52486312cefeef5","2022-11-27_16h37m26_Voix 103 elles mettent des choses en place.m4a","\\SyNAS\Records\2022-July-Dec","1353547","1.29 MB","2022-11-27T16:37:00+00:00","2022-11-27T15:37:26+00:00"
"rec_82520fb78d336aa926f10767a19f04d8c1be1c54","2021_03_23_19_52_42.mp3","\\SyNAS\Records\Audio\Time_Sort\2021","64644492","61.65 MB","2021-03-23T19:52:42+00:00","2021-03-23T20:00:04+00:00"
"rec_74f5b1c1804f2e982699a203b011db8db712c58b","Audio recording 2020-12-14 07-45-45.aac","\\SyNAS\Records\Audio\Time_Sort\2020","27606740","26.33 MB","2020-12-14T00:00:00+00:00","2020-12-14T07:00:00+00:00"
"rec_54f242d676e6587256806ce45b58909896b4636b","2020_12_29_21_04_33.mp3","\\SyNAS\Records\2020","8138082","7.76 MB","2020-12-29T21:04:33+00:00","2020-12-29T20:13:02+00:00"
"rec_4ac573e14df8d5685f8199264673096f8d78ee1d","2021_01_31_20_59_39.mp3","\\SyNAS\Records\2021","75527","73.76 KB","2021-01-31T20:59:39+00:00","2021-01-31T19:59:45+00:00"
"rec_bb712f9b78129cd9e69390164ba59ef6dfa68965","2022_05_08_22_00_22.mp3","\\SyNAS\Records\2022-Jan-July","4731714","4.51 MB","2022-05-08T22:00:22+00:00","2022-05-08T20:05:18+00:00"
"rec_5276563dd056b87626a9b027d597e6de3888646f","2021_05_26_22_35_11.mp3","\\SyNAS\Records\2021","455574","444.90 KB","2021-05-26T22:35:11+00:00","2021-05-26T20:35:39+00:00"
"rec_7c963fdf826daae844e29efc4d6e61731a0cd139","2021_03_29_17_52_04 tenardier.mp3","\\SyNAS\Records\2021","9110673","8.69 MB","2021-03-29T17:52:04+00:00","2021-03-29T16:01:34+00:00"
"rec_33bde3ce66b3d1cd3b3c84a7b1951980902b8c68","2020_12_29_20_17_32 retour de courses.mp3","\\SyNAS\Records\2020","27548106","26.27 MB","2020-12-29T20:17:32+00:00","2020-12-29T19:46:14+00:00"
"rec_bb8b5b02ac75dd47b8e5daff52a763f9dca0ed55","2021_04_03_14_43_51.mp3","\\SyNAS\Records\Audio\Time_Sort\2021","16237295","15.49 MB","2021-04-03T14:43:51+00:00","2021-04-03T13:00:46+00:00"
"rec_593e611a5eb1673ad5cd0942848855ee6a5be5e2","2020-05-18_08h27m46_Voix 036_sd achat panthalons.m4a","\\SyNAS\Records\Audio\Time_Sort\2020","49259330","46.98 MB","2020-05-18T08:27:00+00:00","2020-05-18T06:27:46+00:00"
"rec_4fec6ef1153297fb7e5f245d035cdafaf8c534e5","Audio recording 2020-11-20 23-11-44.aac","\\SyNAS\Records\2020","24153546","23.03 MB","2020-11-20T00:00:00+00:00","2020-11-20T22:24:12+00:00"
"rec_b6281ab8928782a2d9870589bfa45919b11eea62","Audio recording 2020-07-01 15-04-09.aac","\\SyNAS\Records\Audio\Time_Sort\2020","51040941","48.68 MB","2020-07-01T00:00:00+00:00","2020-07-01T13:30:30+00:00"
"rec_44103e04a46df1d8e0d0d6c0169821337feffaa1","2021_04_07_16_01_17.mp3","\\SyNAS\Records\Audio\Time_Sort\2021","1395564","1.33 MB","2021-04-07T16:01:17+00:00","2021-04-07T14:02:44+00:00"
"rec_d0f3b1fa4e38767875dac5637ab0f96f95b26a33","2021_04_13_21_13_56.mp3","\\SyNAS\Records\Audio\Time_Sort\2021","17599424","16.78 MB","2021-04-13T21:13:56+00:00","2021-04-13T19:32:17+00:00"
"rec_a7219df35e5839c45851c4e47932e7266b629622","2021_01_12_20_52_50 TA recit.mp3","\\SyNAS\Records\2021","35053817","33.43 MB","2021-01-12T20:52:50+00:00","2021-01-12T20:29:21+00:00"
"rec_6da75effacae0021ba89a284602bc16d06dc745c","2020_11_01_12_47_37.mp3","\\SyNAS\Records\2020","38619845","36.83 MB","2020-11-01T12:47:37+00:00","2020-11-01T12:27:50+00:00"
"rec_5e28ef3e7396b6f75b13458e8ca262910a9be6e8","2020_12_23_17_00_00.mp3","\\SyNAS\Records\WebStorage\2020","4607581","4.39 MB","2020-12-23T17:00:00+00:00","2020-12-23T16:04:48+00:00"
"rec_4acae0298029b751f996cb5655f2505d6b3337e8","2021_02_11_09_37_26 matin.mp3","\\SyNAS\Records\2021","18235976","17.39 MB","2021-02-11T09:37:26+00:00","2021-02-11T08:56:26+00:00"
"rec_02de15ba791213951ba361d6e59958718cb1d92e","2021_02_13_13_44_17 KTA repas midi.mp3","\\SyNAS\Records\Audio\Time_Sort\2021","64298003","61.32 MB","2021-02-13T13:44:17+00:00","2021-02-13T13:51:16+00:00"
"rec_dd0cc673f8e1892768908b1c3d1ffc7bd1098cdb","2023-06-29_00h09m24_Voix 160 DD discussion prenap.m4a","\\SyNAS\Records\2023","113277152","108.03 MB","2023-06-29T00:09:00+00:00","2023-06-28T22:09:24+00:00"
"rec_66edc70cc72c3baa07e0d716769ed7284715a465","2021_01_23_22_19_47.mp3","\\SyNAS\Records\Audio\Time_Sort\2021","51748779","49.35 MB","2021-01-23T22:19:47+00:00","2021-01-23T22:13:41+00:00"
"rec_f3d53c574d6798c6b80c8b5fc7cc7e07f3dd595a","2019-10-12_01h01m32_Bb.m4a","\\SyNAS\Records\2019","94729","92.51 KB","2019-10-12T01:01:00+00:00","2019-10-11T23:01:32+00:00"
"rec_66d14617fb1c5bb1cae7929f9db33ba0fab6c371","2020_08_04_13_34_59 jamais un merci.mp3","\\SyNAS\Records\2020","12903234","12.31 MB","2020-08-04T13:34:59+00:00","2020-08-04T11:48:25+00:00"
"rec_c136f6c88b988fb08ff6395b771f2478f4134e4d","2023-02-05_20h49m54_Voix 127 dd Laura star.m4a","\\SyNAS\Records\2023","28088266","26.79 MB","2023-02-05T20:49:00+00:00","2023-02-05T19:49:54+00:00"
"rec_811d2be8b1de83440f833ceaee75be859bc98e22","Audio recording 2020-12-15 20-41-58.aac","\\SyNAS\Records\2020","14697807","14.02 MB","2020-12-15T00:00:00+00:00","2020-12-15T19:49:34+00:00"
"rec_40eea1183b9b1c1d9f17ed2a8d93708e7dd25c41","2021_02_25_19_23_41.mp3","\\SyNAS\Records\Audio\Time_Sort\2021","44656430","42.59 MB","2021-02-25T19:23:41+00:00","2021-02-25T19:10:12+00:00"
"rec_b0d454a1db2b6a8959e265b377d34f8516e38dd6","2019-10-12_00h37m56_Et bikini.m4a","\\SyNAS\Records\2019","1990540","1.90 MB","2019-10-12T00:37:00+00:00","2019-10-11T22:37:56+00:00"
"rec_7d0725d685f8a60d84bcd0d51c0fe7fec4b25b4d","2024-08-26_21h59m41_Voix 021 ballade de nuit.m4a","\\SyNAS\Records\2024","821578","802.32 KB","2024-08-26T21:59:00+00:00","2024-08-26T19:59:41+00:00"
"rec_cae522e8bae5bd844015c1876dbff688f34acb9e","2021_02_25_11_51_51 midi.mp3","\\SyNAS\Records\Audio\Time_Sort\2021","42961605","40.97 MB","2021-02-25T11:51:51+00:00","2021-02-25T11:36:37+00:00"
"rec_7e0f61b51da02df28a395c8a6557943c3abf8056","2022-07-17_21h41m20_Voix 044 humiliation menaces et insultes et coups.m4a","\\SyNAS\Records\2022-July-Dec","34260766","32.67 MB","2022-07-17T21:41:00+00:00","2022-07-17T19:41:20+00:00"
"rec_9c3e47252da92be55af668484ad8966bd89d6324","2020-05-12_21h57m22_Voix 027_sd achille chapitre 2.m4a","\\SyNAS\Records\2020","13323418","12.71 MB","2020-05-12T21:57:00+00:00","2020-05-12T19:57:22+00:00"
"rec_cf1a1a923d9ea7da699394b42f0ea7a141fb5c04","2021_02_14_18_46_23 apres midi.mp3","\\SyNAS\Records\2021","7805386","7.44 MB","2021-02-14T18:46:23+00:00","2021-02-14T17:54:31+00:00"
"rec_fda8e4fffc86fb5391471495e5ed68ba0d75aad0","2021_03_21_20_55_00 insulte.mp3","\\SyNAS\Records\Audio\Time_Sort\2021","13293608","12.68 MB","2021-03-21T20:55:00+00:00","2021-03-21T20:08:51+00:00"
"rec_c59d82a73860628e1a57d164f12d0d547e68ba83","2024-04-17_10h36m38_Voix 028 explicatio.m4a","\\SyNAS\Records\2024","115925992","110.56 MB","2024-04-17T10:36:00+00:00","2024-04-17T08:36:38+00:00"
"rec_a3b197bbfb17dbd76f2c38c373fda725c8e47aba","2021_02_28_21_21_25 histoire.mp3","\\SyNAS\Records\2021","17757412","16.93 MB","2021-02-28T21:21:25+00:00","2021-02-28T20:39:55+00:00"
"rec_0bc3dd42a9a339091c4909ebe1266d53db37a0f7","2021_01_22_07_18_00.mp3","\\SyNAS\Records\Audio\Time_Sort\2021","61013680","58.19 MB","2021-01-22T07:18:00+00:00","2021-01-22T07:21:33+00:00"
"rec_e9ba6dbd961bd9f40b5f8fb49eae415f05422584","Audio recording 2020-12-01 16-53-26 K retour de course.aac","\\SyNAS\Records\Audio\Time_Sort\2020","16890189","16.11 MB","2020-12-01T00:00:00+00:00","2020-12-01T16:02:08+00:00"
"rec_6e4e50d1b61691e8b2d88f0713aa968edfaedc2b","20220609_153027.m4a","\\SyNAS\Records\2022-Jan-July","70600084","67.33 MB","","2022-06-09T14:33:23+00:00"
"rec_c58a9c7fe26b21e742ace7f4d96899e25fa2c3ed","2021_04_15_17_41_27.mp3","\\SyNAS\Records\Audio\Time_Sort\2021","65602036","62.56 MB","2021-04-15T17:41:27+00:00","2021-04-15T16:49:47+00:00"
"rec_8e1897e45077510a013a2c4c9db31a3ea634a1c3","2020_09_12_20_53_52.mp3","\\SyNAS\Records\Audio\2020-Unsorted","47213922","45.03 MB","2020-09-12T20:53:52+00:00","2020-09-12T19:43:03+00:00"
"rec_36bc77fdebae7cc03da5a7abfdac03c1f271ac1d","2020-03-18_17h40m22_Recording (8) Dinda Conversation.m4a","\\SyNAS\Records\Rec\DD","9345284","8.91 MB","2020-03-18T17:40:00+00:00","2020-04-05T23:24:00+00:00"
"rec_bd52b88b7a71eac070e4dfea47519fc90a08a563","2021_02_25_23_57_01.mp3","\\SyNAS\Records\Audio\Time_Sort\2021","59803270","57.03 MB","2021-02-25T23:57:01+00:00","2021-02-25T23:59:19+00:00"
"rec_5041ce39b66ac4712285ffb50b2c7c78b1013d28","2023-08-02_08h23m00_Voix 008.m4a","\\SyNAS\Records\2023","105402206","100.52 MB","2023-08-02T08:23:00+00:00","2023-08-02T06:23:00+00:00"
"rec_eaa09d58b038843c1214eacebb12c8afc69e52b3","2022_06_01_14_21_20 confiscation.mp3","\\SyNAS\Records\2022-Jan-July","38653700","36.86 MB","2022-06-01T14:21:20+00:00","2022-06-01T13:01:36+00:00"
"rec_62b7510b3f26f358d3e216b5bc7350c93f65272a","2021_03_09_07_50_00 YDS other meeting.mp3","\\SyNAS\Records\Audio\Time_Sort\2021","145776221","139.02 MB","2021-03-09T07:50:00+00:00","2021-03-09T09:21:51+00:00"
"rec_6de124c06e0040a9db0fe13a958dec1aa9dfc1fc","2023-12-05_20h19m06_Voix 016 soiree.m4a","\\SyNAS\Records\2023","78016236","74.40 MB","2023-12-05T20:19:00+00:00","2023-12-05T19:19:06+00:00"
"rec_7379f85acbe9be6a56ebeb96df2ac413a1b527f7","2021_09_15_21_10_30.mp3","\\SyNAS\Records\2021","20075414","19.15 MB","2021-09-15T21:10:30+00:00","2021-09-15T19:31:25+00:00"
"rec_5f00df0c0c2968ad67d33d975120d5ac5deaea23","2021_01_13_20_47_16 KTA .mp3","\\SyNAS\Records\2021","36948426","35.24 MB","2021-01-13T20:47:16+00:00","2021-01-13T20:25:46+00:00"
"rec_f82b623e9477f95efe51f37e46d77fbfa76bf091","2021_01_10_08_37_53.mp3","\\SyNAS\Records\2021","187626056","178.93 MB","2021-01-10T08:37:53+00:00","2021-01-10T10:53:20+00:00"
"rec_541b9546b59641c1bc5df3c54458d1c4d4911a63","2020_11_06_23_38_59 border au lit.mp3","\\SyNAS\Records\2020","7402056","7.06 MB","2020-11-06T23:38:59+00:00","2020-11-06T22:46:42+00:00"
"rec_cee27f0a88c6900eac4e5e382576a4606146fbe7","2019-10-12_01h01m16_Mamasita.m4a","\\SyNAS\Records\2019","1492515","1.42 MB","2019-10-12T01:01:00+00:00","2019-10-11T23:01:16+00:00"
"rec_e8f907cc86a9a3db55e1b09f77f167213a982a8a","2021_05_13_10_19_58 metissage discussion Alois.mp3","\\SyNAS\Records\2021","8810160","8.40 MB","2021-05-13T10:19:58+00:00","2021-05-13T08:29:09+00:00"
"rec_319ec4e2824b4787d7445535e8f79526dceb3293","2020_11_06_20_25_42 tu ramasses Alois.mp3","\\SyNAS\Records\2020","14409559","13.74 MB","2020-11-06T20:25:42+00:00","2020-11-06T19:40:42+00:00"
"rec_c242c9f01a5aad1f60aa027b2204fc7437940482","2019-01-15_10h59m11_Enregistrement_0361.wav","\\SyNAS\Records\Rec\GoogleRec\SmartVoiceRecorder","61831724","58.97 MB","2019-01-15T10:59:00+00:00","2019-01-15T09:59:11+00:00"
"rec_cb80f102778860a5ae8ca10d045910cbaabef569","Audio recording 2020-12-15 12-09-41 après les coups 👊.aac","\\SyNAS\Records\Audio\Time_Sort\2020","50965188","48.60 MB","2020-12-15T00:00:00+00:00","2020-12-15T11:36:00+00:00"
"rec_01a382dfcf6845bff7df50435fdc404dd240af09","2021_01_10_21_16_01 KTA je ne pars pas sans mon fils.mp3","\\SyNAS\Records\Audio\Time_Sort\2021","5461471","5.21 MB","2021-01-10T21:16:01+00:00","2021-01-10T20:21:42+00:00"
"rec_153a17a7b4b94b8af55b61504e414c177dc69cf3","2021_04_16_08_01_25.mp3","\\SyNAS\Records\2021","15881","15.51 KB","2021-04-16T08:01:25+00:00","2021-04-16T06:01:26+00:00"
"rec_b5f070e4717b4f919c39172afa59574621103ee8","Audio recording 2020-06-19 23-11-02.aac","\\SyNAS\Records\2020","54410865","51.89 MB","2020-06-19T00:00:00+00:00","2020-06-19T21:39:06+00:00"
"rec_4e8220f565f8621a3375a106a4bf3462e0787423","2021_01_18_19_49_42 soiree malade.mp3","\\SyNAS\Records\2021","89242226","85.11 MB","2021-01-18T19:49:42+00:00","2021-01-18T20:22:40+00:00"
"rec_03dfc742f8d9f5f74673f4d1c07aaacd99e02f20","2021_06_25_07_06_38.mp3","\\SyNAS\Records\2021","191127692","182.27 MB","2021-06-25T07:06:38+00:00","2021-06-25T08:59:47+00:00"
"rec_4156e686b4de95ccadebcc437306fcc50301b84d","2021_06_04_23_44_53 dodo.mp3","\\SyNAS\Records\2021","10184828","9.71 MB","2021-06-04T23:44:53+00:00","2021-06-04T21:55:30+00:00"
"rec_dc56e6709b1e12374f01314ef41a7d085c991b6b","2024-09-20_21h03m00_Mémo 001.m4a","\\SyNAS\Records\2024-notag","80143","78.26 KB","2024-09-20T21:03:00+00:00","2024-09-20T19:03:00+00:00"
"rec_8853c54e8c9db5165bb1227d7baa0881944b71c8","2021_05_12_20_49_31 soiree apres hopital.mp3","\\SyNAS\Records\2021","34374216","32.78 MB","2021-05-12T20:49:31+00:00","2021-05-12T19:25:21+00:00"
"rec_20e3a188c5ee3ace2a4b1c0e9807c0936410b582","2020_12_31_14_37_34.mp3","\\SyNAS\Records\Audio\Time_Sort\2020","1572361","1.50 MB","2020-12-31T14:37:34+00:00","2020-12-31T13:39:12+00:00"
"rec_bca27878b241cc95dca9052d3bd031fb36028800","2023-08-09_18h41m30_Voix 010 Alois explique kataille.m4a","\\SyNAS\Records\2023","14075480","13.42 MB","2023-08-09T18:41:00+00:00","2023-08-09T16:41:30+00:00"
"rec_8db62c5eddede675053379c2fc299f895b46f7c7","2021_05_12_22_53_53 sommeil.mp3","\\SyNAS\Records\2021","441642870","421.18 MB","2021-05-12T22:53:53+00:00","2021-05-13T04:33:56+00:00"
"rec_e091c84a7942f5b0d6ce93fa5f3a259f44a2fc02","2021_04_12_18_13_48.mp3","\\SyNAS\Records\Audio\Time_Sort\2021","3182340","3.03 MB","2021-04-12T18:13:48+00:00","2021-04-12T16:17:07+00:00"
"rec_cd73cbac3df2deafe17e75c0dfff78f69303148b","2023-07-01_09h20m50_Voix 122 DD don't apologize.m4a","\\SyNAS\Records\2023","28804816","27.47 MB","2023-07-01T09:20:00+00:00","2023-07-01T07:20:50+00:00"
"rec_5561893967d8493b70503db2166634ea6df2fe25","2022-08-21_21h03m46_Voix 060.m4a","\\SyNAS\Records\2022-July-Dec","49496461","47.20 MB","2022-08-21T21:03:00+00:00","2022-08-21T19:03:46+00:00"
"rec_69bdcd1ec8abc8277023e722c9203843a222e525","2021_03_04_21_45_23 TA histoire.mp3","\\SyNAS\Records\Audio\Time_Sort\2021","6876520","6.56 MB","2021-03-04T21:45:23+00:00","2021-03-04T20:53:50+00:00"
"rec_a17a31398889f45332eac0ec7e75915e2db5777c","Audio recording 2020-11-29 19-57-38.aac","\\SyNAS\Records\2020","72064524","68.73 MB","2020-11-29T00:00:00+00:00","2020-11-29T19:34:50+00:00"
"rec_974c9f48efaff6a07181260135f8cab6c552efe9","2020-05-10_19h54m48_Voix 019_sd soiree mobing.m4a","\\SyNAS\Records\2020","21392297","20.40 MB","2020-05-10T19:54:00+00:00","2020-05-10T17:54:48+00:00"
"rec_cf641ed3cd42ac0b26f3ea8c48917a613a40f969","2021_04_02_15_54_07 porcinet.mp3","\\SyNAS\Records\Audio\Time_Sort\2021","2468048","2.35 MB","2021-04-02T15:54:07+00:00","2021-04-02T13:56:42+00:00"
"rec_98228d42514e4c3e9d1336d82667f3991102b99d","2021_04_25_18_23_47.mp3","\\SyNAS\Records\Audio\Time_Sort\2021","26919496","25.67 MB","2021-04-25T18:23:47+00:00","2021-04-25T16:51:50+00:00"
"rec_6ae75dc83bcf287cf89c423a33cd9e3a90a313c3","2021_09_19_14_31_23.mp3","\\SyNAS\Records\2021","6524341","6.22 MB","2021-09-19T14:31:23+00:00","2021-09-19T12:38:11+00:00"
"rec_23c46c9d80f49e752347317757c182559444939d","2020_12_26_19_47_40.mp3","\\SyNAS\Records\Audio\Time_Sort\2020","68384390","65.22 MB","2020-12-26T19:47:40+00:00","2020-12-26T19:58:54+00:00"
"rec_106c6d0f26e848f59b9748c08d9f8df1d2dbfefd","2021_02_23_21_07_08 apres histoire.mp3","\\SyNAS\Records\2021","35163291","33.53 MB","2021-02-23T21:07:08+00:00","2021-02-23T20:43:47+00:00"
"rec_ec8d8a909acbe30cdc5e9f30f56d306b2a891cbc","2020_08_26_14_45_26 frauen verein anmeldung.mp3","\\SyNAS\Records\Audio\Time_Sort\2020","67196968","64.08 MB","2020-08-26T14:45:26+00:00","2020-08-26T13:55:26+00:00"
"rec_4d1265ce9991c1218577e693714bd00cd32b5a7f","2021_03_06_22_45_14.mp3","\\SyNAS\Records\2021","8475549","8.08 MB","2021-03-06T22:45:14+00:00","2021-03-06T22:15:18+00:00"
"rec_238f5508b3b07feeab0ce4c5dc0d183f56171d47","2021_04_05_14_29_54.mp3","\\SyNAS\Records\2021","9119868","8.70 MB","2021-04-05T14:29:54+00:00","2021-04-05T12:39:24+00:00"
"rec_3264deb2f410d352ec3fb8d8691b7a25ad9416f9","2020-05-09_18h05m12_Voix 014_sd.m4a","\\SyNAS\Records\Audio\Time_Sort\2020","27772457","26.49 MB","2020-05-09T18:05:00+00:00","2020-05-09T16:05:12+00:00"
"rec_0acaaec333957c0859dfff9fdcfeac81491c516a","2021_06_12_22_18_43.mp3","\\SyNAS\Records\2021","1073747","1.02 MB","2021-06-12T22:18:43+00:00","2021-06-12T20:19:53+00:00"
"rec_73ae21fb57361248c4335a193b10b594c3d48cc5","2021_05_14_20_51_12.mp3","\\SyNAS\Records\2021","24542980","23.41 MB","2021-05-14T20:51:12+00:00","2021-05-14T19:16:47+00:00"
"rec_1653393316c348dae8ca35e68f9a70a507398233","2023-07-05_16h01m21_Voix 002 nael.m4a","\\SyNAS\Records\2023","28342126","27.03 MB","2023-07-05T16:01:00+00:00","2023-07-05T14:01:21+00:00"
"rec_fda2424527eda4386f3b771fd626ea964613e43b","Audio recording 2020-11-05 11-44-42.aac","\\SyNAS\Records\2020","12252706","11.69 MB","2020-11-05T00:00:00+00:00","2020-11-05T10:51:02+00:00"
"rec_d8f9d7963ae7b26440403ee1a42aae4996ae1863","2022-11-06_18h01m16_Voix 095.m4a","\\SyNAS\Records\2022-July-Dec","259665","253.58 KB","2022-11-06T18:01:00+00:00","2022-11-06T17:01:16+00:00"
"rec_3b2dde0b86337c675d74a0924128b66b168383dd","2021_04_28_13_04_27.mp3","\\SyNAS\Records\2021","27415957","26.15 MB","2021-04-28T13:04:27+00:00","2021-04-28T11:33:00+00:00"
"rec_e84863eefe8b828bd14d25320d7ddcb68fe75d0c","2020_12_16_21_02_03 zorro.mp3","\\SyNAS\Records\2020","30247287","28.85 MB","2020-12-16T21:02:03+00:00","2020-12-16T20:33:33+00:00"
"rec_56cd3ee10b09584cf00c7e7f6b0c90c2eb2c7225","2023-05-08_20h19m47_Voix 154 sortie avec Aloïs.m4a","\\SyNAS\Records\2023","79354270","75.68 MB","2023-05-08T20:19:00+00:00","2023-05-08T18:19:47+00:00"
"rec_dd2dca4155c33913414bf7235ecfca6833d10129","2022-10-31_21h53m28_Voix 093 morale Catajou.m4a","\\SyNAS\Records\2022-July-Dec","10046422","9.58 MB","2022-10-31T21:53:00+00:00","2022-10-31T20:53:28+00:00"
"rec_59ca48b83b80203e632cbf3729d89c583f8dfb65","Audio recording 2020-11-06 17-46-48.aac","\\SyNAS\Records\2020","7633287","7.28 MB","2020-11-06T00:00:00+00:00","2020-11-06T16:50:44+00:00"
"rec_384a400b13d8189d0665adfd8a8b231efc755ee2","2021_04_03_21_52_32.mp3","\\SyNAS\Records\Audio\Time_Sort\2021","28242337","26.93 MB","2021-04-03T21:52:32+00:00","2021-04-03T20:21:57+00:00"
"rec_0f8b23996f5c92097ea52638d41d40683e1599ec","Audio recording 2020-09-16 19-34-48.aac","\\SyNAS\Records\2020","34391637","32.80 MB","2020-09-16T00:00:00+00:00","2020-09-16T17:52:34+00:00"
"rec_057fab5fdd5358c4e78a68473a9136b31d557293","2021_06_07_21_25_23 histoire - mort vivant.mp3","\\SyNAS\Records\2021","4093073","3.90 MB","2021-06-07T21:25:23+00:00","2021-06-07T19:29:39+00:00"
"rec_66339aeafc999dec08fdb7fbffe0c6f8e374eae1","Audio recording 2020-11-26 21-14-06.aac","\\SyNAS\Records\Audio\Time_Sort\2020","12564716","11.98 MB","2020-11-26T00:00:00+00:00","2020-11-26T20:20:34+00:00"
"rec_0132c9ac321e7eb65b0fba4384d2cc5e39462fb2","2021_07_03_13_48_17.mp3","\\SyNAS\Records\2021","70557778","67.29 MB","2021-07-03T13:48:17+00:00","2021-07-03T13:01:48+00:00"
"rec_8c4b9fb2d5321d6760b6f78999f475306f00d30c","2020_12_31_14_37_34.mp3","\\SyNAS\Records\2020","1572361","1.50 MB","2020-12-31T14:37:34+00:00","2020-12-31T13:39:12+00:00"
"rec_142e01b390e9ebaa18baf370dbeae057640bafe6","2021_02_27_11_46_35 matin.mp3","\\SyNAS\Records\Audio\Time_Sort\2021","46451564","44.30 MB","2021-02-27T11:46:35+00:00","2021-02-27T11:34:58+00:00"
"rec_ff346645ec9138ad20e55d94df122afa511787fe","2021_02_07_21_27_16.mp3","\\SyNAS\Records\Audio\Time_Sort\2021","31839711","30.36 MB","2021-02-07T21:27:16+00:00","2021-02-07T21:00:26+00:00"
"rec_bb6b28c17821ea953625e4cc219a389a62365f43","2021_06_04_07_09_32.mp3","\\SyNAS\Records\2021","167182","163.26 KB","2021-06-04T07:09:32+00:00","2021-06-04T05:09:43+00:00"
"rec_4898a0b35b19cd54c8b9c178afe943ff60d84ca8","Audio recording 2020-11-10 19-25-35 harcèlement avant process.aac","\\SyNAS\Records\Audio\Time_Sort\2020","29874866","28.49 MB","2020-11-10T00:00:00+00:00","2020-11-10T18:41:00+00:00"
"rec_8af75d9d1df4cdaa1d1ad50a07f1620c5e0de190","2021_06_12_14_52_55.mp3","\\SyNAS\Records\2021","83589328","79.72 MB","2021-06-12T14:52:55+00:00","2021-06-12T14:19:57+00:00"
"rec_07de20302f43122f204f2fb3da8f329ff6853c6b","2021_05_13_08_26_38 matin avec Alois.mp3","\\SyNAS\Records\2021","25286947","24.12 MB","2021-05-13T08:26:38+00:00","2021-05-13T06:52:56+00:00"
"rec_89fffe16d177e38f84eef04c6ceca814b9b60b90","2021_04_28_13_41_42.mp3","\\SyNAS\Records\Audio\Time_Sort\2021","14627","14.28 KB","2021-04-28T13:41:42+00:00","2021-04-28T11:41:43+00:00"
"rec_4713ba394bca7f151b11f0a3d52e48a9c5ac9082","Audio recording 2020-08-18 19-19-21.wav","\\SyNAS\Records\Audio\Time_Sort\2020","66591044","63.51 MB","2020-08-18T00:00:00+00:00","2020-08-18T17:25:40+00:00"
"rec_2a2ab8b01cd96260cfbed107dcd38f0bd8986325","2022-10-04_19h25m36_Voix 082.m4a","\\SyNAS\Records\2022-July-Dec","5288094","5.04 MB","2022-10-04T19:25:00+00:00","2022-10-04T17:25:36+00:00"
"rec_84db719ccf17ae2646abc76c3a2d99dff81c8cfa","2022-08-05_14h21m42_Voix 054 KT annulation vacances.m4a","\\SyNAS\Records\2022-July-Dec","8647345","8.25 MB","2022-08-05T14:21:00+00:00","2022-08-05T12:21:42+00:00"
"rec_09aa2e5e5e6087838099f7c8fbbe840390f4d95e","2020_12_21_16_09_35.mp3","\\SyNAS\Records\Audio\Time_Sort\2020","2940759","2.80 MB","2020-12-21T16:09:35+00:00","2020-12-21T15:12:39+00:00"
"rec_eb3a617af654e403d6f3f1c813298206db1d6b02","2020-05-09_18h31m30_Voix 015_sd.m4a","\\SyNAS\Records\2020","20107642","19.18 MB","2020-05-09T18:31:00+00:00","2020-05-09T16:31:30+00:00"
"rec_f2d357e304835980a77caef4b8ff1f6d7fe0bea6","2022_01_23_14_54_06.mp3","\\SyNAS\Records\2022-Jan-July","154746461","147.58 MB","2022-01-23T14:54:06+00:00","2022-01-23T16:35:19+00:00"
"rec_a7b58179cbc3411f1b133e98c30ef5909d0aca84","2021_05_10_17_19_48 shash news.mp3","\\SyNAS\Records\2021","310124","302.86 KB","2021-05-10T17:19:48+00:00","2021-05-10T15:20:07+00:00"
"rec_185fa35a8a372019bad2024e2cffced7153101c3","2020-05-24_12h25m22_Voix 049_sd Ramasse ces chaussettes _ 5 min pour aller à la douche.m4a","\\SyNAS\Records\Audio\Time_Sort\2020","1447684","1.38 MB","2020-05-24T12:25:00+00:00","2020-05-24T10:25:22+00:00"
"rec_fad6c469e80a0471f429aa3dcd789163b38209e6","2021_02_20_13_41_43 tu prends les restes.mp3","\\SyNAS\Records\Audio\Time_Sort\2021","18811088","17.94 MB","2021-02-20T13:41:43+00:00","2021-02-20T13:01:19+00:00"
"rec_20aeab23943c4a47e68f3d415e36b806a6061936","2020_11_06_23_46_49 pleurs reveillé pour un pipi.mp3","\\SyNAS\Records\Audio\2020-Unsorted","3149321","3.00 MB","2020-11-06T23:46:49+00:00","2020-11-06T22:50:06+00:00"
"rec_700dc4f92fab414369e66acf889e3e787285797d","Audio recording 2020-08-19 07-08-44.wav","\\SyNAS\Records\2020","225065276","214.64 MB","2020-08-19T00:00:00+00:00","2020-08-19T05:30:43+00:00"
"rec_4a59c543b5c203ba3cedfd4c0212d73c63279382","2021_09_14_16_19_19.mp3","\\SyNAS\Records\2021","16846679","16.07 MB","2021-09-14T16:19:19+00:00","2021-09-14T14:36:52+00:00"
"rec_f4d196de0743c7d8b6848b3d7e1ced1d3bc66ee8","2021_02_07_14_39_33 repas dimansch3  homme femme au foyer.mp3","\\SyNAS\Records\2021","120174131","114.61 MB","2021-02-07T14:39:33+00:00","2021-02-07T15:44:46+00:00"
"rec_bb9912d7362b981d46189a3639743e4ffe69d2f3","2023-04-30_13h45m16_Voix 149.m4a","\\SyNAS\Records\2023","53882526","51.39 MB","2023-04-30T13:45:00+00:00","2023-04-30T11:45:16+00:00"
"rec_55860b1dde3dd6d886df56a568003990b0f464ea","Audio recording 2020-12-01 12-18-36.aac","\\SyNAS\Records\2020","77928325","74.32 MB","2020-12-01T00:00:00+00:00","2020-12-01T11:58:48+00:00"
"rec_feb4497f39f97124055b5bff64f5cbe4ab184287","Audio recording 2020-11-14 07-54-04.aac","\\SyNAS\Records\2020","25392601","24.22 MB","2020-11-14T00:00:00+00:00","2020-11-14T07:07:10+00:00"
"rec_7e9a9d4f1b162d911d0021977f930874bbc375f7","2023-02-12_14h50m48_Voix 130.m4a","\\SyNAS\Records\2023","86920439","82.89 MB","2023-02-12T14:50:00+00:00","2023-02-12T13:50:48+00:00"
"rec_bde315e2a3389a8f358416e0a0770f8154af15a3","Audio recording 2020-12-02 12-08-12.aac","\\SyNAS\Records\2020","44493117","42.43 MB","2020-12-02T00:00:00+00:00","2020-12-02T11:31:10+00:00"
"rec_fe8891107dc39fabf736fbd9faf06929206ea330","2020-03-20_19h20m24_Recording (7) Dinda conversations.m4a","\\SyNAS\Records\WebStorage\DD","73261010","69.87 MB","2020-03-20T19:20:00+00:00","2020-04-05T23:24:03+00:00"
"rec_568e50841414948a97dede546fd2cc8412d82cff","2022-07-04_12h23m58_Voix 032 lunch.m4a","\\SyNAS\Records\2022-July-Dec","21541361","20.54 MB","2022-07-04T12:23:00+00:00","2022-07-04T10:23:58+00:00"
"rec_64450b4ad194c559c1caea530fa7baa75ead6e12","2022-09-15_19h55m01_Voix 072.m4a","\\SyNAS\Records\2022-July-Dec","45724289","43.61 MB","2022-09-15T19:55:00+00:00","2022-09-15T17:55:01+00:00"
"rec_a606c4a84fcf186aadba11d83fc0bba650998aa4","2022-09-10_16h12m49_Voix 068 holiday place.m4a","\\SyNAS\Records\2022-July-Dec","25468486","24.29 MB","2022-09-10T16:12:00+00:00","2022-09-10T14:12:49+00:00"
"rec_6939ba5199dd72fcbd070b5771efe76f111997d5","2022-10-04_21h40m01_Voix 083 fin soirée.m4a","\\SyNAS\Records\2022-July-Dec","104883796","100.02 MB","2022-10-04T21:40:00+00:00","2022-10-04T19:40:01+00:00"
"rec_164cd3dd59cbcd1eb243437620a6e1f2355d87f6","2021_02_25_14_34_09 je vais tout peter.mp3","\\SyNAS\Records\2021","978859","955.92 KB","2021-02-25T14:34:09+00:00","2021-02-25T13:35:10+00:00"
"rec_a3d7bc7c3bb9d7ed98d026b7026131aaa84db9dc","2022-11-26_14h49m03_Voix 102.m4a","\\SyNAS\Records\2022-July-Dec","5220333","4.98 MB","2022-11-26T14:49:00+00:00","2022-11-26T13:49:03+00:00"
"rec_23e40ba2c054dff4c4b6b92a8a7e5390eab62d43","2021_01_25_07_15_54.mp3","\\SyNAS\Records\Audio\Time_Sort\2021","16375639","15.62 MB","2021-01-25T07:15:54+00:00","2021-01-25T06:32:58+00:00"
"rec_2f49bba23c41d33de87d98b531ba8f48d768796f","2021_02_02_21_01_33.mp3","\\SyNAS\Records\Audio\Time_Sort\2021","41558934","39.63 MB","2021-02-02T21:01:33+00:00","2021-02-02T20:44:51+00:00"
"rec_b19d183361b83a697bf7eab66360f05b58de26b6","2020_12_28_21_24_23 remettre internet.mp3","\\SyNAS\Records\Audio\Time_Sort\2020","6680240","6.37 MB","2020-12-28T21:24:23+00:00","2020-12-28T20:31:21+00:00"
"rec_a5866b0c6c68e74a2c66c3b5d9f937f5d27a7b59","2020-05-18_12h33m58_Voix 037_sd midi.m4a","\\SyNAS\Records\Audio\Time_Sort\2020","23285660","22.21 MB","2020-05-18T12:33:00+00:00","2020-05-18T10:33:58+00:00"
"rec_b9864af4a0dd75f5df8dd53f91025166d7fa0505","Audio recording 2020-11-29 21-31-40 whiskey.aac","\\SyNAS\Records\2020","3706854","3.54 MB","2020-11-29T00:00:00+00:00","2020-11-29T20:33:34+00:00"
"rec_6b3d22836faec54b15d97c5459d19596c0e83ae7","2019-09-23_11h43m50_Enregistrement_417.wav","\\SyNAS\Records\Audio\Time_Sort\2019","611299","596.97 KB","2019-09-23T11:43:00+00:00","2019-09-23T09:43:50+00:00"
"rec_c7eb79bd47b456ad480657e7e6af7f743cc99285","2021_03_01_22_27_43.mp3","\\SyNAS\Records\2021","62258363","59.37 MB","2021-03-01T22:27:43+00:00","2021-03-01T22:32:34+00:00"
"rec_d7c9eb9d49ed9d3d1bfa10b292feb48c4e7ab7e8","2023-02-05_21h02m18_Voix 127.m4a","\\SyNAS\Records\2023","3862123","3.68 MB","2023-02-05T21:02:00+00:00","2023-02-05T20:02:18+00:00"
"rec_08ac65cc9d9466449b55cd62f0fa670be4b58b60","2021_01_04_15_12_51.mp3","\\SyNAS\Records\Audio\Time_Sort\2021","6373040","6.08 MB","2021-01-04T15:12:51+00:00","2021-01-04T14:19:29+00:00"
"rec_f527a8172e1ed4be44bb36b663eeb7eb2252a17d","Audio recording 2020-06-26 15-33-26.aac","\\SyNAS\Records\2020","17956708","17.12 MB","2020-06-26T00:00:00+00:00","2020-06-26T13:42:42+00:00"
"rec_b893bea4d81affd4a6f8c7db9520846d6fb0b3b1","Audio recording 2020-12-03 11-14-27 parfait.aac","\\SyNAS\Records\Audio\Time_Sort\2020","246820","241.04 KB","2020-12-03T00:00:00+00:00","2020-12-03T10:14:34+00:00"
"rec_f257af4000e3faa0ebe1fe1417d56fc14d11e892","20220613_143459.m4a","\\SyNAS\Records\2022-Jan-July","34222182","32.64 MB","","2022-06-13T13:05:29+00:00"
"rec_fef0dd51d9a654ea58a605a4a44ab86a3460e8f3","2021_01_20_19_47_32 soiree avant.mp3","\\SyNAS\Records\Audio\Time_Sort\2021","109638216","104.56 MB","2021-01-20T19:47:32+00:00","2021-01-20T20:41:45+00:00"
"rec_d0c896c942c68a4aed7d0f8232ef1955b6324de8","2021_01_08_13_05_34.mp3","\\SyNAS\Records\2021","10581053","10.09 MB","2021-01-08T13:05:34+00:00","2021-01-08T12:16:36+00:00"
"rec_a2e076ef0db71f57e28863d6fa5f9114f01f5bbc","2021_01_26_22_56_46.mp3","\\SyNAS\Records\Audio\Time_Sort\2021","11371832","10.85 MB","2021-01-26T22:56:46+00:00","2021-01-26T22:08:37+00:00"
"rec_88cc96f9ec5622da59cfef6be43505f22cddb53c","2022-12-27_20h46m06_Voix 117.m4a","\\SyNAS\Records\2023","8511190","8.12 MB","2022-12-27T20:46:00+00:00","2022-12-27T19:46:06+00:00"
"rec_53606507565b7883dc00c5f6b3dd936ef450b7c8","2024-07-04_08h18m19_Voix 008.m4a","\\SyNAS\Records\2024-notag","10310844","9.83 MB","2024-07-04T08:18:00+00:00","2024-07-04T06:18:19+00:00"
"rec_e20e6ccce00537cafc3a02491ba96cdb370fb2ad","2022_05_28_18_45_42.mp3","\\SyNAS\Records\2022-Jan-July","31142137","29.70 MB","2022-05-28T18:45:42+00:00","2022-05-28T17:18:09+00:00"
"rec_19e7fb4b2ddcb3f16b74a8a776e507da1ecf5354","2020-04-02_17h38m28_Recording (21)_Dinda.m4a","\\SyNAS\Records\WebStorage\DD","15789123","15.06 MB","2020-04-02T17:38:00+00:00","2020-04-05T23:24:07+00:00"
"rec_53aca4ffa8fcd1412df245110623ba95663149fa","Audio recording 2020-11-08 02-16-41 la faire interner.aac","\\SyNAS\Records\2020","11735153","11.19 MB","2020-11-08T00:00:00+00:00","2020-11-08T01:22:44+00:00"
"rec_ecb5c7904b54f9d863a730666733d74abfe5ef38","2020_12_26_10_57_38 alois cobfidence.mp3","\\SyNAS\Records\Audio\Time_Sort\2020","60125099","57.34 MB","2020-12-26T10:57:38+00:00","2020-12-26T11:00:16+00:00"
"rec_7e296f037ed40a03121da4f32baebbcb3dc78d34","2020_07_29_22_08_59 al histoire jean de la fontaine .mp3","\\SyNAS\Records\2020","31848908","30.37 MB","2020-07-29T22:08:59+00:00","2020-07-29T20:43:48+00:00"
"rec_b761c0236509dff434793e2d42af45cd169e382c","2021_08_13_15_11_16.mp3","\\SyNAS\Records\2021","2632723","2.51 MB","2021-08-13T15:11:16+00:00","2021-08-13T13:14:01+00:00"
"rec_f14dcc4239a05d1f4b9a015b43bc3c02c8c18294","2022-11-26_06h43m38_Voix 101.m4a","\\SyNAS\Records\2022-July-Dec","521800351","497.63 MB","2022-11-26T06:43:00+00:00","2022-11-26T05:43:38+00:00"
"rec_07745cb4a56503cbe9e661fae063f8d04ae06965","2021_01_21_21_21_50.mp3","\\SyNAS\Records\2021","201750586","192.40 MB","2021-01-21T21:21:50+00:00","2021-01-21T23:51:59+00:00"
"rec_e3ca52494880a044114992bc56a887c725044d88","2024-05-28_01h19m02_Voix 003 Dinda.m4a","\\SyNAS\Records\2024","229911868","219.26 MB","2024-05-28T01:19:00+00:00","2024-05-27T23:19:02+00:00"
"rec_91727af180774e231c2de2c1dcb8bdf1f829f766","2022_05_31_19_16_57.mp3","\\SyNAS\Records\2022-Jan-July","54084753","51.58 MB","2022-05-31T19:16:57+00:00","2022-05-31T18:13:18+00:00"
"rec_3ba15a39d3bdaa5bd570260238629b0ba803acbd","2021_11_08_07_05_50.mp3","\\SyNAS\Records\2021","25342536","24.17 MB","2021-11-08T07:05:50+00:00","2021-11-08T06:32:14+00:00"
"rec_335a34feb4469c606073bedaedad8c14c00f8dd3","Audio recording 2020-11-15 08-04-47.aac","\\SyNAS\Records\2020","23801017","22.70 MB","2020-11-15T00:00:00+00:00","2020-11-15T07:21:52+00:00"
"rec_9a5f4f591d92b975ab2a65046a367bd7e55d2586","Audio recording 2020-10-29 15-14-24.aac","\\SyNAS\Records\2020","9602129","9.16 MB","2020-10-29T00:00:00+00:00","2020-10-29T14:19:22+00:00"
"rec_4cde819ccde4a6a6df5d75e47da3e0c3484348e0","Audio recording 2020-12-03 11-14-27 parfait.aac","\\SyNAS\Records\2020","246820","241.04 KB","2020-12-03T00:00:00+00:00","2020-12-03T10:14:34+00:00"
"rec_a976d3cce1bf0b58a18e192a66ff64cf3b712e07","Audio recording 2020-09-01 16-38-14.wav","\\SyNAS\Records\2020","71893628","68.56 MB","2020-09-01T00:00:00+00:00","2020-09-01T14:45:02+00:00"
"rec_98e1d61bc66509c69c5b767834de4c9ad0f6af37","Audio recording 2020-11-01 22-57-27.aac","\\SyNAS\Records\2020","2224765","2.12 MB","2020-11-01T00:00:00+00:00","2020-11-01T21:58:36+00:00"
"rec_ce605e3899ce14785c7f3ab8cb551a284944099d","2021_06_17_12_12_37.mp3","\\SyNAS\Records\2021","430930963","410.97 MB","2021-06-17T12:12:37+00:00","2021-06-17T17:41:30+00:00"
"rec_7e8390196a74cbc46e372117e08b8c2b18f4c318","2020-03-14_09h41m03_Recording (3)_Papa_Alois.m4a","\\SyNAS\Records\Rec\ALO","34364165","32.77 MB","2020-03-14T09:41:00+00:00","2020-04-06T15:42:00+00:00"
"rec_03522be49531ad7e75cc1526b6e6d18633cc8acb","2022-12-26_01h35m23_Voix 111.m4a","\\SyNAS\Records\2023","28981543","27.64 MB","2022-12-26T01:35:00+00:00","2022-12-26T00:35:23+00:00"
"rec_a4d681333e6d1dd2e9e83f4bbde1075185b72930","2021_02_19_19_31_29 daniella consultation.mp3","\\SyNAS\Records\2021","142018768","135.44 MB","2021-02-19T19:31:29+00:00","2021-02-19T20:59:25+00:00"
"rec_11d8cb900955840d71731f99c7103ae926ec61ab","2022-08-01_13h44m25_Voix 052 repas 1er August.m4a","\\SyNAS\Records\2022-July-Dec","99356075","94.75 MB","2022-08-01T13:44:00+00:00","2022-08-01T11:44:25+00:00"
"rec_ed55ce4cc8c6c5dad6e1850c98cce1daf2896b19","2021_01_24_13_12_59 KTA brutalite.mp3","\\SyNAS\Records\Audio\Time_Sort\2021","20050762","19.12 MB","2021-01-24T13:12:59+00:00","2021-01-24T12:34:08+00:00"
"rec_7963dcefc2974a684c755f435e7e6421795ca440","2021_02_22_12_58_41KtA midi batik indonesian.mp3","\\SyNAS\Records\Audio\Time_Sort\2021","70212934","66.96 MB","2021-02-22T12:58:41+00:00","2021-02-22T13:13:02+00:00"
"rec_3c9b034fb29a1cb31c520f2f68737bf763121ae7","2021_03_30_07_08_18 matin tranquille.mp3","\\SyNAS\Records\2021","54716707","52.18 MB","2021-03-30T07:08:18+00:00","2021-03-30T06:05:18+00:00"
"rec_829b35e1437374db3a789282b9b02ef69063de78","2023-08-06_16h20m11_Voix 010 smoking in your eyes.m4a","\\SyNAS\Records\2023","2045578","1.95 MB","2023-08-06T16:20:00+00:00","2023-08-06T14:20:11+00:00"
"rec_3ff78f7563be9457bcdd62165bea215f8065dba0","2021_01_14_16_55_13.mp3","\\SyNAS\Records\Audio\Time_Sort\2021","23949478","22.84 MB","2021-01-14T16:55:13+00:00","2021-01-14T16:20:10+00:00"
"rec_eba8bf9db5b07adcb5a79d767b40e77244ba20cd","2022-07-02_11h42m49_Voix 030.m4a","\\SyNAS\Records\2022-July-Dec","6492470","6.19 MB","2022-07-02T11:42:00+00:00","2022-07-02T09:42:49+00:00"
"rec_58b75482059020322ad601efa95da412948ef3de","2020_08_02_22_25_21.mp3","\\SyNAS\Records\2020","7812741","7.45 MB","2020-08-02T22:25:21+00:00","2020-08-02T20:33:30+00:00"
"rec_b7c98d0f4dc11f1fcf98c4d555281b799b67e689","2021_02_01_17_56_45 courgette.mp3","\\SyNAS\Records\Audio\Time_Sort\2021","4180426","3.99 MB","2021-02-01T17:56:45+00:00","2021-02-01T17:01:07+00:00"
"rec_03ece8a8282054ed8afe55575bba5bc94600bf43","2021_02_02_21_44_53.mp3","\\SyNAS\Records\2021","945840","923.67 KB","2021-02-02T21:44:53+00:00","2021-02-02T20:45:53+00:00"
"rec_ec0bfea7dfae9f3f8393ca040f3c95a497ccd4b5","Audio recording 2020-06-26 19-35-23 j en ai rien a foutre.aac","\\SyNAS\Records\2020","22006185","20.99 MB","2020-06-26T00:00:00+00:00","2020-06-26T17:46:44+00:00"
"rec_bedee5aa3e4b9c529b569b27d23a85a3ce347c4c","2023-01-25_07h42m14_Voix 123 ddtt morning.m4a","\\SyNAS\Records\2023","21894877","20.88 MB","2023-01-25T07:42:00+00:00","2023-01-25T06:42:14+00:00"
"rec_7528f1b7c0e8d0d6c6e07d93ab6da76d3a4d5620","2021_01_01_21_14_28 de droit divin.mp3","\\SyNAS\Records\2020","1481859","1.41 MB","2021-01-01T21:14:28+00:00","2021-01-02T01:49:24+00:00"
"rec_f80e79959fb60af289924dd80f7fb82e8adc4aec","2021_06_18_12_01_04.mp3","\\SyNAS\Records\2021","4874657","4.65 MB","2021-06-18T12:01:04+00:00","2021-06-18T10:06:09+00:00"
"rec_5f8b251381c4b635c412c6060e87f49039d5fbe1","2021_01_18_12_38_31 KT gargamel.mp3","\\SyNAS\Records\Audio\Time_Sort\2021","840514","820.81 KB","2021-01-18T12:38:31+00:00","2021-01-18T11:39:23+00:00"
"rec_7661135e0189f6cd9f09d17ef1d6bac0bcb99f34","2021_01_02_22_35_09 le cyclope.mp3","\\SyNAS\Records\Audio\Time_Sort\2021","10194859","9.72 MB","2021-01-02T22:35:09+00:00","2021-01-02T21:45:46+00:00"
"rec_869e4c17ef059e252d6df3c0fd30f065b8f744df","2021_02_06_20_08_52 soiree samedi soir.mp3","\\SyNAS\Records\Audio\Time_Sort\2021","163303268","155.74 MB","2021-02-06T20:08:52+00:00","2021-02-06T22:00:13+00:00"
"rec_914efb15dfb24b3f2fd6ec7c4ba7cb5f79b94cfb","2022_06_01_18_18_35.mp3","\\SyNAS\Records\2022-Jan-July","955734","933.33 KB","2022-06-01T18:18:35+00:00","2022-06-01T16:19:35+00:00"
"rec_1308d30a787b1cdc0839d05b14fdfb31e5589aca","2022-10-09_20h59m31_Voix 087 pomme jardin.m4a","\\SyNAS\Records\2022-July-Dec","1922044","1.83 MB","2022-10-09T20:59:00+00:00","2022-10-09T18:59:31+00:00"
"rec_0dc5f157affc72d43190afd8cff12e0bcf16ef70","2022-07-01_21h43m42_Voix 030 recall.m4a","\\SyNAS\Records\2022-July-Dec","4553582","4.34 MB","2022-07-01T21:43:00+00:00","2022-07-01T19:43:42+00:00"
"rec_5d06605fc611e2861623920ceb126080e0df87f5","2024-07-18_17h09m57_Voix 013 KEBS entretien parents.m4a","\\SyNAS\Records\2024","88662735","84.56 MB","2024-07-18T17:09:00+00:00","2024-07-18T15:09:57+00:00"
"rec_3a93a9294b6f21786e24e300f923e44aee427981","Audio recording 2020-06-28 16-18-54.aac","\\SyNAS\Records\Audio\Time_Sort\2020","8230276","7.85 MB","2020-06-28T00:00:00+00:00","2020-06-28T14:23:10+00:00"
"rec_0bc2e78a278410f4c09e6732033a79bfbebecbeb","2021_04_08_07_21_20.mp3","\\SyNAS\Records\Audio\Time_Sort\2021","14420426","13.75 MB","2021-04-08T07:21:20+00:00","2021-04-08T05:36:22+00:00"
"rec_b11e6245ade7b7d8d5241c235519171c94ee9adc","Audio recording 2020-08-16 20-56-53.wav","\\SyNAS\Records\2020","375478028","358.08 MB","2020-08-16T00:00:00+00:00","2020-08-16T19:32:23+00:00"
"rec_795843f90cf02e5598bbaadd57575109516d791b","Audio recording 2020-09-10 13-28-28.aac","\\SyNAS\Records\Audio\Time_Sort\2020","11725462","11.18 MB","2020-09-10T00:00:00+00:00","2020-09-10T11:34:41+00:00"
"rec_6032cbfd42ec3a724857ee218b8ae4ada092b8b5","2020-05-12_21h57m22_Voix 027_sd achille chapitre 2.m4a","\\SyNAS\Records\Audio\Time_Sort\2020","13323418","12.71 MB","2020-05-12T21:57:00+00:00","2020-05-12T19:57:22+00:00"
"rec_9a727a0d46331bed3db7e188bb8567ed1f39db23","2019-10-15_13h51m44_Entretien 001.m4a","\\SyNAS\Records\Audio\Time_Sort\2019","195128","190.55 KB","2019-10-15T13:51:00+00:00","2019-10-15T11:51:44+00:00"
"rec_35888c2efc06f0d1c051570197d7e33a4512730d","2021_03_11_18_20_54.mp3","\\SyNAS\Records\2021","8982359","8.57 MB","2021-03-11T18:20:54+00:00","2021-03-11T17:30:16+00:00"
"rec_a23cd586e07a9dd07fa967213f125c125428eb6c","2021_03_13_21_37_29 foutage de gueule.mp3","\\SyNAS\Records\Audio\Time_Sort\2021","11253968","10.73 MB","2021-03-13T21:37:29+00:00","2021-03-13T20:49:12+00:00"
"rec_c61cee21f2de5a4ad1ba428028227183a0818cee","2020_08_22_11_07_36.mp3","\\SyNAS\Records\Audio\Time_Sort\2020","257051584","245.14 MB","2020-08-22T11:07:36+00:00","2020-08-22T13:35:22+00:00"
"rec_19c58bd9cbb31a29b32b0f0a61db75f5a548369d","2021_07_10_21_36_41 salad sur table.mp3","\\SyNAS\Records\2021","4277393","4.08 MB","2021-07-10T21:36:41+00:00","2021-07-10T19:41:09+00:00"
"rec_acba1498e36b9be129c778e6e2bd2d6c8cf52b08","2022-11-10_07h44m23_Voix 097.m4a","\\SyNAS\Records\2022-July-Dec","1225384","1.17 MB","2022-11-10T07:44:00+00:00","2022-11-10T06:44:23+00:00"
"rec_eee79fc8c873e43dff9e5787a4cf79a997bbabf6","2020_08_27_08_49_44 psy.mp3","\\SyNAS\Records\2020","66499394","63.42 MB","2020-08-27T08:49:44+00:00","2020-08-27T07:59:00+00:00"
"rec_a1706a43fb4e31fa825bacdd442e3f6ba093fb8b","2021_02_27_17_26_49.mp3","\\SyNAS\Records\Audio\Time_Sort\2021","1836511","1.75 MB","2021-02-27T17:26:49+00:00","2021-02-27T16:28:44+00:00"
"rec_eb2fb0173b79fc19f6de189ed63038d6cf0ad7ec","2021_01_27_19_39_09.mp3","\\SyNAS\Records\Audio\Time_Sort\2021","30181667","28.78 MB","2021-01-27T19:39:09+00:00","2021-01-27T19:10:36+00:00"
"rec_23a96cdcca501f271f8e3c2368da7c65d3517637","2021_02_24_17_15_12 copies.mp3","\\SyNAS\Records\Audio\Time_Sort\2021","4976618","4.75 MB","2021-02-24T17:15:12+00:00","2021-02-24T16:21:35+00:00"
"rec_c470c832bec48650ee5f7a72a1f958029af00d1b","2021_01_09_21_02_18 provocation non stop.mp3","\\SyNAS\Records\2021","36051904","34.38 MB","2021-01-09T21:02:18+00:00","2021-01-09T20:39:51+00:00"
"rec_03f84aef61aa51af17b500571c30bb9f3fd4b08a","2021_04_01_07_13_46.mp3","\\SyNAS\Records\Audio\Time_Sort\2021","45599763","43.49 MB","2021-04-01T07:13:46+00:00","2021-04-01T06:01:16+00:00"
"rec_9c7a3c21e5e88d7a24557d2a81c4ddf6821ab455","2022-08-15_15h57m07_Voix 059 orage.m4a","\\SyNAS\Records\2022-July-Dec","29292184","27.94 MB","2022-08-15T15:57:00+00:00","2022-08-15T13:57:07+00:00"
"rec_e3297368e4e474c5cc4e2fb43f1f22948507f8a1","2020_11_08_10_49_03 methode education.mp3","\\SyNAS\Records\Audio\2020-Unsorted","15137226","14.44 MB","2020-11-08T10:49:03+00:00","2020-11-08T10:04:49+00:00"
"rec_23733febab9c300ce0e65a559888d41c51540b09","2020-03-25_15h47m04_Recording (7)_Dinda.m4a","\\SyNAS\Records\WebStorage\DD","181512826","173.10 MB","2020-03-25T15:47:00+00:00","2020-04-05T23:24:03+00:00"
"rec_c5d5ab427a332cb7e93de2df2324e85db5e274fb","2021_04_24_09_32_00.mp3","\\SyNAS\Records\Audio\Time_Sort\2021","239071","233.47 KB","2021-04-24T09:32:00+00:00","2021-04-24T07:32:15+00:00"
"rec_639e075e297e2f8e61e1bad5250e9ac52b235dd3","Audio recording 2020-09-16 18-32-38 KTA Dinda critics.aac","\\SyNAS\Records\2020","120007745","114.45 MB","2020-09-16T00:00:00+00:00","2020-09-16T17:34:34+00:00"
"rec_b650d456c6c56f2df1a5db03eb4d39e93abdde29","Audio recording 2020-07-01 19-41-13.aac","\\SyNAS\Records\Audio\Time_Sort\2020","23726064","22.63 MB","2020-07-01T00:00:00+00:00","2020-07-01T17:53:28+00:00"
"rec_942e21798a4aabf79be72eb213b375b033985d6f","2023-11-19_21h16m00_Voix 016 retour Alois Steinhausen.m4a","\\SyNAS\Records\2023","144739094","138.03 MB","2023-11-19T21:16:00+00:00","2023-11-19T20:16:00+00:00"
"rec_bf7eef3f56acda57da793fd52c9c3ee828ea36a8","Audio recording 2020-07-26 23-12-34.wav","\\SyNAS\Records\Audio\Time_Sort\2020","118121012","112.65 MB","2020-07-26T00:00:00+00:00","2020-07-26T21:23:44+00:00"
"rec_5c692d74462bbeeb20d7a832b0b137a88d6df4a9","2021_06_02_15_02_04 sortie de tribunal.mp3","\\SyNAS\Records\2021","18661458","17.80 MB","2021-06-02T15:02:04+00:00","2021-06-02T13:21:30+00:00"
"rec_6b63f46aefb6283975c129a7877f2dc79128d5c6","Audio recording 2020-12-12 23-53-55.aac","\\SyNAS\Records\Audio\Time_Sort\2020","7443411","7.10 MB","2020-12-12T00:00:00+00:00","2020-12-12T22:57:46+00:00"
"rec_244bc2b3f9b9581632d355a02351b5f7edd98a41","2023-04-25_19h52m47_Voix 148 Steinhausen.m4a","\\SyNAS\Records\2023","66961741","63.86 MB","2023-04-25T19:52:00+00:00","2023-04-25T17:52:47+00:00"
"rec_00ec13783474f2b0c03097482e8a516fe09dc8b2","2022-09-05_11h43m53_Voix 067.m4a","\\SyNAS\Records\2022-July-Dec","46951080","44.78 MB","2022-09-05T11:43:00+00:00","2022-09-05T09:43:53+00:00"
"rec_1de53268b421160e511417588fdd14ff8ba933e7","2021_03_28_11_27_46 la douche.mp3","\\SyNAS\Records\Audio\Time_Sort\2021","5671205","5.41 MB","2021-03-28T11:27:46+00:00","2021-03-28T09:42:28+00:00"
"rec_5fb406675292d184f8bec306c6b3958c3cebf7fc","2023-08-02_08h58m44_Voix 009 dd explanation.m4a","\\SyNAS\Records\2023","8177288","7.80 MB","2023-08-02T08:58:00+00:00","2023-08-02T06:58:44+00:00"
"rec_9294aa959e807c2c43050aa7e3f117cc29fe70e0","2021_04_09_12_00_00.mp3","\\SyNAS\Records\Audio\Time_Sort\2021","20586996","19.63 MB","2021-04-09T12:00:00+00:00","2021-04-09T10:21:27+00:00"
"rec_82c78e35d890ae205e6a227d576c3e243ead1c6a","2022_02_15_18_57_35.mp3","\\SyNAS\Records\2022-Jan-July","495326284","472.38 MB","2022-02-15T18:57:35+00:00","2022-02-16T02:33:34+00:00"
"rec_fae4cc62282244dbf921aa68f3e47a2dea084b5f","2024-03-21_14h20m00_Voix 027 avertissement stuffe 3.m4a","\\SyNAS\Records\2024","31697144","30.23 MB","2024-03-21T14:20:00+00:00","2024-03-21T13:20:00+00:00"
"rec_5b3cb5ce7dd838918fbe21c470ae384c1a8121b3","2024-06-22_22h40m25_Voix 006 maeva photos.m4a","\\SyNAS\Records\2024","164513441","156.89 MB","2024-06-22T22:40:00+00:00","2024-06-22T20:40:25+00:00"
"rec_dd24c97b7ba406ce126a0669255ba9c9da9a48f9","Audio recording 2020-09-12 20-42-54.aac","\\SyNAS\Records\Audio\Time_Sort\2020","10879703","10.38 MB","2020-09-12T00:00:00+00:00","2020-09-12T18:48:32+00:00"
"rec_a16ee604ba5a443ed35b8da151aae629998d1a60","2021_05_14_23_02_40.mp3","\\SyNAS\Records\2021","21850487","20.84 MB","2021-05-14T23:02:40+00:00","2021-05-14T21:25:26+00:00"
"rec_bfe4cf954ddadda62f56a12d61d7509b9f5d88d0","Audio recording 2020-07-18 21-11-53.wav","\\SyNAS\Records\2020","70612964","67.34 MB","2020-07-18T00:00:00+00:00","2020-07-18T19:19:10+00:00"
"rec_9d22ce7c950117886498f11bce2fddddbde241bf","2021_02_01_13_53_47.mp3","\\SyNAS\Records\2021","3247959","3.10 MB","2021-02-01T13:53:47+00:00","2021-02-01T12:57:10+00:00"
"rec_79435c2792ae1b773cd70761b01c9b5228c3669b","2021_01_08_15_21_52 KA retour d ecole.mp3","\\SyNAS\Records\Audio\Time_Sort\2021","17630353","16.81 MB","2021-01-08T15:21:52+00:00","2021-01-08T14:40:14+00:00"
"rec_050f1d643df84038d820215abbcdcb566da46441","Audio recording 2020-08-13 05-02-38.wav","\\SyNAS\Records\2020","19675700","18.76 MB","2020-08-13T00:00:00+00:00","2020-08-13T03:04:30+00:00"
"rec_062f91ddee081eafd225388313b1bacf447edfe6","2024-05-17_18h46m01_Voix 002jdkfk.m4a","\\SyNAS\Records\2024","16272057","15.52 MB","2024-05-17T18:46:00+00:00","2024-05-17T16:46:01+00:00"
"rec_ec24fae494c0d6f2e8891434df668b12a2a8bd05","2021_02_03_07_21_43.mp3","\\SyNAS\Records\2021","550033","537.14 KB","2021-02-03T07:21:43+00:00","2021-02-03T06:22:17+00:00"
"rec_dfe742a470d95f8bca442c947950e67d7b4e6d5e","2021_06_13_04_58_49 morning birds.mp3","\\SyNAS\Records\2021","454320","443.67 KB","2021-06-13T04:58:49+00:00","2021-06-13T02:59:18+00:00"
"rec_f7161a8775f6c18732897ca75498ac6ab04a4c50","Audio recording 2020-10-07 23-10-25.aac","\\SyNAS\Records\2020","36240480","34.56 MB","2020-10-07T00:00:00+00:00","2020-10-07T21:29:08+00:00"
"rec_6d55affbaa478f045f555abc5c606e710f024a8c","2021_01_09_21_02_18_provocation_TuasvouluJouer-JeSuisEmprisonnée.wav","\\SyNAS\Records\2020","4556266","4.35 MB","2021-01-09T21:02:18+00:00","2021-01-10T23:52:27+00:00"
"rec_98b5cb6b1a9224c3d9b1d3f3733be660a23a6f74","2020_09_17_14_09_57 KT vaisselles.mp3","\\SyNAS\Records\Audio\2020-Unsorted","13889200","13.25 MB","2020-09-17T14:09:57+00:00","2020-09-17T12:24:25+00:00"
"rec_3301bd8808f500822b85948deb3075ac7c788a3e","2022-10-14_13h44m20_Voix 089 cat commente son job.m4a","\\SyNAS\Records\2022-July-Dec","13903421","13.26 MB","2022-10-14T13:44:00+00:00","2022-10-14T11:44:20+00:00"
"rec_e058871e24ce4ba6339850bea696d8022517859e","Audio recording 2020-11-09 15-42-06.aac","\\SyNAS\Records\Audio\Time_Sort\2020","4996827","4.77 MB","2020-11-09T00:00:00+00:00","2020-11-09T14:44:40+00:00"
"rec_745f5eee47cf211473b12b573c8ab43f65d70ebc","2022-08-03_00h04m35_Voix 017 TA aller à la baignade.m4a","\\SyNAS\Records\2022-July-Dec","39862398","38.02 MB","2022-08-03T00:04:00+00:00","2022-08-02T22:04:35+00:00"
"rec_279221bf613000b16ddf2d649708fd1dce2d6c8e","2022-09-05_12h22m01_Voix 068 gossiping.m4a","\\SyNAS\Records\2022-July-Dec","1383756","1.32 MB","2022-09-05T12:22:00+00:00","2022-09-05T10:22:01+00:00"
"rec_45e7c426f3068be9b79c8281f2aaafccf08286d0","2021_01_21_21_21_50.mp3","\\SyNAS\Records\Audio\Time_Sort\2021","201750586","192.40 MB","2021-01-21T21:21:50+00:00","2021-01-21T23:51:59+00:00"
"rec_6ff24cdede20c9109914fe501b3d01bf7b3fd8e9","2023-08-25_03h09m00_Voix 011 dd explication.m4a","\\SyNAS\Records\2023","355174102","338.72 MB","2023-08-25T03:09:00+00:00","2023-08-25T01:09:00+00:00"
"rec_e555374ca5e88bba370e69a82dc59d0628e9b90d","2024-08-15_16h55m38_Voix 019 Macbeth Monika.m4a","\\SyNAS\Records\2024","53607382","51.12 MB","2024-08-15T16:55:00+00:00","2024-08-15T14:55:38+00:00"
"rec_4c56aa819b871b9828287d7aac1cd8930489bc0f","Audio recording 2020-11-13 11-59-35 harsselement.aac","\\SyNAS\Records\Audio\Time_Sort\2020","43921649","41.89 MB","2020-11-13T00:00:00+00:00","2020-11-13T11:22:50+00:00"
"rec_f51eae21faffc15bf4bb755c029ed80824363f33","2021_02_04_07_52_45.mp3","\\SyNAS\Records\2021","10587741","10.10 MB","2021-02-04T07:52:45+00:00","2021-02-04T07:03:47+00:00"
"rec_c8146a1aeeb51a46c24bc1aa291b7610e3612689","Audio recording 2020-10-21 20-37-31.aac","\\SyNAS\Records\2020","3250090","3.10 MB","2020-10-21T00:00:00+00:00","2020-10-21T18:39:12+00:00"
"rec_324a652f5bbc6199e6691635f0f7ab8c7b175b21","Audio recording 2020-06-28 13-51-07.aac","\\SyNAS\Records\2020","62617785","59.72 MB","2020-06-28T00:00:00+00:00","2020-06-28T12:32:46+00:00"
"rec_b4749ae30f7a0066680ca4a858efa1759a65d0c6","2021_01_06_21_09_30 Alois.mp3","\\SyNAS\Records\Audio\Time_Sort\2021","39492126","37.66 MB","2021-01-06T21:09:30+00:00","2021-01-06T20:50:39+00:00"
"rec_e5b1c1b04c7eb999b0327c65f944dbfcce8012e7","2020-03-14_09h41m03_Recording (3)_Papa_Alois.m4a","\\SyNAS\Records\WebStorage\ALO","34364165","32.77 MB","2020-03-14T09:41:00+00:00","2020-04-06T15:42:00+00:00"
"rec_4dd22483df784cce24f43a590094910ea0e7ddd0","Audio recording 2020-09-07 12-19-46.aac","\\SyNAS\Records\Audio\Time_Sort\2020","34227315","32.64 MB","2020-09-07T00:00:00+00:00","2020-09-07T10:41:41+00:00"
"rec_ab3b314c85b4b5e59f54d16dabaf87b4f453e832","2020_09_02_21_30_51 jean et jeanne.mp3","\\SyNAS\Records\Audio\Time_Sort\2020","15073697","14.38 MB","2020-09-02T21:30:51+00:00","2020-09-02T19:46:33+00:00"
"rec_00e0474f799e20874d4681f8f65341ad3447bc28","2023-07-04_21h47m20_Voix 002 jdjdj.m4a","\\SyNAS\Records\2023","28923447","27.58 MB","2023-07-04T21:47:00+00:00","2023-07-04T19:47:20+00:00"
"rec_fd8aa54cc785ba80f938fc96f4604ffa0b242c89","2022-08-22_19h41m12_Voix 062.m4a","\\SyNAS\Records\2022-July-Dec","13303357","12.69 MB","2022-08-22T19:41:00+00:00","2022-08-22T17:41:12+00:00"
"rec_1216d1d5c80f26e25bc1657ebb728f58ea20bed3","Audio recording 2020-08-27 21-17-14.wav","\\SyNAS\Records\2020","152787140","145.71 MB","2020-08-27T00:00:00+00:00","2020-08-27T19:31:40+00:00"
"rec_a089d982afa5b75cfd6291eb1d07466a267da9ed","2021_04_08_19_29_54.mp3","\\SyNAS\Records\Audio\Time_Sort\2021","5145494","4.91 MB","2021-04-08T19:29:54+00:00","2021-04-08T17:35:16+00:00"
"rec_936bafa50f69132710f6e6a601a32f762e85ac10","2021_03_07_13_27_29 fin de repas.mp3","\\SyNAS\Records\Audio\Time_Sort\2021","58409794","55.70 MB","2021-03-07T13:27:29+00:00","2021-03-07T13:28:22+00:00"
"rec_c495f396bbc8bbcb2aeba91948ec6b53146399dd","2022-10-07_19h23m36_Voix 086 crise autorités.m4a","\\SyNAS\Records\2022-July-Dec","1684434","1.61 MB","2022-10-07T19:23:00+00:00","2022-10-07T17:23:36+00:00"
"rec_785cefb49ca92a980e48890047d1cd51b93b2026","2020-05-09_20h17m04_Voix 016_sd.m4a","\\SyNAS\Records\Audio\Time_Sort\2020","85667","83.66 KB","2020-05-09T20:17:00+00:00","2020-05-09T18:17:04+00:00"
"rec_755ddc0626c29a7003832b0bf7f4c04abc388419","Audio recording 2020-06-21 20-48-07.aac","\\SyNAS\Records\Audio\Time_Sort\2020","33793847","32.23 MB","2020-06-21T00:00:00+00:00","2020-06-21T19:05:34+00:00"
"rec_2312a3a08e4ab61d0ad1e30790f6faf5200baadf","Audio recording 2020-06-27 07-07-15.aac","\\SyNAS\Records\2020","31821203","30.35 MB","2020-06-27T00:00:00+00:00","2020-06-27T05:23:40+00:00"
"rec_7e7784685f9041ee58799d8abec136362635e139","2021_03_06_20_49_48.mp3","\\SyNAS\Records\Audio\Time_Sort\2021","17548015","16.74 MB","2021-03-06T20:49:48+00:00","2021-03-06T20:08:05+00:00"
"rec_205a16e5dbd4199fa3db35c28b98598d4735e08f","2021_04_07_11_56_11.mp3","\\SyNAS\Records\Audio\Time_Sort\2021","137020394","130.67 MB","2021-04-07T11:56:11+00:00","2021-04-07T12:18:56+00:00"
"rec_5b99f5df7c25d61f31514f81ab57bb8f04c81ce1","2021_05_07_21_12_38 kohl hanta.mp3","\\SyNAS\Records\2021","136943071","130.60 MB","2021-05-07T21:12:38+00:00","2021-05-07T21:35:17+00:00"
"rec_d094a3cde5dd63347bac84f770c6d70036acef03","2020_12_24_19_06_59 reveillon .mp3","\\SyNAS\Records\2020","43825109","41.79 MB","2020-12-24T19:06:59+00:00","2020-12-24T18:52:38+00:00"
"rec_90ecfacb261c094640505c4319422abb3b95ee1c","2020-05-09_13h47m50_Voix 011_sd.m4a","\\SyNAS\Records\Audio\Time_Sort\2020","39806960","37.96 MB","2020-05-09T13:47:00+00:00","2020-05-09T11:47:50+00:00"
"rec_c0b128555d4f460ee99581edeced89a5064e774b","2022-08-23_21h00m42_Voix 064 soir manipulation.m4a","\\SyNAS\Records\2022-July-Dec","46048569","43.92 MB","2022-08-23T21:00:00+00:00","2022-08-23T19:00:42+00:00"
"rec_120e05cebe15947783bd6fc2b3a8fd04e53e71d1","2021_01_16_15_28_46.mp3","\\SyNAS\Records\2021","19785768","18.87 MB","2021-01-16T15:28:46+00:00","2021-01-16T14:49:23+00:00"
"rec_367580d77e7c6c0c706311f0d19f734caf2eb99f","2021_05_05_18_35_41.mp3","\\SyNAS\Records\2021","2184671","2.08 MB","2021-05-05T18:35:41+00:00","2021-05-05T16:37:58+00:00"
"rec_0201c5210c83b459a1e86fead9bdc06c2a856ec3","Audio recording 2020-10-13 23-07-36.aac","\\SyNAS\Records\2020","11332400","10.81 MB","2020-10-13T00:00:00+00:00","2020-10-13T21:13:28+00:00"
"rec_1c74d63133fbab374826f80e03a5ee81cd89a9a8","2020_08_22_21_01_36 soiree.mp3","\\SyNAS\Records\2020","84233821","80.33 MB","2020-08-22T21:01:36+00:00","2020-08-22T20:29:21+00:00"
"rec_7ca200f4390b4957d01b720ec116378df05ec898","Audio recording 2020-09-16 21-41-30.aac","\\SyNAS\Records\2020","26982122","25.73 MB","2020-09-16T00:00:00+00:00","2020-09-16T19:55:24+00:00"
"rec_cd13c72ee6f4453c8a1128773c00138170f89f91","2021_07_12_22_35_00 histoire.mp3","\\SyNAS\Records\2021","25814412","24.62 MB","2021-07-12T22:35:00+00:00","2021-07-12T21:01:53+00:00"
"rec_45af676ccab45e2d12ea6ccf0e264086766f2b4a","2021_03_19_12_29_59 lunch with Kat.mp3","\\SyNAS\Records\Audio\Time_Sort\2021","37904299","36.15 MB","2021-03-19T12:29:59+00:00","2021-03-19T12:09:28+00:00"
"rec_a867750706b542d558a06034a2ed36b2ba658cf6","2024-06-20_13h30m18_Voix 005.m4a","\\SyNAS\Records\2024-notag","21883839","20.87 MB","2024-06-20T13:30:00+00:00","2024-06-20T11:30:18+00:00"
"rec_a30b9f6fd16a627e2b7316493643d5ca5df8c1bf","2022-11-28_02h18m13_Voix 103 travail fin week-end.m4a","\\SyNAS\Records\2022-July-Dec","399759582","381.24 MB","2022-11-28T02:18:00+00:00","2022-11-28T01:18:13+00:00"
"rec_e9a235c88801b03ad88425494de220836a72aa17","2021_05_17_08_03_28 encouragement pour l ecole.mp3","\\SyNAS\Records\2021","808750","789.79 KB","2021-05-17T08:03:28+00:00","2021-05-17T06:04:19+00:00"
"rec_052d1d2977f85421a1aa0038ad440e1f9e9a9151","2021_02_22_12_58_41KtA midi batik indonesian.mp3","\\SyNAS\Records\2021","70212934","66.96 MB","2021-02-22T12:58:41+00:00","2021-02-22T13:13:02+00:00"
"rec_bf060250ea85cbd6a8b1c2a3e558685bd204074b","2021_07_04_19_42_30 birds.mp3","\\SyNAS\Records\2021","163421","159.59 KB","2021-07-04T19:42:30+00:00","2021-07-04T17:42:40+00:00"
"rec_3a260cf8d56c3c2f9dcd98e0b2ec448f89d8227a","2022-08-03_00h01m24_Voix 020 KTA elle justifie l abandon du chien.m4a","\\SyNAS\Records\2022-July-Dec","6339392","6.05 MB","2022-08-03T00:01:00+00:00","2022-08-02T22:01:24+00:00"
"rec_2c4013c27903294ee1aee05d1558a08d93d40b96","2020-03-27_14h32m38_Recording (12)_Dinda.m4a","\\SyNAS\Records\WebStorage\DD","61252024","58.41 MB","2020-03-27T14:32:00+00:00","2020-04-05T23:24:06+00:00"
"rec_a2c7d8e659114e566c5616edb158336f92bc811b","Audio recording 2020-06-02 12-00-09 lunch.aac","\\SyNAS\Records\2020","55487916","52.92 MB","2020-06-02T00:00:00+00:00","2020-06-02T10:32:12+00:00"
"rec_7fa7fce2bb5adf28acdc37c8ffd0e588f64b0270","2020_12_03_21_50_30 reaction 2.mp3","\\SyNAS\Records\2020","10223280","9.75 MB","2020-12-03T21:50:30+00:00","2020-12-03T21:01:10+00:00"
"rec_78266d43c77f9261ecfc99fc45d0d1ff2dc0dfdc","2022-10-09_23h20m09_Voix 088 menace et coups sur épaule.m4a","\\SyNAS\Records\2022-July-Dec","6970945","6.65 MB","2022-10-09T23:20:00+00:00","2022-10-09T21:20:09+00:00"
"rec_6f0a272dcba329382e017169eb8441506d3c3a3e","2024-03-20_20h13m21_Voix 027 alois mise au point.m4a","\\SyNAS\Records\2024","25558711","24.37 MB","2024-03-20T20:13:00+00:00","2024-03-20T19:13:21+00:00"
"rec_662742901202734f5b4c954991134bb5f20bea4b","2023-07-25_11h25m22_Voix 006 dd lesson.m4a","\\SyNAS\Records\2023","149961512","143.01 MB","2023-07-25T11:25:00+00:00","2023-07-25T09:25:22+00:00"
"rec_16e6d65a0d1731b1f574c9b53e5ea0e8eacac018","2023-06-04_21h24m05_Voix 156 Ottenbach Alois explications.m4a","\\SyNAS\Records\2023","84517395","80.60 MB","2023-06-04T21:24:00+00:00","2023-06-04T19:24:05+00:00"
"rec_c0abf22bd48836e8998b6965951abdbe4ea9192f","2021_02_16_20_41_06.mp3","\\SyNAS\Records\2021","56179146","53.58 MB","2021-02-16T20:41:06+00:00","2021-02-16T20:39:38+00:00"
"rec_a5994c3079d4b98a918c9cef08d1ecf43e705bef","2020-05-19_20h06m00_Voix 040_sd nope.m4a","\\SyNAS\Records\2020","13755766","13.12 MB","2020-05-19T20:06:00+00:00","2020-05-19T18:06:00+00:00"
"rec_c71fb6ccc6b1f830c73da5b6be168b46a5cbc904","2021_03_17_19_25_45 repas movementé.mp3","\\SyNAS\Records\2021","68580793","65.40 MB","2021-03-17T19:25:45+00:00","2021-03-17T19:37:12+00:00"
"rec_96a6ed97dabdeda7b35a566b57fe7fade8f65248","2023-08-25_03h09m12_Voix 011 dd explication.m4a","\\SyNAS\Records\2023","355174102","338.72 MB","2023-08-25T03:09:00+00:00","2023-08-25T01:09:12+00:00"
"rec_c0d4acba6f06b45b1e1703ae8fc452e5c9bc803a","2021_03_21_21_09_05.mp3","\\SyNAS\Records\Audio\Time_Sort\2021","48023927","45.80 MB","2021-03-21T21:09:05+00:00","2021-03-21T20:59:07+00:00"
"rec_d3c621f276f2d71a04ba550d8ac3afe5082d0ac0","2020-06-01 21-02-53.aac","\\SyNAS\Records\WebStorage\2020","36367467","34.68 MB","2020-06-01T00:00:00+00:00","2020-07-06T22:24:15+00:00"
"rec_70deea3e33943cb7fa99e625872450fdb8a59656","2020_10_22_19_58_54 histoire.mp3","\\SyNAS\Records\Audio\2020-Unsorted","37431587","35.70 MB","2020-10-22T19:58:54+00:00","2020-10-22T18:37:54+00:00"
"rec_5cb221b13d20ef9c095e666f3b56100197994be5","2022-06-29_07h07m11_Voix 025 chien 2.m4a","\\SyNAS\Records\2022-July-Dec","22225935","21.20 MB","2022-06-29T07:07:00+00:00","2022-06-29T05:07:11+00:00"
"rec_8e796381c19d55f208550bdd6306c52ddbe09058","2020_08_07_22_58_05 histoire.mp3","\\SyNAS\Records\2020","188796759","180.05 MB","2020-08-07T22:58:05+00:00","2020-08-08T00:14:45+00:00"
"rec_020dd6f7da0f5d50e8817db059ffe2b247b4991a","2021_06_08_11_11_44 cat appel sa mere.mp3","\\SyNAS\Records\2021","13467479","12.84 MB","2021-06-08T11:11:44+00:00","2021-06-08T09:25:46+00:00"
"rec_318d08fced7fdfdd8e96bf31521c61dac5436443","2021_02_24_19_53_51 diner.mp3","\\SyNAS\Records\2021","84632136","80.71 MB","2021-02-24T19:53:51+00:00","2021-02-24T20:22:01+00:00"
"rec_5c5f0925fcc385f08410878e0eb4f91cc6dc3221","2020_11_16_12_02_42.mp3","\\SyNAS\Records\Audio\2020-Unsorted","42096848","40.15 MB","2020-11-16T12:02:42+00:00","2020-11-16T11:46:33+00:00"
"rec_a40cbf05cc1ded01e3066646872de88b38194811","2020_12_27_13_53_40.mp3","\\SyNAS\Records\Audio\Time_Sort\2020","50447254","48.11 MB","2020-12-27T13:53:40+00:00","2020-12-27T13:46:13+00:00"
"rec_c62d7662ea7910166e0e77fb93a5552181d14d7b","2022_04_24_20_38_06.mp3","\\SyNAS\Records\2022-Jan-July","123919881","118.18 MB","2022-04-24T20:38:06+00:00","2022-04-24T20:47:11+00:00"
"rec_a0bcfcb767789166312a159f3f18547c7e47c478","2021_03_02_20_33_54 hosyoore.mp3","\\SyNAS\Records\2021","18502216","17.65 MB","2021-03-02T20:33:54+00:00","2021-03-02T19:53:11+00:00"
"rec_0715dc73ff8b236015944fcfc31279facb459ccf","2024-07-10_08h32m58_Voix 012 dd morning discussion.m4a","\\SyNAS\Records\2024_DD_theater","90144074","85.97 MB","2024-07-10T08:32:00+00:00","2024-07-10T06:32:58+00:00"
"rec_f649c5f9de6d8e74feddc0745f4be1358f6d3ced","2021_07_22_22_05_14.mp3","\\SyNAS\Records\2021","23333406","22.25 MB","2021-07-22T22:05:14+00:00","2021-07-22T20:29:34+00:00"
"rec_82982e2b67345df258d7d6177bf60b4fd5a95719","Audio recording 2020-05-28 23-52-40.aac","\\SyNAS\Records\2020","9748311","9.30 MB","2020-05-28T00:00:00+00:00","2020-05-28T21:57:42+00:00"
"rec_92e019b16caef746b7ae18bc204f9771ca3a1d38","2021_03_26_20_43_45.mp3","\\SyNAS\Records\2021","3823907","3.65 MB","2021-03-26T20:43:45+00:00","2021-03-26T19:47:45+00:00"
"rec_1dd0a0769e7d292de6b2faec8cae483598af80e3","2024-04-06_22h30m09_Voix 027 battle thr voice.m4a","\\SyNAS\Records\2024","44600558","42.53 MB","2024-04-06T22:30:00+00:00","2024-04-06T20:30:09+00:00"
"rec_16f8e9782fc3b94e0a6f9aeada49eb9fc3a40b6a","2021_05_08_21_27_11 soiree voice.mp3","\\SyNAS\Records\2021","57839280","55.16 MB","2021-05-08T21:27:11+00:00","2021-05-08T20:27:27+00:00"
"rec_2381fc939646cc50dfd3037f0547120bcfcfe598","2023-08-03_21h50m11_Voix 009 alois.m4a","\\SyNAS\Records\2023","2745686","2.62 MB","2023-08-03T21:50:00+00:00","2023-08-03T19:50:11+00:00"
"rec_21dba378623fcf4d2fd517370c218150c6c3bc85","2021_03_11_15_31_59 alois chante rap.mp3","\\SyNAS\Records\Audio\Time_Sort\2021","76017579","72.50 MB","2021-03-11T15:31:59+00:00","2021-03-11T15:51:11+00:00"
"rec_90aa8d3a870cc9f3858e17fde8209213f6f154d3","Audio recording 2020-10-07 09-44-00 caporal chef au matin.aac","\\SyNAS\Records\2020","19614378","18.71 MB","2020-10-07T00:00:00+00:00","2020-10-07T07:54:08+00:00"
"rec_606c13c3a9f9120afcb2fbb724504e572094f8bc","rec_20190819-2059.wav","\\SyNAS\Records\Audio\Time_Sort\2019","6604460","6.30 MB","","2019-08-19T18:59:32+00:00"
"rec_28477bde646dacb150c5184bbb2b34b630b8be07","2024-08-04_14h46m10_Voix 018.m4a","\\SyNAS\Records\2024-notag","38152652","36.39 MB","2024-08-04T14:46:00+00:00","2024-08-04T12:46:10+00:00"
"rec_57b33d95cde3f3ce6f1998635f0b766c53353266","2022-10-14_12h48m08_Voix 089 banker.m4a","\\SyNAS\Records\2022-July-Dec","98805160","94.23 MB","2022-10-14T12:48:00+00:00","2022-10-14T10:48:08+00:00"
"rec_ffb53cac44086fda23e636472d63fddcfa3fa99a","2022-09-11_15h17m24_Voix 071.m4a","\\SyNAS\Records\2022-July-Dec","23029466","21.96 MB","2022-09-11T15:17:00+00:00","2022-09-11T13:17:24+00:00"
"rec_e5ee4390ebf6b1d8f36f6897f1be4306c0ba6b88","2022-08-20_22h38m30_Voix 059.m4a","\\SyNAS\Records\2022-July-Dec","123445072","117.73 MB","2022-08-20T22:38:00+00:00","2022-08-20T20:38:30+00:00"
"rec_3ec59740e615b67c5bf20abd1f29354150cba0e7","2021_01_16_22_58_03.mp3","\\SyNAS\Records\2021","687959","671.83 KB","2021-01-16T22:58:03+00:00","2021-01-16T21:58:47+00:00"
"rec_15e515b058eab5bf5dd7875a925aa8427ffea012","Audio recording 2020-05-27 19-00-33.wav","\\SyNAS\Records\2020","444877316","424.27 MB","2020-05-27T00:00:00+00:00","2020-05-27T18:24:11+00:00"
"rec_355ace4f4a5a460d00dc0e245e3aa88a11f15429","Audio recording 2020-11-22 12-33-49.aac","\\SyNAS\Records\Audio\Time_Sort\2020","27707271","26.42 MB","2020-11-22T00:00:00+00:00","2020-11-22T11:48:14+00:00"
"rec_318eeff0611b05dc14f31afd73dd7b0b4d3dfff8","2021_01_15_11_49_52.mp3","\\SyNAS\Records\2021","91877876","87.62 MB","2021-01-15T11:49:52+00:00","2021-01-15T12:25:34+00:00"
"rec_4811c799972fdf4dbcf6afa96b72eac8ec8045a2","2022-10-19_19h13m50_Voix 090.m4a","\\SyNAS\Records\2022-July-Dec","5115732","4.88 MB","2022-10-19T19:13:00+00:00","2022-10-19T17:13:50+00:00"
"rec_3b439f08f18509c8750d317828ad3c569f351a36","Audio recording 2020-11-15 21-09-17.aac","\\SyNAS\Records\2020","50256466","47.93 MB","2020-11-15T00:00:00+00:00","2020-11-15T20:35:12+00:00"
"rec_ed93caccbd938fb24a6fe1c73be623aaeec305e7","2020_12_22_13_27_47 lettre finalisation.mp3","\\SyNAS\Records\2020","2959150","2.82 MB","2020-12-22T13:27:47+00:00","2020-12-22T12:30:53+00:00"
"rec_4427c3fa7c0a1f296dfd8af12a37bb21c2c0aaad","rec_20190818-2309.wav","\\SyNAS\Records\2019","7549964","7.20 MB","","2019-08-18T22:09:52+00:00"
"rec_6360e9cd4aa93faf04a41734bdc161d332943473","2023-12-06_03h27m18_Voix 016 dd evening.m4a","\\SyNAS\Records\2023","307501131","293.26 MB","2023-12-06T03:27:00+00:00","2023-12-06T02:27:18+00:00"
"rec_625c23ebb184fa512ded9b53b900932fe3f4c246","2021_06_16_22_17_10.mp3","\\SyNAS\Records\2021","52873925","50.42 MB","2021-06-16T22:17:10+00:00","2021-06-16T21:12:15+00:00"
"rec_5db3f2addced9373ff8cf539456c306bdad9e160","2021_04_24_14_42_40.mp3","\\SyNAS\Records\2021","44185390","42.14 MB","2021-04-24T14:42:40+00:00","2021-04-24T13:28:44+00:00"
"rec_8b6401760a39fcf3de6e73458577996c53ca5064","2021_04_09_13_11_24.mp3","\\SyNAS\Records\2021","78917798","75.26 MB","2021-04-09T13:11:24+00:00","2021-04-09T12:33:39+00:00"
"rec_0533a8a66b3092b63043caf1496f1de9b07b6dd9","2021_04_27_20_21_43.mp3","\\SyNAS\Records\2021","348236485","332.10 MB","2021-04-27T20:21:43+00:00","2021-04-28T00:24:28+00:00"
"rec_2d0a600c3aefc91c08feb68cf014de4d450302da","2022-11-24_07h22m57_Voix 100.m4a","\\SyNAS\Records\2022-July-Dec","5425291","5.17 MB","2022-11-24T07:22:00+00:00","2022-11-24T06:22:57+00:00"
"rec_b643237c38380988433c52e2b87911f1829d77e8","2020_12_31_23_42_14.mp3","\\SyNAS\Records\Audio\Time_Sort\2020","66058026","63.00 MB","2020-12-31T23:42:14+00:00","2020-12-31T23:51:09+00:00"
"rec_32ac113f5d6f242d0594b120d1218987f67e99c5","2024-08-25_22h03m58_Voix 020.m4a","\\SyNAS\Records\2024-notag","578282","564.73 KB","2024-08-25T22:03:00+00:00","2024-08-25T20:03:58+00:00"
"rec_dd36ca49ade01175a7a766f08d4af44aeba800d0","2021_01_06_16_05_00 demande ordinateur.mp3","\\SyNAS\Records\2021","4712070","4.49 MB","2021-01-06T16:05:00+00:00","2021-01-06T15:09:55+00:00"
"rec_784dde569a4e7bb586d26bc0aed4406301931908","2021_03_24_21_34_49 histoire de singe.mp3","\\SyNAS\Records\Audio\Time_Sort\2021","27012701","25.76 MB","2021-03-24T21:34:49+00:00","2021-03-24T21:02:58+00:00"
"rec_3c0ec71acea142d80b8ec36f29a5ad0803be1ae0","Audio recording 2020-06-29 22-55-36.aac","\\SyNAS\Records\Audio\Time_Sort\2020","165588386","157.92 MB","2020-06-29T00:00:00+00:00","2020-06-29T22:21:04+00:00"
"rec_aa02bf1864ed7097fba500c1554b878886105330","2021_01_17_14_39_46 TA travailleur social.mp3","\\SyNAS\Records\2021","134632593","128.40 MB","2021-01-17T14:39:46+00:00","2021-01-17T16:00:00+00:00"
"rec_183cf577d6c39ea57e981f397915a35c3309814b","2021_02_03_07_19_04.mp3","\\SyNAS\Records\2021","1894190","1.81 MB","2021-02-03T07:19:04+00:00","2021-02-03T06:21:02+00:00"
"rec_94e0241e41d2a0bf86c482eac49fc99e0510570b","2022-06-25_12h20m08_Voix 018.m4a","\\SyNAS\Records\2022-July-Dec","3685563","3.51 MB","2022-06-25T12:20:00+00:00","2022-06-25T10:20:08+00:00"
"rec_14636d225c81be1fd2b3f11aba0485906eb55952","2021_06_20_08_52_31.mp3","\\SyNAS\Records\2021","8466180","8.07 MB","2021-06-20T08:52:31+00:00","2021-06-20T07:01:20+00:00"
"rec_8b6d46f2a52c8a3047d127aefa9cc3edf119520d","2021_05_15_22_31_27.mp3","\\SyNAS\Records\2021","8424802","8.03 MB","2021-05-15T22:31:27+00:00","2021-05-15T20:40:13+00:00"
"rec_65b9fa9665449aa4591218dc6b5a26008549422d","2021_04_13_07_04_23 petit dej.mp3","\\SyNAS\Records\2021","19945847","19.02 MB","2021-04-13T07:04:23+00:00","2021-04-13T05:25:10+00:00"
"rec_7202621a6ba2ef1ebff85f4577458c2c2e3d7bbb","2021_08_11_21_47_51 martin luther king.mp3","\\SyNAS\Records\2021","39021086","37.21 MB","2021-08-11T21:47:51+00:00","2021-08-11T20:28:30+00:00"
"rec_8789ba68f3a6a90b5a74041cdccfb93731774616","2021_02_17_09_48_56.mp3","\\SyNAS\Records\Audio\Time_Sort\2021","42416586","40.45 MB","2021-02-17T09:48:56+00:00","2021-02-17T09:33:07+00:00"
"rec_3780ba51eae54f1706fe807b71965167338c63e9","2022_04_28_09_56_31.mp3","\\SyNAS\Records\2022-Jan-July","134584110","128.35 MB","2022-04-28T09:56:31+00:00","2022-04-28T10:16:42+00:00"
"rec_e1cdd6f54ad16ed5603e90eab9f9e0a4c196461f","2023-12-25_17h40m45_Voix 022 voyage chez laureline.m4a","\\SyNAS\Records\2023","49398212","47.11 MB","2023-12-25T17:40:00+00:00","2023-12-25T16:40:45+00:00"
"rec_d2d1eff896d20901347578b12f31059ba2f44a4a","2021_05_22_17_47_32.mp3","\\SyNAS\Records\2021","3446908","3.29 MB","2021-05-22T17:47:32+00:00","2021-05-22T15:51:07+00:00"
"rec_482b07af0822f8701efb2e2f7bef5ae66cd65aa8","2022-06-26_22h01m00_Voix 022 abissini fromage.m4a","\\SyNAS\Records\2022-July-Dec","7272903","6.94 MB","2022-06-26T22:01:00+00:00","2022-06-26T20:01:00+00:00"
"rec_1ebb5ddc3b890fc1258399d12d4739ed6ef85d1a","2021_05_08_07_20_48.mp3","\\SyNAS\Records\2021","10705605","10.21 MB","2021-05-08T07:20:48+00:00","2021-05-08T05:31:57+00:00"
"rec_1b90336800c04996e7d3257ccd97ac2c95a284dd","2021_01_09_21_48_44 Alois lecture.mp3","\\SyNAS\Records\2021","34580270","32.98 MB","2021-01-09T21:48:44+00:00","2021-01-09T21:24:45+00:00"
"rec_79aa393d7d2a70d735924849e3f2468dbd51e4f2","Audio recording 2020-12-11 18-26-51.aac","\\SyNAS\Records\Audio\Time_Sort\2020","340066770","324.31 MB","2020-12-11T00:00:00+00:00","2020-12-11T20:36:44+00:00"
"rec_0d260c070c0327b86b6ffe5cf485ec0aed84173c","2022_04_19_14_12_45.mp3","\\SyNAS\Records\2022-Jan-July","2486856","2.37 MB","2022-04-19T14:12:45+00:00","2022-04-19T12:15:21+00:00"
"rec_bda807ca13b8d2096163d7fefdcfbaab8c0458c4","2021_04_21_12_50_04 lunch.mp3","\\SyNAS\Records\Audio\Time_Sort\2021","23226826","22.15 MB","2021-04-21T12:50:04+00:00","2021-04-21T11:14:16+00:00"
"rec_54e321381db810eb56939ef0a568ad90e11c4a8f","2021_02_09_15_17_31 je suis au dessus de toi.mp3","\\SyNAS\Records\2021","75231816","71.75 MB","2021-02-09T15:17:31+00:00","2021-02-09T15:35:54+00:00"
"rec_decde000511a7e4e7c11620e3e67132c0ae3bd3f","2020_09_10_17_38_43 soir.mp3","\\SyNAS\Records\Audio\2020-Unsorted","314029452","299.48 MB","2020-09-10T17:38:43+00:00","2020-09-10T21:05:52+00:00"
"rec_b5e554555c9fb160200280c5af7fddb50b15225e","2021_02_27_20_50_20.mp3","\\SyNAS\Records\Audio\Time_Sort\2021","212825158","202.97 MB","2021-02-27T20:50:20+00:00","2021-02-27T23:32:06+00:00"
"rec_17e8f66ee818292cdf786c4d9566638420b91348","2021_04_22_12_00_30.mp3","\\SyNAS\Records\Audio\Time_Sort\2021","41383391","39.47 MB","2021-04-22T12:00:30+00:00","2021-04-22T10:43:36+00:00"
"rec_88c81d937f5f674a3ddb80b9f4dcab96317afbaf","2021_03_11_21_04_59 histoire.mp3","\\SyNAS\Records\Audio\Time_Sort\2021","39052433","37.24 MB","2021-03-11T21:04:59+00:00","2021-03-11T20:45:40+00:00"
"rec_7ce29299b151bfc6692373d5be2f3a989194a8ce","2020_09_04_22_39_25.mp3","\\SyNAS\Records\2020","14473925","13.80 MB","2020-09-04T22:39:25+00:00","2020-09-04T20:54:30+00:00"
"rec_4ec0204a61166d4529bdd35d21d40a4bce525698","2024-10-09_00h21m27_Voix 026 soirée mouvementée avec Aloïs.m4a","\\SyNAS\Records\2024","224931480","214.51 MB","2024-10-09T00:21:00+00:00","2024-10-08T22:21:27+00:00"
"rec_4b9a3ee7f932e3dd070ca5e1a7a1e90734c9f06e","2020_11_07_21_00_58 pipi.mp3","\\SyNAS\Records\Audio\2020-Unsorted","4482193","4.27 MB","2020-11-07T21:00:58+00:00","2020-11-07T20:05:39+00:00"
"rec_ac033fdfc8c776c9ebcedcbbea304be60b1897e5","2021_04_05_14_13_19.mp3","\\SyNAS\Records\Audio\Time_Sort\2021","14579669","13.90 MB","2021-04-05T14:13:19+00:00","2021-04-05T12:28:30+00:00"
"rec_62d17eafe517427336f62ff19a14e46baafd31f1","2021_04_04_19_47_05 reste a ta place.mp3","\\SyNAS\Records\Audio\Time_Sort\2021","1683956","1.61 MB","2021-04-04T19:47:05+00:00","2021-04-04T17:48:50+00:00"
"rec_ae92f29c1e7228411f0a8840eb2a0147af2ee65f","2020_08_23_14_26_39 fight sunday.mp3","\\SyNAS\Records\2020","122579068","116.90 MB","2020-08-23T14:26:39+00:00","2020-08-23T14:34:20+00:00"
"rec_79c60a5cf3216aedf3564845ce6f8e14c1cb3573","2019-10-15_23h48m16_Puler.m4a","\\SyNAS\Records\2019","92101","89.94 KB","2019-10-15T23:48:00+00:00","2019-10-15T21:48:16+00:00"
"rec_c64193d6ed031ca2ee2d6c8e877104a8c83fa026","2021_07_03_20_09_36 sadisme soiree.mp3","\\SyNAS\Records\2021","64867682","61.86 MB","2021-07-03T20:09:36+00:00","2021-07-03T19:17:10+00:00"
"rec_b3f98046d6676d3d9e6ab6ee081a197b7041fd0e","2023-02-17_17h00m08_Voix 135 Yahama B1.m4a","\\SyNAS\Records\2023","492005","480.47 KB","2023-02-17T17:00:00+00:00","2023-02-17T16:00:08+00:00"
"rec_6011170fa81bb2e49d4a7cdc68039c84c7864f15","2020_08_06_17_09_15.mp3","\\SyNAS\Records\Audio\Time_Sort\2020","250123910","238.54 MB","2020-08-06T17:09:15+00:00","2020-08-06T19:29:48+00:00"
"rec_e3ecb354a8ae493404e67f2703cd858a0969f9af","2021_06_10_21_17_06 bizare langue.mp3","\\SyNAS\Records\2021","1690643","1.61 MB","2021-06-10T21:17:06+00:00","2021-06-10T19:18:52+00:00"
"rec_b3b98efd74c2d61a68d85d962acccfc3ed716c39","2021_01_04_20_15_11.mp3","\\SyNAS\Records\Audio\Time_Sort\2021","41459460","39.54 MB","2021-01-04T20:15:11+00:00","2021-01-04T19:58:23+00:00"
"rec_0d9e00faa80b1805ea15883d90cc25c0aa418527","Audio recording 2020-11-22 20-14-12.aac","\\SyNAS\Records\Audio\Time_Sort\2020","9601340","9.16 MB","2020-11-22T00:00:00+00:00","2020-11-22T19:19:10+00:00"
"rec_ba60d85d00e45bf6565be0974e418497a581f47e","2021_02_09_16_36_20.mp3","\\SyNAS\Records\Audio\Time_Sort\2021","50283414","47.95 MB","2021-02-09T16:36:20+00:00","2021-02-09T16:28:48+00:00"
"rec_02c49589b7925d4cd04d3c77478571b88135d54c","Audio recording 2020-07-11 11-30-24.wav","\\SyNAS\Records\Audio\Time_Sort\2020","297258740","283.49 MB","2020-07-11T00:00:00+00:00","2020-07-11T09:58:26+00:00"
"rec_91db550a1eceee5ecdd6253a3a4450b2e60538f3","2020_09_02_12_38_38 midi.mp3","\\SyNAS\Records\Audio\Time_Sort\2020","44841586","42.76 MB","2020-09-02T12:38:38+00:00","2020-09-02T11:25:21+00:00"
"rec_f10fb8a6e3fffffc508cd442f677369040c7b291","Audio recording 2020-06-24 19-17-56.aac","\\SyNAS\Records\Audio\Time_Sort\2020","25385857","24.21 MB","2020-06-24T00:00:00+00:00","2020-06-24T17:31:02+00:00"
"rec_f9b43b1b9f2d6bcba76fe6251167357a5cbd874c","Audio recording 2020-08-29 21-01-29.wav","\\SyNAS\Records\2020","123102548","117.40 MB","2020-08-29T00:00:00+00:00","2020-08-29T19:13:08+00:00"
"rec_5ccea80ef7d95f5be048e417bd1a3080f4537062","2021_04_04_16_25_04.mp3","\\SyNAS\Records\Audio\Time_Sort\2021","51732061","49.34 MB","2021-04-04T16:25:04+00:00","2021-04-04T15:18:58+00:00"
"rec_69e1f24276c6987562647b6201374ddc90afa6b9","2020_12_31_14_47_37.mp3","\\SyNAS\Records\2020","19939159","19.02 MB","2020-12-31T14:47:37+00:00","2020-12-31T14:08:23+00:00"
"rec_ee599874ed728ae691faddeacdb5489b1711d11a","2020_08_23_19_18_04 soir.mp3","\\SyNAS\Records\2020","97105292","92.61 MB","2020-08-23T19:18:04+00:00","2020-08-23T18:59:14+00:00"
"rec_5dcd8af2c2f7325588fdf17bcf018a3eb0d54f03","2021_07_07_21_44_09.mp3","\\SyNAS\Records\2021","32684825","31.17 MB","2021-07-07T21:44:09+00:00","2021-07-07T20:18:13+00:00"
"rec_c5ff0133216fc545dd1e3551162f86b16ec87269","2022-07-17_10h58m02_Voix 042 HistoireTriste.m4a","\\SyNAS\Records\2022-July-Dec","1701192","1.62 MB","2022-07-17T10:58:00+00:00","2022-07-17T08:58:02+00:00"
"rec_13ffcdfaaa8d056700f11f0101701ffdd29a0e8c","2020-03-27_13h36m40_Recording (11)_Dinda.m4a","\\SyNAS\Records\Rec\DD","3414649","3.26 MB","2020-03-27T13:36:00+00:00","2020-04-05T23:24:06+00:00"
"rec_ccd57f92dd2a3014bdf20de688b9e85705945454","2021_02_02_16_33_27.mp3","\\SyNAS\Records\Audio\Time_Sort\2021","15123016","14.42 MB","2021-02-02T16:33:27+00:00","2021-02-02T15:49:12+00:00"
"rec_03f2dbe46d3eeb3a0424677125d8c92a335a71cf","2021_11_01_12_11_51.mp3","\\SyNAS\Records\2021","223041827","212.71 MB","2021-11-01T12:11:51+00:00","2021-11-01T15:04:15+00:00"
"rec_2b7bfb3a2a56d216d3eb048c9870eb962e56d53f","2021_01_18_12_35_04.mp3","\\SyNAS\Records\Audio\Time_Sort\2021","418376","408.57 KB","2021-01-18T12:35:04+00:00","2021-01-18T11:35:30+00:00"
"rec_4f6eed52ef29cea52f245833341360d8f9c65b49","2021_01_15_14_55_51 DD rjdjd.mp3","\\SyNAS\Records\Audio\Time_Sort\2021","88173481","84.09 MB","2021-01-15T14:55:51+00:00","2021-01-15T15:30:48+00:00"
"rec_21ceee5328c17cd74fa4bc76d8f915a06ad08ed9","2023-12-06_03h27m00_Voix 016 dd evening.m4a","\\SyNAS\Records\2023","307501131","293.26 MB","2023-12-06T03:27:00+00:00","2023-12-06T02:27:00+00:00"
"rec_d4223c633145f981affe7b80daf3030792e69b81","2021_04_18_19_22_37 rentre comme une furie dans ma chambre.mp3","\\SyNAS\Records\Audio\Time_Sort\2021","773641","755.51 KB","2021-04-18T19:22:37+00:00","2021-04-18T17:23:25+00:00"
"rec_daacb030f38a5abd9b94fecd04daeae8867563c5","2020_08_07_22_47_11 le meunier.mp3","\\SyNAS\Records\Audio\Time_Sort\2020","8954774","8.54 MB","2020-08-07T22:47:11+00:00","2020-08-07T20:56:31+00:00"
"rec_0efe23792a7c31037d8ccba83b3585329a6b5da1","Audio recording 2020-08-17 20-50-47.wav","\\SyNAS\Records\2020","21277412","20.29 MB","2020-08-17T00:00:00+00:00","2020-08-17T18:52:48+00:00"
"rec_be767809924e2e66ecc9ebfcfe5df8202a79c204","Audio recording 2020-09-03 21-04-25.wav","\\SyNAS\Records\2020","149163884","142.25 MB","2020-09-03T00:00:00+00:00","2020-09-03T19:18:32+00:00"
"rec_5e86abad4ba440195b3cde79299a000eb0a97a96","2021_02_04_19_11_35.mp3","\\SyNAS\Records\2021","114538787","109.23 MB","2021-02-04T19:11:35+00:00","2021-02-04T20:10:54+00:00"
"rec_4e3f9ff52a5db1e0a32c744a81d652c43dbb863c","2021_04_21_20_14_05.mp3","\\SyNAS\Records\Audio\Time_Sort\2021","4318353","4.12 MB","2021-04-21T20:14:05+00:00","2021-04-21T18:18:35+00:00"
"rec_cea5fa60150c159facbf023eb017e7f2dba23387","2021_04_02_19_44_17.mp3","\\SyNAS\Records\Audio\Time_Sort\2021","85016658","81.08 MB","2021-04-02T19:44:17+00:00","2021-04-02T19:12:50+00:00"
"rec_3613572cc34950355d5f5db390f3c0ed9ab21d37","2021_02_01_13_07_19 tout le mal.mp3","\\SyNAS\Records\2021","8857390","8.45 MB","2021-02-01T13:07:19+00:00","2021-02-01T12:16:33+00:00"
"rec_3775fe52da9bb8d7054d1a9f4ffb83a06e810d3f","2020_09_02_21_23_01.mp3","\\SyNAS\Records\2020","4797577","4.58 MB","2020-09-02T21:23:01+00:00","2020-09-02T19:28:02+00:00"
"rec_5b41855c7c63455d1c0a74fe32050b535c7ab73b","2021_03_25_18_13_16 folie lui prend.mp3","\\SyNAS\Records\Audio\Time_Sort\2021","71067688","67.78 MB","2021-03-25T18:13:16+00:00","2021-03-25T18:27:18+00:00"
"rec_3f0cc4aa3295035cc8f003b16c3c929412fa363f","2021_09_26_18_44_49.mp3","\\SyNAS\Records\2021","7872259","7.51 MB","2021-09-26T18:44:49+00:00","2021-09-26T16:53:53+00:00"
"rec_bb50230eaf0151741a2322720126133d2e2422fc","Audio recording 2020-12-11 18-26-51.aac","\\SyNAS\Records\2020","340066770","324.31 MB","2020-12-11T00:00:00+00:00","2020-12-11T20:36:44+00:00"
"rec_1f17a1301b248b8714429c582c8ef0956049c991","2023-07-30_15h48m46_Voix 007 atm debat fin.m4a","\\SyNAS\Records\2023","19880585","18.96 MB","2023-07-30T15:48:00+00:00","2023-07-30T13:48:46+00:00"
"rec_9642c820bc412c243abb3c030e5ab1c4a13e6d0f","2021_04_22_21_28_18.mp3","\\SyNAS\Records\Audio\Time_Sort\2021","270330488","257.81 MB","2021-04-22T21:28:18+00:00","2021-04-23T00:09:54+00:00"
"rec_22f1545911cbd62e6de3c88e524256036b5dee28","2021_01_06_13_29_16.mp3","\\SyNAS\Records\Audio\Time_Sort\2021","8008514","7.64 MB","2021-01-06T13:29:16+00:00","2021-01-06T12:37:36+00:00"
"rec_f0a052e1559174d177fc3aab9a85159f620f4003","2022-11-07_02h28m31_Voix 096 discussion avec mère sur l'affaire judici.m4a","\\SyNAS\Records\2022-July-Dec","298988097","285.14 MB","2022-11-07T02:28:00+00:00","2022-11-07T01:28:31+00:00"
"rec_54df802fb17a19bb9ea00601a5080ddbc7431636","2021_03_18_16_29_35 soiree.mp3","\\SyNAS\Records\Audio\Time_Sort\2021","329566666","314.30 MB","2021-03-18T16:29:35+00:00","2021-03-18T21:12:53+00:00"
"rec_e69d3f60ed856e948c8c2f5fb3f17a6a92348d6b","2021_04_05_19_03_20.mp3","\\SyNAS\Records\2021","8249259","7.87 MB","2021-04-05T19:03:20+00:00","2021-04-05T17:11:56+00:00"
"rec_3721fb1e667a2b7e78d536c3e3ec3e19ac2e426c","2021_05_06_20_45_45 histoire.mp3","\\SyNAS\Records\2021","7459316","7.11 MB","2021-05-06T20:45:45+00:00","2021-05-06T18:53:31+00:00"
"rec_eb6037cc84a92232f7fbd06b669180a46256f7fc","2021_02_19_12_54_27 depart ski.mp3","\\SyNAS\Records\2021","7280920","6.94 MB","2021-02-19T12:54:27+00:00","2021-02-19T12:02:37+00:00"
"rec_0d2e871c1788f782a3076f451bed698b1a00d510","2022-11-20_15h03m07_Voix 100 menace au sujet de ma plainte.m4a","\\SyNAS\Records\2022-July-Dec","23358837","22.28 MB","2022-11-20T15:03:00+00:00","2022-11-20T14:03:07+00:00"
"rec_01e856969da3c26e0fe0d6c84321df71a3708da2","2020_10_15_21_36_43 lecture.mp3","\\SyNAS\Records\Audio\2020-Unsorted","2493961","2.38 MB","2020-10-15T21:36:43+00:00","2020-10-15T19:39:19+00:00"
"rec_e138bdaa6a911c0d23f22869ba88cad77ded4643","2021_04_27_20_19_02.mp3","\\SyNAS\Records\Audio\Time_Sort\2021","1496710","1.43 MB","2021-04-27T20:19:02+00:00","2021-04-27T18:20:36+00:00"
"rec_e6620e8658e145e8c927694c93363cf5d90b19c3","2020_12_23_20_28_32 soiree.mp3","\\SyNAS\Records\2020","162372126","154.85 MB","2020-12-23T20:28:32+00:00","2020-12-23T22:17:41+00:00"
"rec_77920f7b17a64e2c0dde589bc2d31365b8fc9575","2021_05_31_21_33_04 alibaba.mp3","\\SyNAS\Records\2021","3265111","3.11 MB","2021-05-31T21:33:04+00:00","2021-05-31T19:36:39+00:00"
"rec_29b4fdafccd7bd952b508704b05cd92f6bc42dee","2022-07-01_21h38m34_Voix 029.m4a","\\SyNAS\Records\2022-July-Dec","7751777","7.39 MB","2022-07-01T21:38:00+00:00","2022-07-01T19:38:34+00:00"
"rec_26b49b20d1c45ade41cee5bc7846ddde03858e29","Audio recording 2020-07-02 20-45-20.aac","\\SyNAS\Records\Audio\Time_Sort\2020","619655","605.13 KB","2020-07-02T00:00:00+00:00","2020-07-02T18:45:40+00:00"
"rec_b4bda72bd603426f44543bb48a803101a1120170","2021_04_17_18_37_09.mp3","\\SyNAS\Records\Audio\Time_Sort\2021","5236191","4.99 MB","2021-04-17T18:37:09+00:00","2021-04-17T16:42:36+00:00"
"rec_0dba2da9e9e9be16842d11b753ecce5f4d4b8648","2023-01-30_12h59m18_Voix 124 kta midi chaussures.m4a","\\SyNAS\Records\2023","3004783","2.87 MB","2023-01-30T12:59:00+00:00","2023-01-30T11:59:18+00:00"
"rec_614157b3e143e839af7bc06ac73190e88041fbb6","2021_02_03_19_33_13.mp3","\\SyNAS\Records\Audio\Time_Sort\2021","126064430","120.22 MB","2021-02-03T19:33:13+00:00","2021-02-03T20:44:32+00:00"
"rec_3a199e70d240a4f609d64d0861b6a3af5937f684","2021_04_15_21_01_02.mp3","\\SyNAS\Records\2021","4680375","4.46 MB","2021-04-15T21:01:02+00:00","2021-04-15T19:05:55+00:00"
"rec_87a2bbbba81542432b3df6068b87d7802ebf54fc","Audio recording 2020-07-13 21-48-36.wav","\\SyNAS\Records\2020","226547036","216.05 MB","2020-07-13T00:00:00+00:00","2020-07-13T20:10:00+00:00"
"rec_0b286314ee1481ae793f12864f1394da62c994ce","Audio recording 2020-08-05 21-48-04.wav","\\SyNAS\Records\2020","15276284","14.57 MB","2020-08-05T00:00:00+00:00","2020-08-05T19:49:38+00:00"
"rec_f99e99ca5a21386c793513ace2cb7f7b9c05dc99","Audio recording 2020-11-20 23-24-20.aac","\\SyNAS\Records\Audio\Time_Sort\2020","6578649","6.27 MB","2020-11-20T00:00:00+00:00","2020-11-20T22:27:44+00:00"
"rec_1d9b05c1e1477acd9c17226b7c0e24bc2bfcacea","2024-01-08_13h22m36_Voix 022.m4a","\\SyNAS\Records\2024","3324159","3.17 MB","2024-01-08T13:22:00+00:00","2024-01-08T12:22:36+00:00"
"rec_4fb899dfbfa19bbf47c53ccf63ee20a3ce4b9e7d","2021_01_26_21_02_54 histoorr.mp3","\\SyNAS\Records\2021","21048005","20.07 MB","2021-01-26T21:02:54+00:00","2021-01-26T20:24:49+00:00"
"rec_6d0c95ecb2d47651fd3b22af745d65b6a1cd1729","2020_12_24_22_21_18.mp3","\\SyNAS\Records\Audio\Time_Sort\2020","516105194","492.20 MB","2020-12-24T22:21:18+00:00","2020-12-25T06:18:56+00:00"
"rec_f02a22dcd391adeec9c6d6014b59dec9dc3a068c","2022_05_31_15_27_22 retour Maison.mp3","\\SyNAS\Records\2022-Jan-July","171985605","164.02 MB","2022-05-31T15:27:22+00:00","2022-05-31T16:26:32+00:00"
"rec_164ee1a161a9c0d3a4f09ed82d8ca23852f843bd","2021_01_22_12_56_03.mp3","\\SyNAS\Records\Audio\Time_Sort\2021","164249181","156.64 MB","2021-01-22T12:56:03+00:00","2021-01-22T14:47:09+00:00"
"rec_09ab3b3a3d2ee8a3d24609a779178aa1f6b4b3f6","Audio recording 2020-11-21 20-11-31.aac","\\SyNAS\Records\Audio\Time_Sort\2020","222464506","212.16 MB","2020-11-21T00:00:00+00:00","2020-11-21T21:06:18+00:00"
"rec_c4bb1a6430b11bd165eeda1588d9259174795137","2022_05_27_19_08_03.mp3","\\SyNAS\Records\2022-Jan-July","28159581","26.86 MB","2022-05-27T19:08:03+00:00","2022-05-27T17:37:23+00:00"
"rec_a0cdfcd2b60ea66ba624063a893148d42aced04b","2021_02_04_19_11_35.mp3","\\SyNAS\Records\Audio\Time_Sort\2021","114538787","109.23 MB","2021-02-04T19:11:35+00:00","2021-02-04T20:10:54+00:00"
"rec_bd648efe9322d6923caf08c791731b8d7c6af039","2021_03_22_20_26_24 tinder.mp3","\\SyNAS\Records\Audio\Time_Sort\2021","10639568","10.15 MB","2021-03-22T20:26:24+00:00","2021-03-22T19:37:29+00:00"
"rec_1f3458900f1ff3711bee45334faeeae815004d0e","Audio recording 2020-09-26 12-06-00.aac","\\SyNAS\Records\2020","1770914","1.69 MB","2020-09-26T00:00:00+00:00","2020-09-26T10:06:56+00:00"
"rec_6dd6b4782f5f02d3e613cf65d51760fe9d839b99","2020_08_23_14_26_39 fight sunday.mp3","\\SyNAS\Records\Audio\Time_Sort\2020","122579068","116.90 MB","2020-08-23T14:26:39+00:00","2020-08-23T14:34:20+00:00"
"rec_6ed9c22fe443630eba1dd87eaeabeb4187893ece","Audio recording 2020-11-14 07-54-04.aac","\\SyNAS\Records\Audio\Time_Sort\2020","25392601","24.22 MB","2020-11-14T00:00:00+00:00","2020-11-14T07:07:10+00:00"
"rec_a7646d813e5828851d0fadf5a62972250cb577ac","2021_04_30_23_39_15.mp3","\\SyNAS\Records\Audio\Time_Sort\2021","1451989","1.38 MB","2021-04-30T23:39:15+00:00","2021-04-30T21:40:46+00:00"
"rec_73e224b97f284fff6502fea7bfa8939a8ba17f7f","2021_07_17_12_40_23.mp3","\\SyNAS\Records\2021","120789","117.96 KB","2021-07-17T12:40:23+00:00","2021-07-17T10:40:31+00:00"
"rec_589442837f6fe7befaa29c2545e83eb80f182b4f","2020_09_05_14_47_24.mp3","\\SyNAS\Records\Audio\Time_Sort\2020","95579721","91.15 MB","2020-09-05T14:47:24+00:00","2020-09-05T14:26:58+00:00"
"rec_46a131370b040192bcd4f0cd2eb7dff08be549df","2022-10-03_19h51m44_Voix 082 spicy glace.m4a","\\SyNAS\Records\2022-July-Dec","32348191","30.85 MB","2022-10-03T19:51:00+00:00","2022-10-03T17:51:44+00:00"
"rec_0e0b8e7b8be1691624b8ecda1e3b390e7780430d","2022-07-13_17h56m22_Voix 040 aller tierheim.m4a","\\SyNAS\Records\2022-July-Dec","24924530","23.77 MB","2022-07-13T17:56:00+00:00","2022-07-13T15:56:22+00:00"
"rec_113e46c4bc2f5f81ead9173034ca9e6b13d5ba25","2022-08-09_14h00m10_Voix 056 end of présentation.m4a","\\SyNAS\Records\2022-July-Dec","10096795","9.63 MB","2022-08-09T14:00:00+00:00","2022-08-09T12:00:10+00:00"
"rec_a73cc98811a0fcba1b215640a7b7b21346ea3176","2022-07-30_16h37m38_Voix 050 résumé.m4a","\\SyNAS\Records\2022-July-Dec","6752618","6.44 MB","2022-07-30T16:37:00+00:00","2022-07-30T14:37:38+00:00"
"rec_4dac32a31141e44cd71fff282514ec48c69d4f5e","Audio recording 2020-12-10 21-39-21 zorro.aac","\\SyNAS\Records\2020","10629625","10.14 MB","2020-12-10T00:00:00+00:00","2020-12-10T20:44:51+00:00"
"rec_e7d16b98452db6963616878a123eb7038d239abf","2023-07-22_10h20m15_Voix 005 DD explication.m4a","\\SyNAS\Records\2023","72448472","69.09 MB","2023-07-22T10:20:00+00:00","2023-07-22T08:20:15+00:00"
"rec_7039b1af59acfdfaa92137ab311a3176ca0345e3","Audio recording 2020-07-09 12-26-38.wav","\\SyNAS\Records\2020","80593676","76.86 MB","2020-07-09T00:00:00+00:00","2020-07-09T10:37:36+00:00"
"rec_e9076aeaa0c8d5506eeda24e55806fd878f259b8","Audio recording 2020-06-27 17-13-10.aac","\\SyNAS\Records\Audio\Time_Sort\2020","219599369","209.43 MB","2020-06-27T00:00:00+00:00","2020-06-27T17:06:28+00:00"
"rec_157b99c452aa5fb91c41bb504bfa2480d23f5604","2019-10-15_23h48m28_Voix 003_sd.m4a","\\SyNAS\Records\2019","1008016","984.39 KB","2019-10-15T23:48:00+00:00","2019-10-15T21:48:28+00:00"
"rec_b5bc61fd1d0c385066589cedb89161103db294fe","rec_20190818-1859.wav","\\SyNAS\Records\Audio\Time_Sort\2019","95608844","91.18 MB","","2019-08-18T17:59:46+00:00"
"rec_3b723420040c5373be3e2a603b4fa7e3c5b65d13","Audio recording 2020-12-01 13-20-23.aac","\\SyNAS\Records\Audio\Time_Sort\2020","73284071","69.89 MB","2020-12-01T00:00:00+00:00","2020-12-01T13:02:42+00:00"
"rec_e6a86703bc49885602bdd4fddf3acafe10649858","2021_04_15_17_41_27.mp3","\\SyNAS\Records\2021","65602036","62.56 MB","2021-04-15T17:41:27+00:00","2021-04-15T16:49:47+00:00"
"rec_4d1eaeff6bac655149579617d0956efb2a569fe8","2022_02_04_06_47_34.mp3","\\SyNAS\Records\2022-Jan-July","157340733","150.05 MB","2022-02-04T06:47:34+00:00","2022-02-04T08:31:28+00:00"
"rec_0f472e0938f3c9eab1aa545b4888886912945a10","2022-08-07_11h37m04_Voix 055 discussion.m4a","\\SyNAS\Records\2022-July-Dec","26318988","25.10 MB","2022-08-07T11:37:00+00:00","2022-08-07T09:37:04+00:00"
"rec_5365bbd15c7c46adfc3f9b237a8f87a29dfecefa","2020-03-29_03h45m41_Recording (15)_Dinda.m4a","\\SyNAS\Records\WebStorage\DD","8798468","8.39 MB","2020-03-29T03:45:00+00:00","2020-04-05T23:24:07+00:00"
"rec_1df65f5ec82983dd6e21e44a82700d3b9fd7eaac","2020-05-11_07h34m32_Voix 022_sd omcrpyable.m4a","\\SyNAS\Records\2020","791566","773.01 KB","2020-05-11T07:34:00+00:00","2020-05-11T05:34:32+00:00"
"rec_c51f4c52f7af5fd295917afef9b3c8464d2688f0","2021_03_18_12_23_16.mp3","\\SyNAS\Records\Audio\Time_Sort\2021","46810","45.71 KB","2021-03-18T12:23:16+00:00","2021-03-18T11:23:19+00:00"
"rec_9b7ebd3b10a74c9d8d10a6815ea211f94c1e370f","2021_05_09_08_25_12.mp3","\\SyNAS\Records\2021","10212413","9.74 MB","2021-05-09T08:25:12+00:00","2021-05-09T06:35:51+00:00"
"rec_c4811fcb423b2f70f30213b12ab54c5fb52d2441","2021_02_16_11_12_59.mp3","\\SyNAS\Records\2021","433681553","413.59 MB","2021-02-16T11:12:59+00:00","2021-02-16T17:44:45+00:00"
"rec_0d59019791d94b294cdb9539de08eadd1880659c","2021_03_06_21_36_43.mp3","\\SyNAS\Records\2021","9680351","9.23 MB","2021-03-06T21:36:43+00:00","2021-03-06T20:46:49+00:00"
"rec_3966cda34216581b1a2f11f1edd344c5e3f2a032","2021_01_10_21_16_01 KTA je ne pars pas sans mon fils.mp3","\\SyNAS\Records\2021","5461471","5.21 MB","2021-01-10T21:16:01+00:00","2021-01-10T20:21:42+00:00"
"rec_60093c604c37f33b2295f8dddf9b3c1e4edeced6","2021_02_25_15_20_39.mp3","\\SyNAS\Records\2021","11154911","10.64 MB","2021-02-25T15:20:39+00:00","2021-02-25T14:32:16+00:00"
"rec_a8c5c71ec0c429c91d0fc3f3227a54ecbda08729","2020_10_24_14_57_30.mp3","\\SyNAS\Records\Audio\2020-Unsorted","28428328","27.11 MB","2020-10-24T14:57:30+00:00","2020-10-24T13:27:07+00:00"
"rec_ffd27fcf736b4344103c9ecfeb2b6bb47e04a7ff","2021_01_02_15_20_46.mp3","\\SyNAS\Records\2021","106276152","101.35 MB","2021-01-02T15:20:46+00:00","2021-01-02T16:11:28+00:00"
"rec_0e3fa46e3ba1e7b7cc7d1f0a6bb7abc03cf95179","2019-10-12_00h41m32_Foker.m4a","\\SyNAS\Records\Audio\Time_Sort\2019","2017373","1.92 MB","2019-10-12T00:41:00+00:00","2019-10-11T22:41:32+00:00"
"rec_49a8c871ad2ee40b5e54bc71c308c115fe0643c9","2020_09_21_13_42_02 KT attentes Catajou.mp3","\\SyNAS\Records\Audio\2020-Unsorted","9440861","9.00 MB","2020-09-21T13:42:02+00:00","2020-09-21T11:51:52+00:00"
"rec_4241b03701e827d8bc445fc93185dbade093c092","2022_06_04_00_24_12.mp3","\\SyNAS\Records\2022-Jan-July","9425814","8.99 MB","2022-06-04T00:24:12+00:00","2022-06-03T22:34:02+00:00"
"rec_6317f5866abe5d9f146a5e2eb2a1166196bd098c","2022-12-27_23h00m41_Voix 120 lesson morale.m4a","\\SyNAS\Records\2023","12973377","12.37 MB","2022-12-27T23:00:00+00:00","2022-12-27T22:00:41+00:00"
"rec_d4bd8a8c7af3d1dfe5f223f2e0f0d7664ebb7386","2021_02_26_20_14_39 kat provoke.mp3","\\SyNAS\Records\Audio\Time_Sort\2021","1170284","1.12 MB","2021-02-26T20:14:39+00:00","2021-02-26T19:15:52+00:00"
"rec_45818a2f8b72977f70bf55d2272308c27ef5a458","Audio recording 2020-11-05 19-56-50.aac","\\SyNAS\Records\2020","2003430","1.91 MB","2020-11-05T00:00:00+00:00","2020-11-05T18:57:52+00:00"
"rec_ab5af970ae893158c53d8b03170843808c6af1dd","2022-06-20_22h05m54_Voix 012.m4a","\\SyNAS\Records\2022-July-Dec","56172090","53.57 MB","2022-06-20T22:05:00+00:00","2022-06-20T20:05:54+00:00"
"rec_fa065db235796f7799018229825bc490a62f7d9e","2021_06_04_19_13_41.mp3","\\SyNAS\Records\2021","41082043","39.18 MB","2021-06-04T19:13:41+00:00","2021-06-04T17:56:31+00:00"
"rec_712618faba07cd67acfa590945c67cd79e49e8c9","Audio recording 2020-12-13 21-08-58 ca va etre facile... aboutissement.aac","\\SyNAS\Records\2020","13884724","13.24 MB","2020-12-13T00:00:00+00:00","2020-12-13T20:16:09+00:00"
"rec_bc75e19694511553ce226179a8bfe951886cea1f","2021_01_28_12_57_11.mp3","\\SyNAS\Records\Audio\Time_Sort\2021","3896214","3.72 MB","2021-01-28T12:57:11+00:00","2021-01-28T12:01:15+00:00"
"rec_fe1d9f4bd32030d7b626daca03021495b6daba72","2020-05-09_20h18m00_Voix 017_sd.m4a","\\SyNAS\Records\Audio\Time_Sort\2020","678263","662.37 KB","2020-05-09T20:18:00+00:00","2020-05-09T18:18:00+00:00"
"rec_623aa5f70e71b58eb123572bcecab9918f0889da","Audio recording 2020-06-26 21-20-42 le diable et les trois cheveux d or.aac","\\SyNAS\Records\2020","45048877","42.96 MB","2020-06-26T00:00:00+00:00","2020-06-26T19:43:58+00:00"
"rec_8a428ac10fab07b0c3eab8eed1a8ce26a07dafb5","2021_01_27_20_14_28.mp3","\\SyNAS\Records\Audio\Time_Sort\2021","2908994","2.77 MB","2021-01-27T20:14:28+00:00","2021-01-27T19:17:30+00:00"
"rec_a7e5a5795980669c53efe5c28604652f7ed1c472","2020-08-18 19-55-31 soirée panaché.wav","\\SyNAS\Records\Audio\Court_Sort","371177396","353.98 MB","2020-08-18T00:00:00+00:00","2020-08-18T18:58:09+00:00"
"rec_76bc4466b9aba78168a462c9ea3c2450a71f9958","2021_02_16_11_37_02 consumer security.mp3","\\SyNAS\Records\Audio\Time_Sort\2021","58584083","55.87 MB","2021-02-16T11:37:02+00:00","2021-02-16T11:38:04+00:00"
"rec_87092b5ee1315e1f9167a9b3814efe8a53155b9f","2021_02_28_21_21_25 histoire.mp3","\\SyNAS\Records\Audio\Time_Sort\2021","17757412","16.93 MB","2021-02-28T21:21:25+00:00","2021-02-28T20:39:55+00:00"
"rec_66f65ed7d00f2470627cd79c610cd0040a49140a","Audio recording 2020-11-05 20-07-33 soirée tv.aac","\\SyNAS\Records\Audio\Time_Sort\2020","86540289","82.53 MB","2020-11-05T00:00:00+00:00","2020-11-05T19:52:12+00:00"
"rec_d209de9273984b960c2c06ae69250d7822a78b86","2020_07_30_13_56_16.mp3","\\SyNAS\Records\Audio\Time_Sort\2020","78608926","74.97 MB","2020-07-30T13:56:16+00:00","2020-07-30T13:18:09+00:00"
"rec_8ee8ce5ba5d62c73a126dd4c698c994b17a16674","2021_01_17_17_16_48.mp3","\\SyNAS\Records\Audio\Time_Sort\2021","95053530","90.65 MB","2021-01-17T17:16:48+00:00","2021-01-17T17:55:50+00:00"
"rec_3ea796e199624fd852e7357669237231aaa5658d","2020_08_02_22_20_29 le loup et le renard devant.mp3","\\SyNAS\Records\Audio\Time_Sort\2020","1487933","1.42 MB","2020-08-02T22:20:29+00:00","2020-08-02T20:22:02+00:00"
"rec_7896986135f12ad290f3cbd89e2a1e91586d88dc","2021_02_11_13_48_52.mp3","\\SyNAS\Records\2021","160457037","153.02 MB","2021-02-11T13:48:52+00:00","2021-02-11T15:36:05+00:00"
"rec_f12be0d1172dbc6289ed7191c65fa45ab0cebf05","2021_06_03_18_36_11.mp3","\\SyNAS\Records\2021","37499","36.62 KB","2021-06-03T18:36:11+00:00","2021-06-03T16:36:14+00:00"
"rec_486b41536023ff3a1f7dc819c079122314413662","Audio recording 2020-06-23 20-30-47.aac","\\SyNAS\Records\Audio\Time_Sort\2020","84080130","80.19 MB","2020-06-23T00:00:00+00:00","2020-06-23T19:14:10+00:00"
"rec_51cc13f76283a622f7c62e1fcf6a2c257535ffbd","Audio recording 2020-09-03 21-04-25.wav","\\SyNAS\Records\Audio\Time_Sort\2020","149163884","142.25 MB","2020-09-03T00:00:00+00:00","2020-09-03T19:18:32+00:00"
"rec_03c8c5407222606db351d66b9bb9b23598ad9f82","20220602_222438.m4a","\\SyNAS\Records\2022-Jan-July","2935002","2.80 MB","","2022-06-02T20:27:15+00:00"
"rec_886ac8bb9e24e53f53a21d28fa4fe89b51f77ba7","2021_03_28_00_11_14 alois psychiatre.mp3","\\SyNAS\Records\2021","49595453","47.30 MB","2021-03-28T00:11:14+00:00","2021-03-28T00:02:54+00:00"
"rec_ed7177b30f1ad9a17f3d44f92a9703508440018d","2022-08-05_22h01m43_Voix 054 whole afternoon.m4a","\\SyNAS\Records\2022-July-Dec","348178796","332.05 MB","2022-08-05T22:01:00+00:00","2022-08-05T20:01:43+00:00"
"rec_1a1a17805dc3c5a70fc579dae5e8aea85fee4ff1","2022_03_06_19_50_52.mp3","\\SyNAS\Records\2022-Jan-July","233113390","222.31 MB","2022-03-06T19:50:52+00:00","2022-03-06T22:53:42+00:00"
"rec_02c26c6b3e7151ed603799ea96fa0446054946a1","2020_10_01_21_51_43 histoire asia.mp3","\\SyNAS\Records\Audio\2020-Unsorted","61597987","58.74 MB","2020-10-01T21:51:43+00:00","2020-10-01T20:55:53+00:00"
"rec_79462bc34fb4637f12c87bd961a0e14c9b33b0a5","2020_11_17_18_07_13.mp3","\\SyNAS\Records\Audio\2020-Unsorted","105964354","101.06 MB","2020-11-17T18:07:13+00:00","2020-11-17T18:57:36+00:00"
"rec_1bb25a6ee51add7a67b9bd435633eb8190ae33d3","2021_06_03_23_40_50.mp3","\\SyNAS\Records\2021","103234","100.81 KB","2021-06-03T23:40:50+00:00","2021-06-03T21:40:56+00:00"
"rec_e5f778dd27161011effb9326b66512c31c7933dd","Audio recording 2020-07-26 23-12-34.wav","\\SyNAS\Records\2020","118121012","112.65 MB","2020-07-26T00:00:00+00:00","2020-07-26T21:23:44+00:00"
"rec_4a7a21a5126039c078cbd93bf4a7a833b117935f","Audio recording 2020-11-28 20-39-54.aac","\\SyNAS\Records\2020","55848694","53.26 MB","2020-11-28T00:00:00+00:00","2020-11-28T20:08:44+00:00"
"rec_70969998a9ea4f4bfad63880d8a480deb1e8b869","2020_07_29_16_26_59 dent.mp3","\\SyNAS\Records\Audio\Time_Sort\2020","6124354","5.84 MB","2020-07-29T16:26:59+00:00","2020-07-29T14:33:22+00:00"
"rec_1173a780611ec258f86442070157c7c18bc14ea2","2021_07_06_12_42_01.mp3","\\SyNAS\Records\2021","88606","86.53 KB","2021-07-06T12:42:01+00:00","2021-07-06T10:42:07+00:00"
"rec_9f2477b9a70e5e1b9a38773ad2d1ffd4a926962b","2021_02_17_18_34_12.mp3","\\SyNAS\Records\Audio\Time_Sort\2021","19356106","18.46 MB","2021-02-17T18:34:12+00:00","2021-02-17T17:54:19+00:00"
"rec_5b78bacad260e86c414c87a0e7ea10453f105cba","2020-03-18_17h39m20_Recording (10) pipi à coté.m4a","\\SyNAS\Records\Rec\ALO","6310822","6.02 MB","2020-03-18T17:39:00+00:00","2020-04-06T15:42:01+00:00"
"rec_0ac64cb4b867b497be9cc2ee827cd4785e417718","Audio recording 2020-06-20 14-09-24.aac","\\SyNAS\Records\2020","24620086","23.48 MB","2020-06-20T00:00:00+00:00","2020-06-20T12:22:06+00:00"
"rec_372717c658101c4aef8b43e90c85a2cf668b4ab4","2020_12_21_13_37_25 s8 rendre.mp3","\\SyNAS\Records\Audio\Time_Sort\2020","1229634","1.17 MB","2020-12-21T13:37:25+00:00","2020-12-21T12:38:42+00:00"
"rec_33e1b9badce856bee943f0dd730de58bcecc4214","2023-08-03_21h11m28_Voix 009 dd crisis.m4a","\\SyNAS\Records\2023","16198548","15.45 MB","2023-08-03T21:11:00+00:00","2023-08-03T19:11:28+00:00"
"rec_24fa79374f8aaeedb2e8819b9e30159965ad0bff","Audio recording 2020-09-01 14-14-42.wav","\\SyNAS\Records\Audio\Time_Sort\2020","171280916","163.35 MB","2020-09-01T00:00:00+00:00","2020-09-01T12:30:53+00:00"
"rec_7ad6756b73d34d03edf4f5e5a15ed74fcc6a540a","2021_08_08_22_46_09 ptit Nicolas.mp3","\\SyNAS\Records\2021","15125106","14.42 MB","2021-08-08T22:46:09+00:00","2021-08-08T21:01:55+00:00"
"rec_ee03e843be6f3309e81d0ec109f27ab1d9ba3efa","Audio recording 2020-11-15 21-09-17.aac","\\SyNAS\Records\Audio\Time_Sort\2020","50256466","47.93 MB","2020-11-15T00:00:00+00:00","2020-11-15T20:35:12+00:00"
"rec_fb2837748ab00add67db89972a00171c3cfc716d","2020_12_21_22_30_30 aleveque.mp3","\\SyNAS\Records\Audio\Time_Sort\2020","59979231","57.20 MB","2020-12-21T22:30:30+00:00","2020-12-21T22:32:58+00:00"
"rec_7f3bdadab25e8b45dee3c50b085648a374c3c02a","Audio recording 2020-10-26 18-42-50.aac","\\SyNAS\Records\2020","14688838","14.01 MB","2020-10-26T00:00:00+00:00","2020-10-26T17:50:26+00:00"
"rec_0e989976dc408ec4983053a6ce1fc73d05fe9560","2021_01_07_21_11_38.mp3","\\SyNAS\Records\Audio\Time_Sort\2021","142941","139.59 KB","2021-01-07T21:11:38+00:00","2021-01-07T20:11:47+00:00"
"rec_e6f57d5ddc16c4cbee4accf5cc8f3a29b0416f15","2021_03_28_21_22_13.mp3","\\SyNAS\Records\2021","6260191","5.97 MB","2021-03-28T21:22:13+00:00","2021-03-28T19:28:45+00:00"
"rec_b71ea1aad1785062e1cafa48a8544e20e8421bed","Audio recording 2020-08-09 20-13-12.wav","\\SyNAS\Records\Audio\Time_Sort\2020","2437892","2.32 MB","2020-08-09T00:00:00+00:00","2020-08-09T18:13:26+00:00"
"rec_f3eb86151c0b34348660408c2f9b4939496f9715","2020_12_27_13_34_10.mp3","\\SyNAS\Records\Audio\Time_Sort\2020","4383554","4.18 MB","2020-12-27T13:34:10+00:00","2020-12-27T12:38:45+00:00"
"rec_5eed582b1d6a705057ffcc30aaf9da089b48fdd1","2022_04_17_10_14_35.mp3","\\SyNAS\Records\2022-Jan-July","13400188","12.78 MB","2022-04-17T10:14:35+00:00","2022-04-17T08:28:33+00:00"
"rec_b94f6e4d2444b093c286451f7847bce692e7e7ca","2021_01_12_19_00_15 mathematiques.mp3","\\SyNAS\Records\Audio\Time_Sort\2021","34418519","32.82 MB","2021-01-12T19:00:15+00:00","2021-01-12T18:36:06+00:00"
"rec_f1f03757d17a8dde9679c86d2c782270b141064c","2021_06_10_21_08_11 lecture.mp3","\\SyNAS\Records\2021","773641","755.51 KB","2021-06-10T21:08:11+00:00","2021-06-10T19:08:59+00:00"
"rec_6c6db2bf085be04f8b3fcc027ca230a41ce55d17","Audio recording 2020-11-10 02-51-10.aac","\\SyNAS\Records\2020","32250951","30.76 MB","2020-11-10T00:00:00+00:00","2020-11-10T02:07:50+00:00"
"rec_54ffbab2971c6c52900be1d299581f8358b5ba86","2021_04_12_18_13_48.mp3","\\SyNAS\Records\2021","3182340","3.03 MB","2021-04-12T18:13:48+00:00","2021-04-12T16:17:07+00:00"
"rec_09a9283df3f9cbbb108eaf405b5195cf63124dbe","2021-02-08_02h27m16_DD-Recording (26).m4a","\\SyNAS\Records\Rec\DD","62666047","59.76 MB","2021-02-08T02:27:00+00:00","2021-02-08T01:27:16+00:00"
"rec_27a528bfa3235ac78d1dd089951043cfcd949a88","2021_03_13_14_35_18 gamepmay.mp3","\\SyNAS\Records\2021","145034761","138.32 MB","2021-03-13T14:35:18+00:00","2021-03-13T16:06:23+00:00"
"rec_2b1cf345c8b53d34cdff6cc66f01b244c193479e","2023-12-21_20h53m31_Voix 017 rangement Eschenstraße.m4a","\\SyNAS\Records\2023","25977611","24.77 MB","2023-12-21T20:53:00+00:00","2023-12-21T19:53:31+00:00"
"rec_57102abe4ae82db2513cd2651606d68060def98b","2021_02_03_07_21_43.mp3","\\SyNAS\Records\Audio\Time_Sort\2021","550033","537.14 KB","2021-02-03T07:21:43+00:00","2021-02-03T06:22:17+00:00"
"rec_05709611c30d4ea1bd63e7c1346383a872bdef0d","2021_01_23_18_21_09.mp3","\\SyNAS\Records\Audio\Time_Sort\2021","28936567","27.60 MB","2021-01-23T18:21:09+00:00","2021-01-23T17:51:17+00:00"
"rec_98d7d84aaaef6fa2c934ab69fa73c510d79451b9","Audio recording 2020-11-23 21-09-29.aac","\\SyNAS\Records\Audio\Time_Sort\2020","41965556","40.02 MB","2020-11-23T00:00:00+00:00","2020-11-23T20:31:08+00:00"
"rec_782b7be2cc6875f91f93d9b8ad771c9d45f434dd","2021_02_09_19_08_53.mp3","\\SyNAS\Records\Audio\Time_Sort\2021","33817494","32.25 MB","2021-02-09T19:08:53+00:00","2021-02-09T18:44:07+00:00"
"rec_9285cb0de92687d8586078934ac7cb0dfb47ea27","2021_02_19_19_05_13.mp3","\\SyNAS\Records\Audio\Time_Sort\2021","2124485","2.03 MB","2021-02-19T19:05:13+00:00","2021-02-19T18:07:26+00:00"
"rec_8b756b5757c07c2833a80083f3d23bdbadf96e9c","2021_06_25_11_31_35.mp3","\\SyNAS\Records\2021","86439391","82.44 MB","2021-06-25T11:31:35+00:00","2021-06-25T11:01:38+00:00"
"rec_b8b42e50b684b265a9fed0448c216c91959c2288","Audio recording 2020-11-30 20-19-57.aac","\\SyNAS\Records\2020","14509573","13.84 MB","2020-11-30T00:00:00+00:00","2020-11-30T19:27:26+00:00"
"rec_809c2fe9f482478d1beb301492f55ac61c83a772","Audio recording 2020-09-26 14-54-10 folie maladive.aac","\\SyNAS\Records\2020","102663899","97.91 MB","2020-09-26T00:00:00+00:00","2020-09-26T13:47:09+00:00"
"rec_beed5c2ce0874178bbdfb3c0ad36ab1c8b5f12f7","2020-04-01_13h58m44_Recording (17)_Dinda.m4a","\\SyNAS\Records\WebStorage\DD","44291025","42.24 MB","2020-04-01T13:58:00+00:00","2020-04-05T23:24:09+00:00"
"rec_8a6f0ff6f27e2c21bfeba65ff7433c3d8c09fe73","Audio recording 2020-06-29 20-53-02.aac","\\SyNAS\Records\2020","31697460","30.23 MB","2020-06-29T00:00:00+00:00","2020-06-29T19:09:24+00:00"
"rec_d51ffded85936645fdf86e62156d2c74eb8c3c87","2021_01_11_13_03_59.mp3","\\SyNAS\Records\Audio\Time_Sort\2021","10479487","9.99 MB","2021-01-11T13:03:59+00:00","2021-01-11T12:16:42+00:00"
"rec_94416cab5bd677552b4138cc2408bb21914d8079","2022-11-24_07h14m03_Voix 100 Aloïs définit le droit de garde.m4a","\\SyNAS\Records\2022-July-Dec","31739182","30.27 MB","2022-11-24T07:14:00+00:00","2022-11-24T06:14:03+00:00"
"rec_ff30bdc2398f32bbd5946bc236fe5fa635c6d62f","2021_03_05_13_33_05.mp3","\\SyNAS\Records\Audio\Time_Sort\2021","46935143","44.76 MB","2021-03-05T13:33:05+00:00","2021-03-05T13:21:59+00:00"
"rec_4e67ca7afb3a5242e6d809caabcf0a589cf58b26","2020_11_14_14_43_24 folie.mp3","\\SyNAS\Records\Audio\2020-Unsorted","39715734","37.88 MB","2020-11-14T14:43:24+00:00","2020-11-14T14:24:46+00:00"
"rec_91ca1c3d91712cd1d97e47249787229ea8938cf4","Audio recording 2020-11-15 17-27-18.aac","\\SyNAS\Records\2020","44265893","42.22 MB","2020-11-15T00:00:00+00:00","2020-11-15T16:50:08+00:00"
"rec_bb8b64d89422deb53f80064cf4474d92352da8ac","2021_04_03_20_55_13 KTA Télé je vais te gifler.mp3","\\SyNAS\Records\Audio\Time_Sort\2021","46137259","44.00 MB","2021-04-03T20:55:13+00:00","2021-04-03T19:43:17+00:00"
"rec_8a1630149c15f4a230a241546d637d94e13f7eec","2022-11-12_17h28m54_Voix 098.m4a","\\SyNAS\Records\2022-July-Dec","19662262","18.75 MB","2022-11-12T17:28:00+00:00","2022-11-12T16:28:54+00:00"
"rec_8534560488a482428d541fc8ae71c8d70beee9e9","Audio recording 2020-09-08 08-05-46.aac","\\SyNAS\Records\Audio\Time_Sort\2020","189328593","180.56 MB","2020-09-08T00:00:00+00:00","2020-09-08T07:43:28+00:00"
"rec_77b5e3bb897e5cc052272aa54293c600e91e05a9","2021_02_17_18_34_12.mp3","\\SyNAS\Records\2021","19356106","18.46 MB","2021-02-17T18:34:12+00:00","2021-02-17T17:54:19+00:00"
"rec_c5da640c326fdd6be6550ee2d200aa6bd5034968","2021_06_03_23_41_21.mp3","\\SyNAS\Records\2021","192252","187.75 KB","2021-06-03T23:41:21+00:00","2021-06-03T21:41:34+00:00"
"rec_f54d408610b6c5715db168cdbfe10bc2b3e94538","2021_06_20_13_03_08.mp3","\\SyNAS\Records\2021","11689481","11.15 MB","2021-06-20T13:03:08+00:00","2021-06-20T11:15:19+00:00"
"rec_2ec8dd16f41584821d0d7a5501dbed469dd9439d","2021_02_20_13_41_43 tu prends les restes.mp3","\\SyNAS\Records\2021","18811088","17.94 MB","2021-02-20T13:41:43+00:00","2021-02-20T13:01:19+00:00"
"rec_cc3518ed00afd5da35b525814104a5c3fc0f20ae","2021_05_20_21_39_23.mp3","\\SyNAS\Records\2021","5833873","5.56 MB","2021-05-20T21:39:23+00:00","2021-05-20T19:45:28+00:00"
"rec_77bced311f2a212f81f6e739246ad61b0d80a36d","2022-09-24_18h13m25_Voix 080 coïncidence.m4a","\\SyNAS\Records\2022-July-Dec","6120433","5.84 MB","2022-09-24T18:13:00+00:00","2022-09-24T16:13:25+00:00"
"rec_d90fee9952685ead8ff587a0330b5a4d12074114","2023-06-20_20h02m11_Voix 158 Steinhausen repas extérieur.m4a","\\SyNAS\Records\2023","77663822","74.07 MB","2023-06-20T20:02:00+00:00","2023-06-20T18:02:11+00:00"
"rec_b96ece7223f41d645545c6fcb640bceed538d151","2020_12_28_22_14_45.mp3","\\SyNAS\Records\Audio\Time_Sort\2020","4192547","4.00 MB","2020-12-28T22:14:45+00:00","2020-12-28T21:19:07+00:00"
"rec_3b48be58f6777695df937763f5643797414b6d62","2021_01_08_12_03_30 midi desoibeissance.mp3","\\SyNAS\Records\Audio\Time_Sort\2021","30288247","28.89 MB","2021-01-08T12:03:30+00:00","2021-01-08T11:35:03+00:00"
"rec_a37251343a10e74640c5837f4872619ba2493283","2021_06_09_18_14_24 diner.mp3","\\SyNAS\Records\2021","81406327","77.64 MB","2021-06-09T18:14:24+00:00","2021-06-09T17:39:13+00:00"
"rec_544349ec0c8823c8a8b7b66d7e75a36cb92e7b8c","2021_04_16_16_02_53.mp3","\\SyNAS\Records\2021","792031","773.47 KB","2021-04-16T16:02:53+00:00","2021-04-16T14:03:43+00:00"
"rec_733457d50117a07d8ac51c345497af4eb69c9749","2021_04_12_20_07_10.mp3","\\SyNAS\Records\Audio\Time_Sort\2021","38751920","36.96 MB","2021-04-12T20:07:10+00:00","2021-04-12T18:47:32+00:00"
"rec_482bea6081bcfe7a2c65c88e38d1427f6c24d5fc","2021_02_25_15_32_20.mp3","\\SyNAS\Records\2021","24749870","23.60 MB","2021-02-25T15:32:20+00:00","2021-02-25T14:58:07+00:00"
"rec_de7cf4cece81808d04447101e10f60940586af61","2023-01-29_18h42m15_Voix 123.m4a","\\SyNAS\Records\2023","5238357","5.00 MB","2023-01-29T18:42:00+00:00","2023-01-29T17:42:15+00:00"
"rec_951426531dafe0418903b0b40c5f140b2840a929","0.mp3","\\SyNAS\Records\Audio\Time_Sort\2021","30493706","29.08 MB","","2021-02-09T20:46:32+00:00"
"rec_4f79e9de015b6bc7f7303cd55fc3ad9c45417c30","2020-09-14_14h05m53_DD - Recording (2).m4a","\\SyNAS\Records\Rec\DD","54849858","52.31 MB","2020-09-14T14:05:00+00:00","2020-09-14T12:05:53+00:00"
"rec_e446097c2ef7a47c0138660502c0fd5d4ce34d48","2020_09_08_19_35_29 diner.mp3","\\SyNAS\Records\Audio\2020-Unsorted","25971146","24.77 MB","2020-09-08T19:35:29+00:00","2020-09-08T18:02:32+00:00"
"rec_c87f45f89c84621b4237044fbc710810607ae952","2023-03-01_19h53m47_Voix 141 afa.m4a","\\SyNAS\Records\2023","38498180","36.71 MB","2023-03-01T19:53:00+00:00","2023-03-01T18:53:47+00:00"
"rec_6f7b88213a1bf22eda53ce8f67a7613a410df0a4","2022-07-06_22h08m29_Voix 035 dubrochet.m4a","\\SyNAS\Records\2022-July-Dec","103390682","98.60 MB","2022-07-06T22:08:00+00:00","2022-07-06T20:08:29+00:00"
"rec_2250af84a268713cb9b72f92e4dad3ea0cff82e6","2022-11-09_22h39m47_Voix 097 téléphone sans fin.m4a","\\SyNAS\Records\2022-July-Dec","43799747","41.77 MB","2022-11-09T22:39:00+00:00","2022-11-09T21:39:47+00:00"
"rec_7d514ddd7d9ed29aa0dccb2a3b76fb436dd95256","Audio recording 2020-09-10 21-55-22 (1).aac","\\SyNAS\Records\Audio\Time_Sort\2020","48808326","46.55 MB","2020-09-10T00:00:00+00:00","2020-09-10T21:22:12+00:00"
"rec_752fd8348b77f0a0999c082472b38e09232b2c0e","2021_06_19_17_49_08.mp3","\\SyNAS\Records\2021","16454634","15.69 MB","2021-06-19T17:49:08+00:00","2021-06-19T16:06:16+00:00"
"rec_89282461a2664ed9e02ffbe4da8c890d97a3e2f7","2023-01-17_19h28m36_Voix 123 retour maison.m4a","\\SyNAS\Records\2023","29663080","28.29 MB","2023-01-17T19:28:00+00:00","2023-01-17T18:28:36+00:00"
"rec_99b266845c8ddd0c15e5588f751959418f8baeb7","Audio recording 2020-08-29 09-01-37.wav","\\SyNAS\Records\2020","128539184","122.58 MB","2020-08-29T00:00:00+00:00","2020-08-29T07:13:47+00:00"
"rec_eafc63f3b45d7b57a014aad1082b8d73b453df68","2024-06-01_11h03m54_Voix 003 DD récupération.m4a","\\SyNAS\Records\2024_DD_theater","36419051","34.73 MB","2024-06-01T11:03:00+00:00","2024-06-01T09:03:54+00:00"
"rec_0d3031de36f8bb70cb2351a29a22c9c8c8cf544e","2020_10_01_19_57_24 soir.mp3","\\SyNAS\Records\Audio\2020-Unsorted","98167744","93.62 MB","2020-10-01T19:57:24+00:00","2020-10-01T19:39:40+00:00"
"rec_606fc27f2b93091b9de4bb6033b69866d5e908b1","2021_04_25_16_44_31.mp3","\\SyNAS\Records\2021","13912606","13.27 MB","2021-04-25T16:44:31+00:00","2021-04-25T14:59:01+00:00"
"rec_4bcc3f17e963b35f2f9be570eea2a8c207fed81d","2021_01_23_21_12_30.mp3","\\SyNAS\Records\Audio\Time_Sort\2021","4269452","4.07 MB","2021-01-23T21:12:30+00:00","2021-01-23T20:16:57+00:00"
"rec_4b82a1ef40bb1d2b2b62c93ae47db4dc5b53eefb","2023-01-16_00h47m48_Voix 122.m4a","\\SyNAS\Records\2023","59675","58.28 KB","2023-01-16T00:47:00+00:00","2023-01-15T23:47:48+00:00"
"rec_221827a7ff7ce173547ae8a39a417333e573f765","2022_01_29_14_06_53.mp3","\\SyNAS\Records\2022-Jan-July","122294438","116.63 MB","2022-01-29T14:06:53+00:00","2022-01-29T15:14:17+00:00"
"rec_9bc3cada8d2991c79abffde7026b58da3174a8d0","2021_03_27_15_57_20.mp3","\\SyNAS\Records\Audio\Time_Sort\2021","6273148","5.98 MB","2021-03-27T15:57:20+00:00","2021-03-27T15:03:52+00:00"
"rec_58846f744e11766d56ff56494016dbb0674ff4cb","2021_01_30_18_59_27.mp3","\\SyNAS\Records\Audio\Time_Sort\2021","2340152","2.23 MB","2021-01-30T18:59:27+00:00","2021-01-30T18:01:54+00:00"
"rec_4d19e8554ebf9d314b17f0f4e90ce0aa562c8ccf","2022-11-01_13h46m29_Voix 093 retour de boulangerie.m4a","\\SyNAS\Records\2022-July-Dec","22383806","21.35 MB","2022-11-01T13:46:00+00:00","2022-11-01T12:46:29+00:00"
"rec_ef44644d341b6a084950f875e954d8a758625242","Audio recording 2020-09-07 21-09-21.aac","\\SyNAS\Records\2020","39598597","37.76 MB","2020-09-07T00:00:00+00:00","2020-09-07T19:29:48+00:00"
"rec_5806e5097c4c0da761cedbce035be4ac83d9f886","2021_04_13_19_49_34.mp3","\\SyNAS\Records\2021","48051512","45.83 MB","2021-04-13T19:49:34+00:00","2021-04-13T18:39:37+00:00"
"rec_333fd985c7cb42dcd99f713f951a160b0751a163","2020_12_23_17_00_00.mp3","\\SyNAS\Records\2020","4607581","4.39 MB","2020-12-23T17:00:00+00:00","2020-12-23T16:04:48+00:00"
"rec_490bdfafa64950dcdf99e5eede0456d9d6809340","Audio recording 2020-06-23 20-16-27.aac","\\SyNAS\Records\Audio\Time_Sort\2020","3444259","3.28 MB","2020-06-23T00:00:00+00:00","2020-06-23T18:18:14+00:00"
"rec_6c148e7679cbc3b54f85fcde6130c8a46ac24000","2020_12_24_16_57_42 preparztifs de noel.mp3","\\SyNAS\Records\2020","43286777","41.28 MB","2020-12-24T16:57:42+00:00","2020-12-24T16:42:48+00:00"
"rec_3071a2b61275b39663d32652a071435772bb2e43","2022-11-13_12h04m41_Voix 099 autorisation de territoire.m4a","\\SyNAS\Records\2022-July-Dec","3981836","3.80 MB","2022-11-13T12:04:00+00:00","2022-11-13T11:04:41+00:00"
"rec_b9d44ed89090aac216b5f0a87393b82e0f81ff43","2021_01_27_17_16_41.mp3","\\SyNAS\Records\Audio\Time_Sort\2021","136229615","129.92 MB","2021-01-27T17:16:41+00:00","2021-01-27T18:38:36+00:00"
"rec_914e0cb309eb1f71fecc2902c7b937c120e1f12c","2021_04_14_14_33_55.mp3","\\SyNAS\Records\2021","49569540","47.27 MB","2021-04-14T14:33:55+00:00","2021-04-14T13:25:34+00:00"
"rec_52995906db49869d771fa90e3c85c1cbba9b1bfd","Audio recording 2020-07-02 12-10-18.aac","\\SyNAS\Records\Audio\Time_Sort\2020","28289271","26.98 MB","2020-07-02T00:00:00+00:00","2020-07-02T10:24:54+00:00"
"rec_77fab958f92ce36ec47396724c9c1a04b9478e07","2021_01_24_14_21_29.mp3","\\SyNAS\Records\2021","13143979","12.54 MB","2021-01-24T14:21:29+00:00","2021-01-24T13:35:11+00:00"
"rec_ccdfcf33525c22b725b7fda918dff1be6ba7d109","2020_10_16_17_37_17.mp3","\\SyNAS\Records\Audio\2020-Unsorted","29429341","28.07 MB","2020-10-16T17:37:17+00:00","2020-10-16T16:07:57+00:00"
"rec_c68bc27181525cd8e988967b4d3762732c236454","2022-07-09_04h27m30_Voix 035 Alois dort.m4a","\\SyNAS\Records\2022-July-Dec","27867336","26.58 MB","2022-07-09T04:27:00+00:00","2022-07-09T02:27:30+00:00"
"rec_d6a2c2bcef72d5f16230b15a231eee5878bb66c3","2020_12_27_16_55_22.mp3","\\SyNAS\Records\Audio\Time_Sort\2020","20536841","19.59 MB","2020-12-27T16:55:22+00:00","2020-12-27T16:16:46+00:00"
"rec_130c3bbfef0bbdac6804231cd1f0020616aacc02","2020_08_24_17_28_21 comfession daniel.mp3","\\SyNAS\Records\Audio\Time_Sort\2020","247869021","236.39 MB","2020-08-24T17:28:21+00:00","2020-08-24T19:46:34+00:00"
"rec_11586489928c0e89577ce423b7602c600782ec14","2021_03_30_07_08_18 matin tranquille.mp3","\\SyNAS\Records\Audio\Time_Sort\2021","54716707","52.18 MB","2021-03-30T07:08:18+00:00","2021-03-30T06:05:18+00:00"
"rec_604940c65f85c69e4e478b4a463e53fdbfc1583d","Audio recording 2020-11-07 14-38-52.aac","\\SyNAS\Records\2020","160206045","152.78 MB","2020-11-07T00:00:00+00:00","2020-11-07T15:01:44+00:00"
"rec_a0dbccd4aca53ba4d170fae551ec23eb133a5667","2021_02_05_19_42_42 KTA fête.mp3","\\SyNAS\Records\Audio\Time_Sort\2021","196266108","187.17 MB","2021-02-05T19:42:42+00:00","2021-02-05T22:07:09+00:00"
"rec_474d8058dfcc48658cb31cd42bb183abb32cd034","2020_08_01_14_29_15 Alois Apologies .mp3","\\SyNAS\Records\Audio\Time_Sort\2020","5205262","4.96 MB","2020-08-01T14:29:15+00:00","2020-08-01T12:34:40+00:00"
"rec_75baeecf03c5f303d1470f374a04d078adf930df","2022_05_14_20_48_35.mp3","\\SyNAS\Records\2022-Jan-July","26267479","25.05 MB","2022-05-14T20:48:35+00:00","2022-05-14T19:15:57+00:00"
"rec_054c610571c55b10ed07c16110de59058cb7a827","2024-07-29_13h25m08_Voix 017 plomberie second part.m4a","\\SyNAS\Records\2024","31251608","29.80 MB","2024-07-29T13:25:00+00:00","2024-07-29T11:25:08+00:00"
"rec_7cee3d7aed3b58e71a609aff470a06d07cde0743","2022-07-05_08h01m28_Voix 033.m4a","\\SyNAS\Records\2022-July-Dec","19634617","18.73 MB","2022-07-05T08:01:00+00:00","2022-07-05T06:01:28+00:00"
"rec_a5872f32876d3e34561a5f7ae2c266114c83fd7b","Audio recording 2020-11-24 17-31-40.aac","\\SyNAS\Records\Audio\Time_Sort\2020","292430365","278.88 MB","2020-11-24T00:00:00+00:00","2020-11-24T19:02:34+00:00"
"rec_bb0d3b38f84988b52e34db99369b7846391f119e","2021_01_26_15_22_5_KTA revue du bulletin scolaire.mp3","\\SyNAS\Records\2021","31178082","29.73 MB","2021-01-26T15:22:00+00:00","2021-01-26T14:55:19+00:00"
"rec_7678ace0c1b3e56cb7af6fb722a582b1d3041e57","2020_09_06_21_54_01.mp3","\\SyNAS\Records\Audio\2020-Unsorted","34721958","33.11 MB","2020-09-06T21:54:01+00:00","2020-09-06T20:30:11+00:00"
"rec_0645e369a4b6aa810cb8804cafaa8abbe2d19414","2021_04_22_19_09_11 soiree.mp3","\\SyNAS\Records\Audio\Time_Sort\2021","43328991","41.32 MB","2021-04-22T19:09:11+00:00","2021-04-22T17:54:19+00:00"
"rec_b7aa1b21da949b6db66240a8c82aa6a07ce6db1a","2020_12_17_21_09_11 zorro.mp3","\\SyNAS\Records\Audio\Time_Sort\2020","7499440","7.15 MB","2020-12-17T21:09:11+00:00","2020-12-17T20:17:00+00:00"
"rec_fded41dd260b8d134146127b4f5f82184c9b79d3","Audio recording 2020-07-01 10-00-27.aac","\\SyNAS\Records\2020","63660351","60.71 MB","2020-07-01T00:00:00+00:00","2020-07-01T08:33:18+00:00"
"rec_a71cde1c07a5ba54a9aa20d61a5a79c99c918b31","Audio recording 2020-06-23 20-30-47.aac","\\SyNAS\Records\2020","84080130","80.19 MB","2020-06-23T00:00:00+00:00","2020-06-23T19:14:10+00:00"
"rec_2c70ecdf50dd0f303afa29765d56547777034073","2022-11-13_22h58m06_Voix 100 ultime affront.m4a","\\SyNAS\Records\2022-July-Dec","125204506","119.40 MB","2022-11-13T22:58:00+00:00","2022-11-13T21:58:06+00:00"
"rec_21772ccfc0b85e81f7e79325cf0244bf517ff0df","Audio recording 2020-08-25 21-04-33 contes de belle île.wav","\\SyNAS\Records\2020","95778188","91.34 MB","2020-08-25T00:00:00+00:00","2020-08-25T19:13:37+00:00"
"rec_bb849696f092dda025ff4baf37c31f3f7f397032","2020-05-28 22-18-25.aac","\\SyNAS\Records\WebStorage\2020","36472912","34.78 MB","2020-05-28T00:00:00+00:00","2020-07-06T21:32:14+00:00"
"rec_7fdca4ef8a4b87428fbd2284697222442d1773de","2020_10_22_12_01_25.mp3","\\SyNAS\Records\Audio\2020-Unsorted","40206836","38.34 MB","2020-10-22T12:01:25+00:00","2020-10-22T10:43:18+00:00"
"rec_c380ccc6e50d3c577d5c729d496e52a763620220","2021_02_10_19_58_26.mp3","\\SyNAS\Records\2021","57150483","54.50 MB","2021-02-10T19:58:26+00:00","2021-02-10T19:57:58+00:00"
"rec_5af212863df0967465aaab834fd292f1f1769c5a","Audio recording 2020-09-10 13-28-28.aac","\\SyNAS\Records\2020","11725462","11.18 MB","2020-09-10T00:00:00+00:00","2020-09-10T11:34:41+00:00"
"rec_fb4cf6b99395304d35579507ea293fe0d5352a00","2023-11-23_16h44m43_Voix 016 dd explication.m4a","\\SyNAS\Records\2023","73697926","70.28 MB","2023-11-23T16:44:00+00:00","2023-11-23T15:44:43+00:00"
"rec_79ee3cb40e44d798d5ad438cfd006d342c9767a3","2020-05-22_13h23m44_Voix 044_sd supplice.m4a","\\SyNAS\Records\2020","12541003","11.96 MB","2020-05-22T13:23:00+00:00","2020-05-22T11:23:44+00:00"
"rec_582b13d7c0bde23ab27794a51c33b9666bd436ab","Audio recording 2020-06-21 14-31-57.aac","\\SyNAS\Records\Audio\Time_Sort\2020","106536396","101.60 MB","2020-06-21T00:00:00+00:00","2020-06-21T13:26:56+00:00"
"rec_bb18aa666cbf79b3c574b223ff7678b1b1fec658","2021_01_27_17_16_41.mp3","\\SyNAS\Records\2021","136229615","129.92 MB","2021-01-27T17:16:41+00:00","2021-01-27T18:38:36+00:00"
"rec_ef7559555873188ccabc2bf1da0a2e312f29c392","2020_09_17_18_39_35 soiree.mp3","\\SyNAS\Records\Audio\2020-Unsorted","25987447","24.78 MB","2020-09-17T18:39:35+00:00","2020-09-17T17:06:39+00:00"
"rec_955e37f32d691d1ea7d6a1ced6903c9479c64b07","2021_01_02_17_17_43.mp3","\\SyNAS\Records\Audio\Time_Sort\2021","53713605","51.23 MB","2021-01-02T17:17:43+00:00","2021-01-02T17:13:41+00:00"
"rec_5a23ccde8536897c437549271bfb39198a29220b","2021_05_25_12_21_49 midi.mp3","\\SyNAS\Records\2021","10253373","9.78 MB","2021-05-25T12:21:49+00:00","2021-05-25T10:32:30+00:00"
"rec_b96cbe385bdc37bbc4e2b34e9d476d56ac2cf719","2020_12_08_21_23_07.mp3","\\SyNAS\Records\2020","2402846","2.29 MB","2020-12-08T21:23:07+00:00","2020-12-08T20:25:38+00:00"
"rec_14ca688684147c52ac4019edd736474deb254e99","2021_04_07_16_01_17.mp3","\\SyNAS\Records\2021","1395564","1.33 MB","2021-04-07T16:01:17+00:00","2021-04-07T14:02:44+00:00"
"rec_19c4f54d56ea419b1e9376103e28dc56b2bd44c7","Audio recording 2020-11-10 02-51-10.aac","\\SyNAS\Records\Audio\Time_Sort\2020","32250951","30.76 MB","2020-11-10T00:00:00+00:00","2020-11-10T02:07:50+00:00"
"rec_ce45825866b18eb08383aedc0dfd51bf12f5df8f","2022_06_01_15_08_07.mp3","\\SyNAS\Records\2022-Jan-July","5179349","4.94 MB","2022-06-01T15:08:07+00:00","2022-06-01T13:13:30+00:00"
"rec_dde2ec94abc97032028b52ac54737f2e44a83858","2021_03_21_19_57_40 moquerie humiliation.mp3","\\SyNAS\Records\Audio\Time_Sort\2021","54300002","51.78 MB","2021-03-21T19:57:40+00:00","2021-03-21T19:54:14+00:00"
"rec_77933671ba9880289c3bc92aa27f62650905b957","2021_02_02_12_06_30.mp3","\\SyNAS\Records\Audio\Time_Sort\2021","22824750","21.77 MB","2021-02-02T12:06:30+00:00","2021-02-02T11:30:17+00:00"
"rec_aa4fc4de026796ad8447735c76202993a508f170","2022_05_02_07_41_48.mp3","\\SyNAS\Records\2022-Jan-July","19183071","18.29 MB","2022-05-02T07:41:48+00:00","2022-05-02T06:01:47+00:00"
"rec_8522a4c94e6dad52212c4db637655b2885a9d2fd","2021_02_08_18_05_52 soiree chiens.mp3","\\SyNAS\Records\Audio\Time_Sort\2021","207090415","197.50 MB","2021-02-08T18:05:52+00:00","2021-02-08T20:41:37+00:00"
"rec_b4ab9ea17a750fde20133794c33eada2189b0125","2020-05-14_14h11m20_Voix 029_sd miele.m4a","\\SyNAS\Records\2020","4696582","4.48 MB","2020-05-14T14:11:00+00:00","2020-05-14T12:11:20+00:00"
"rec_31bd0fd99b51cd024099c77057baf23886c09d87","Audio recording 2020-06-25 14-38-08.aac","\\SyNAS\Records\2020","56035526","53.44 MB","2020-06-25T00:00:00+00:00","2020-06-25T13:07:02+00:00"
"rec_7a7036c03e5b4b14dfffe6814746559593c57797","2021_01_23_15_36_13.mp3","\\SyNAS\Records\Audio\Time_Sort\2021","5162630","4.92 MB","2021-01-23T15:36:13+00:00","2021-01-23T14:41:36+00:00"
"rec_970e70a561f6794c16f0cf4c26e90838f30be048","2022-07-21_14h28m47_Voix 046 suite Catajou interdit de s'amuser.m4a","\\SyNAS\Records\2022-July-Dec","16857699","16.08 MB","2022-07-21T14:28:00+00:00","2022-07-21T12:28:47+00:00"
"rec_32a301660ebd4c270dba7932c2b2bb5bd25fcd6a","Audio recording 2020-12-05 00-16-53 TA confessions.aac","\\SyNAS\Records\Audio\Time_Sort\2020","310597767","296.21 MB","2020-12-05T00:00:00+00:00","2020-12-05T01:57:10+00:00"
"rec_80b181f670a0d384c4d6cbba9e899e1f00e784f3","2020-05-30 17-39-59.aac","\\SyNAS\Records\2020","6540428","6.24 MB","2020-05-30T00:00:00+00:00","2020-07-06T22:08:12+00:00"
"rec_8e30ff1483e748febb7ff8639a42d38ad900024d","2021_05_07_20_41_11.mp3","\\SyNAS\Records\2021","30159933","28.76 MB","2021-05-07T20:41:11+00:00","2021-05-07T19:12:36+00:00"
"rec_881f30aac02258c774aa5008f1b9a32992b34990","2021_02_19_22_11_07.mp3","\\SyNAS\Records\Audio\Time_Sort\2021","17667551","16.85 MB","2021-02-19T22:11:07+00:00","2021-02-19T21:29:31+00:00"
"rec_ab2089e9e6e4212b0e7487c078b4bc32fb7f0d1b","2021_04_07_17_53_49.mp3","\\SyNAS\Records\2021","35166666","33.54 MB","2021-04-07T17:53:49+00:00","2021-04-07T16:30:27+00:00"
"rec_01bb62cb5525077335c3e4e0aaf73f22e29a7d0a","2021_01_06_14_28_01.mp3","\\SyNAS\Records\Audio\Time_Sort\2021","4018676","3.83 MB","2021-01-06T14:28:01+00:00","2021-01-06T13:32:12+00:00"
"rec_be36e00059060a29bfb44da4197034610a3e3250","2021_02_10_17_34_24.mp3","\\SyNAS\Records\Audio\Time_Sort\2021","73096462","69.71 MB","2021-02-10T17:34:24+00:00","2021-02-10T17:50:33+00:00"
"rec_3950db786b522909d9b38ced747d8ead6b05f092","2021_05_13_10_29_42.mp3","\\SyNAS\Records\2021","7803714","7.44 MB","2021-05-13T10:29:42+00:00","2021-05-13T08:37:50+00:00"
"rec_71b5a31f49340c481bc188639f34ea12d268a8a2","2022_01_07_20_35_39.mp3","\\SyNAS\Records\2022-Jan-July","446736438","426.04 MB","2022-01-07T20:35:39+00:00","2022-01-08T03:21:00+00:00"
"rec_4784fb8f6da9c3565eecc32e250e968badc93385","2022-06-16_21h46m42_Voix 006 grillon.m4a","\\SyNAS\Records\2022-July-Dec","887442","866.64 KB","2022-06-16T21:46:00+00:00","2022-06-16T19:46:42+00:00"
"rec_9d4300632a8e828d16aa89f39c3c6192ab4c567a","2021_03_22_19_55_44.mp3","\\SyNAS\Records\2021","21229738","20.25 MB","2021-03-22T19:55:44+00:00","2021-03-22T19:17:51+00:00"
"rec_4470b43de2a24973007369106c5221e34fce164c","2020_11_22_05_46_54 TT Home again.mp3","\\SyNAS\Records\Audio\2020-Unsorted","3448998","3.29 MB","2020-11-22T05:46:54+00:00","2020-11-22T04:50:30+00:00"
"rec_4386bd60c66483a6e6dfda72117f0b877c716748","2023-07-01_15h41m09_Voix 001 tomas.m4a","\\SyNAS\Records\2023","41920749","39.98 MB","2023-07-01T15:41:00+00:00","2023-07-01T13:41:09+00:00"
"rec_68f89bc88b23f39b11a86df380744489afcd7b63","2021_01_12_12_05_04 KTA ta gueule de mon droit a moi tu fais pas ce que tu veux.mp3","\\SyNAS\Records\Audio\Time_Sort\2021","583470","569.79 KB","2021-01-12T12:05:04+00:00","2021-01-12T11:05:41+00:00"
"rec_ff3b89a9793ed21ac10482469080aa4447a25a4a","2022-06-27_16h56m34_Voix 023 créations peinture.m4a","\\SyNAS\Records\2022-July-Dec","10264877","9.79 MB","2022-06-27T16:56:00+00:00","2022-06-27T14:56:34+00:00"
"rec_24f45cd65b13d61b0a1d8f2e1b0ffcdf89d417fc","2021_01_10_21_21_45 TA histoire.mp3","\\SyNAS\Records\2021","20984057","20.01 MB","2021-01-10T21:21:45+00:00","2021-01-10T20:43:37+00:00"
"rec_34eeb3c5e005a71feced2668d58bdbed2464c2d5","2021_01_25_07_42_17 KTA matin grognon.mp3","\\SyNAS\Records\2021","25593311","24.41 MB","2021-01-25T07:42:17+00:00","2021-01-25T07:08:57+00:00"
"rec_aa3c8bbf8d42728a5916a5f47bacbc7a122af8f5","2021_07_01_20_31_50 i love you.mp3","\\SyNAS\Records\2021","183901","179.59 KB","2021-07-01T20:31:50+00:00","2021-07-01T18:32:02+00:00"
"rec_596d41b109d363311c2475295e4da4b48a7c99b1","2020_11_25_21_39_57 eau fraiche.mp3","\\SyNAS\Records\Audio\2020-Unsorted","762356","744.49 KB","2020-11-25T21:39:57+00:00","2020-11-25T20:40:44+00:00"
"rec_f0ca1f6b3d7d7f8497d8864539b567fe849b511c","Audio recording 2020-08-29 12-26-32.wav","\\SyNAS\Records\2020","374786540","357.42 MB","2020-08-29T00:00:00+00:00","2020-08-29T12:41:05+00:00"
"rec_b99c16347c28982854d2b4cfb45dda0b224cb55b","2021_05_05_18_27_08.mp3","\\SyNAS\Records\2021","1328273","1.27 MB","2021-05-05T18:27:08+00:00","2021-05-05T16:28:31+00:00"
"rec_b3d1dcc4c89d9f270086fb64a386d441dd596ae3","Audio recording 2020-11-12 18-08-27.aac","\\SyNAS\Records\Audio\Time_Sort\2020","2619199","2.50 MB","2020-11-12T00:00:00+00:00","2020-11-12T17:09:48+00:00"
"rec_bc2a9e690505992b76befb8ade7d701b145c705a","Audio recording 2020-08-13 05-02-38.wav","\\SyNAS\Records\Audio\Time_Sort\2020","19675700","18.76 MB","2020-08-13T00:00:00+00:00","2020-08-13T03:04:30+00:00"
"rec_5833872c097519018311375b530e822c954df51c","2021_01_17_14_39_46 TA travailleur social.mp3","\\SyNAS\Records\Audio\Time_Sort\2021","134632593","128.40 MB","2021-01-17T14:39:46+00:00","2021-01-17T16:00:00+00:00"
"rec_17b345a152c782d7a25ef827c58495dde2a74524","2024-08-15_19h34m18_Voix 019 départ Aloïs.m4a","\\SyNAS\Records\2024-notag","153533743","146.42 MB","2024-08-15T19:34:00+00:00","2024-08-15T17:34:18+00:00"
"rec_d79879d7781b0fa5d8617fd2d1eeded0248dae20","2021_04_03_19_35_34 soupe.mp3","\\SyNAS\Records\2021","75665239","72.16 MB","2021-04-03T19:35:34+00:00","2021-04-03T18:54:23+00:00"
"rec_75206f19bf1733c0d9af6c8e2bc6bcfd43686813","2020_09_06_17_06_13.mp3","\\SyNAS\Records\Audio\2020-Unsorted","62945488","60.03 MB","2020-09-06T17:06:13+00:00","2020-09-06T16:11:48+00:00"
"rec_8be43cb0084cf0655867a6c2ef139d21bf29e452","2021_05_28_20_23_18 soiree.mp3","\\SyNAS\Records\2021","188146412","179.43 MB","2021-05-28T20:23:18+00:00","2021-05-28T21:39:18+00:00"
"rec_052f2560fcef1022037a8a2ad51951fe538b30bf","Audio recording 2020-12-12 20-05-37.aac","\\SyNAS\Records\Audio\Time_Sort\2020","50709434","48.36 MB","2020-12-12T00:00:00+00:00","2020-12-12T19:31:48+00:00"
"rec_343d8b45dc8dcc63fbd51f9857009b68d103f414","2022-08-22_12h37m05_Voix 062 lunch diffamatoire.m4a","\\SyNAS\Records\2022-July-Dec","45720893","43.60 MB","2022-08-22T12:37:00+00:00","2022-08-22T10:37:05+00:00"
"rec_c206fb78628642ff1cf4e5a0f13d628ef3928ff3","2021_07_14_23_09_30 marseillaise.mp3","\\SyNAS\Records\2021","7208123","6.87 MB","2021-07-14T23:09:30+00:00","2021-07-14T21:17:01+00:00"
"rec_3717d78b62189ea24170d46a7ea9e01efc19e129","2022_05_21_17_12_49.mp3","\\SyNAS\Records\2022-Jan-July","62892407","59.98 MB","2022-05-21T17:12:49+00:00","2022-05-21T16:18:22+00:00"
"rec_d8e657197c6f4f5e0bf48888ddee066d76d4cf03","2021_03_18_12_01_39 midi diffamation.mp3","\\SyNAS\Records\2021","19902379","18.98 MB","2021-03-18T12:01:39+00:00","2021-03-18T11:22:21+00:00"
"rec_2690836a35042c9591b09563d6c3f3cbab245e54","2023-05-22 Orage.m4a","\\SyNAS\Records\2023","8900414","8.49 MB","2023-05-22T00:00:00+00:00","2023-05-22T23:08:58+00:00"
"rec_b672a1650015b9c5de61aeca91ee163f715ed57a","Audio recording 2020-08-25 21-14-05.wav","\\SyNAS\Records\2020","107466452","102.49 MB","2020-08-25T00:00:00+00:00","2020-08-25T19:24:15+00:00"
"rec_63c8fc2578ddca587976aedb2d19b418414292e7","2023-08-03_18h49m46_Voix 009 dd kkjhh.m4a","\\SyNAS\Records\2023","35640491","33.99 MB","2023-08-03T18:49:00+00:00","2023-08-03T16:49:46+00:00"
"rec_d0c82286f4c433bd0305b68ff47c33cc788b86e4","Audio recording 2020-06-03 14-02-41.aac","\\SyNAS\Records\2020","250804845","239.19 MB","2020-06-03T00:00:00+00:00","2020-06-03T14:12:06+00:00"
"rec_85943b7e4f847008290919ccffc8e2c56a1735af","2022_01_11_19_33_06.mp3","\\SyNAS\Records\2022-Jan-July","308300465","294.02 MB","2022-01-11T19:33:06+00:00","2022-01-11T23:54:16+00:00"
"rec_a48255af76457cae1f0319f3dfe1cdabb2d8afc1","2019-10-12_00h42m12_Tnm.m4a","\\SyNAS\Records\2019","91739","89.59 KB","2019-10-12T00:42:00+00:00","2019-10-11T22:42:12+00:00"
"rec_6a73458c1ea2d62b2bcaa2c407fd6e7d993d2f36","2021_03_18_10_42_18 voljntid femo.mp3","\\SyNAS\Records\Audio\Time_Sort\2021","75050839","71.57 MB","2021-03-18T10:42:18+00:00","2021-03-18T11:00:29+00:00"
"rec_ba619dcd1d7197ed24d8067e6f3046612a83943b","2021_02_10_19_44_16.mp3","\\SyNAS\Records\Audio\Time_Sort\2021","6968214","6.65 MB","2021-02-10T19:44:16+00:00","2021-02-10T18:51:32+00:00"
"rec_071a7a56f1984d2c17a377d8f430bd0383ea6a3c","2021_04_15_16_46_54.mp3","\\SyNAS\Records\Audio\Time_Sort\2021","24966790","23.81 MB","2021-04-15T16:46:54+00:00","2021-04-15T15:12:55+00:00"
"rec_197abdf184ec5e200a90d9b375c23e1f7cdd20c0","Audio recording 2020-12-11 08-10-30.aac","\\SyNAS\Records\2020","1064352","1.02 MB","2020-12-11T00:00:00+00:00","2020-12-11T07:11:04+00:00"
"rec_a04bf6d15bdd5f607f3714c32048fd560d1b7857","2021_01_14_19_43_10.mp3","\\SyNAS\Records\Audio\Time_Sort\2021","36006764","34.34 MB","2021-01-14T19:43:10+00:00","2021-01-14T19:20:42+00:00"
"rec_dd8c7de9fc6f0d8dd5c169d3840ead0c742fc2ab","2020_11_12_13_05_37 koinal_p2.mp3","\\SyNAS\Records\2020\Tradewell-part2","29662956","28.29 MB","2020-11-12T13:05:37+00:00","2020-11-12T12:36:31+00:00"
"rec_431eba475733ce7fb286eb5a541a7cd7ad0caeeb","Audio recording 2020-11-16 18-37-47.aac","\\SyNAS\Records\Audio\Time_Sort\2020","2958259","2.82 MB","2020-11-16T00:00:00+00:00","2020-11-16T17:39:18+00:00"
"rec_1ff7998d386052c8fc1db30938895904cc6acccb","2021_10_05_19_34_55.mp3","\\SyNAS\Records\2021","290062","283.26 KB","2021-10-05T19:34:55+00:00","2021-10-05T17:35:13+00:00"
"rec_09e38232cf5212ec67222e6a72d210d70369ebc2","2021_03_29_17_11_13.mp3","\\SyNAS\Records\Audio\Time_Sort\2021","775313","757.14 KB","2021-03-29T17:11:13+00:00","2021-03-29T15:12:02+00:00"
"rec_17b82b3ab98becaf3f6df6ca63ce5d089cac7a47","2021_09_16_17_13_55.mp3","\\SyNAS\Records\2021","14772348","14.09 MB","2021-09-16T17:13:55+00:00","2021-09-16T15:29:18+00:00"
"rec_86ac545c5c33ce0152015cdf1648c45905dc2e07","2020-03-14_11h21m17_Recording (5)_Papa_Alois.m4a","\\SyNAS\Records\WebStorage\ALO","70818453","67.54 MB","2020-03-14T11:21:00+00:00","2020-04-06T15:42:00+00:00"
"rec_0d3f6b186ccb76e3429ee23de1cde7bc406165aa","Audio recording 2020-10-07 17-37-46.aac","\\SyNAS\Records\2020","73523363","70.12 MB","2020-10-07T00:00:00+00:00","2020-10-07T16:15:43+00:00"
"rec_a0da169e944414043077ffc359f78c0038295982","Audio recording 2020-08-13 05-07-10 L'espoir.wav","\\SyNAS\Records\2020","20003804","19.08 MB","2020-08-13T00:00:00+00:00","2020-08-13T03:09:04+00:00"
"rec_ca8280cb919f177786eba3e71cfc7e1172c12ebe","2020-05-11_08h04m38_Voix 024_sd alois parti.m4a","\\SyNAS\Records\Audio\Time_Sort\2020","2151838","2.05 MB","2020-05-11T08:04:00+00:00","2020-05-11T06:04:38+00:00"
"rec_cf3bb56267a9e9a53bb48a5a29e882f19b64cb4a","2021_03_28_21_17_03.mp3","\\SyNAS\Records\Audio\Time_Sort\2021","2323016","2.22 MB","2021-03-28T21:17:03+00:00","2021-03-28T19:19:29+00:00"
"rec_9ed073e8f7d100eb53d030ec7dac299b7bee6ce1","2020_12_19_22_29_49 pere noel.mp3","\\SyNAS\Records\Audio\Time_Sort\2020","5198575","4.96 MB","2020-12-19T22:29:49+00:00","2020-12-19T21:35:14+00:00"
"rec_f4c5bf6d5c31f89d834a9eda7412ed41cc6eb6aa","2020_12_26_01_36_57 Dinda talk.mp3","\\SyNAS\Records\Audio\Time_Sort\2020","69508701","66.29 MB","2020-12-26T01:36:57+00:00","2020-12-26T01:49:21+00:00"
"rec_b547bb4129a06de857d42d82a40ff66b892beffc","2023-08-30_18h39m25_Voix 014 improvisation take off loneliness.m4a","\\SyNAS\Records\2023","1701950","1.62 MB","2023-08-30T18:39:00+00:00","2023-08-30T16:39:25+00:00"
"rec_9d5aeee9f39b73ab4ec3812cb275b8a850ac1033","2020-05-09_18h31m30_Voix 015_sd.m4a","\\SyNAS\Records\Audio\Time_Sort\2020","20107642","19.18 MB","2020-05-09T18:31:00+00:00","2020-05-09T16:31:30+00:00"
"rec_73889d4170813578d8cec42f395d9e09a07f7675","2021_01_22_21_45_34.mp3","\\SyNAS\Records\Audio\Time_Sort\2021","454468753","433.42 MB","2021-01-22T21:45:34+00:00","2021-01-23T04:38:58+00:00"
"rec_98acf66af8714e7a7febd5c710d1071709e16b28","2020_08_27_11_15_15.mp3","\\SyNAS\Records\Audio\Time_Sort\2020","181680102","173.26 MB","2020-08-27T11:15:15+00:00","2020-08-27T12:24:30+00:00"
"rec_7533cc7e0723a8867e0eb1dcc6f0eefb2589dc4f","2021_01_08_11_48_50.mp3","\\SyNAS\Records\Audio\Time_Sort\2021","680854","664.90 KB","2021-01-08T11:48:50+00:00","2021-01-08T10:49:33+00:00"
"rec_d0ce11d7b0c081410e23e4778b48aab65a35ecc8","2021_01_23_12_57_15.mp3","\\SyNAS\Records\2021","1254294","1.20 MB","2021-01-23T12:57:15+00:00","2021-01-23T11:58:34+00:00"
"rec_8e50000433935d7ba5ed0740f791dcb0f37866c7","2020_12_26_22_47_34 machine a 23h.mp3","\\SyNAS\Records\Audio\Time_Sort\2020","2595107","2.47 MB","2020-12-26T22:47:34+00:00","2020-12-26T21:50:16+00:00"
"rec_530e7342598aad72e2a95ee62de062f80f281f6e","2021_07_15_19_17_48.mp3","\\SyNAS\Records\2021","155996994","148.77 MB","2021-07-15T19:17:48+00:00","2021-07-15T20:00:22+00:00"
"rec_4954ba3707fb769ca09102acd2a48e36172917f6","2022-11-29_08h06m13_Voix 103 Cat blame in the morning.m4a","\\SyNAS\Records\2022-July-Dec","4061822","3.87 MB","2022-11-29T08:06:00+00:00","2022-11-29T07:06:13+00:00"
"rec_98fb1f0a433449e603dc6a29dee29aca13d0b6d1","Audio recording 2020-08-31 20-40-10 chevalier de donnant.wav","\\SyNAS\Records\Audio\Time_Sort\2020","182443508","173.99 MB","2020-08-31T00:00:00+00:00","2020-08-31T18:57:25+00:00"
"rec_f6884565c4fe991076c20260ba37a86d5c7dd12f","2020-05-09_20h18m00_Voix 017_sd.m4a","\\SyNAS\Records\2020","678263","662.37 KB","2020-05-09T20:18:00+00:00","2020-05-09T18:18:00+00:00"
"rec_a7ebdaf00817f1f51cecd743237e8c62878b7fe8","2023-01-14_16h18m35_Voix 122 dd me tired.m4a","\\SyNAS\Records\2023","2455468","2.34 MB","2023-01-14T16:18:00+00:00","2023-01-14T15:18:35+00:00"
"rec_94610f3b1b07d8f843e5967c4189af83c3278d9e","2021_05_04_19_19_51.mp3","\\SyNAS\Records\Audio\Time_Sort\2021","9346820","8.91 MB","2021-05-04T19:19:51+00:00","2021-05-04T17:29:35+00:00"
"rec_c1a36815bd12a00ac7bbe14e073740b842d4437e","Audio recording 2020-09-01 16-35-13.wav","\\SyNAS\Records\Audio\Time_Sort\2020","14542460","13.87 MB","2020-09-01T00:00:00+00:00","2020-09-01T14:37:02+00:00"
"rec_2723b825365c5a4cf6b71d560023ec7c0d98c57a","2020-05-30 17-39-59.aac","\\SyNAS\Records\WebStorage\2020","6540428","6.24 MB","2020-05-30T00:00:00+00:00","2020-07-06T22:08:12+00:00"
"rec_a7d2a9d3b0b67b145586561fd592b5d4093cd8b2","Audio recording 2020-08-27 21-17-14.wav","\\SyNAS\Records\Audio\Time_Sort\2020","152787140","145.71 MB","2020-08-27T00:00:00+00:00","2020-08-27T19:31:40+00:00"
"rec_b12ac879018728db2e1001f3e240da9f876e2e52","2021_02_18_12_40_36.mp3","\\SyNAS\Records\Audio\Time_Sort\2021","128257043","122.32 MB","2021-02-18T12:40:36+00:00","2021-02-18T13:54:12+00:00"
"rec_a99e804de259d3c480d10c6b521fefc91a69a15b","Audio recording 2020-11-28 15-10-06.aac","\\SyNAS\Records\Audio\Time_Sort\2020","97142078","92.64 MB","2020-11-28T00:00:00+00:00","2020-11-28T15:02:58+00:00"
"rec_19dbac95c568b2e481aff5a9e1d22daed2b71ba1","2022-07-17_10h56m15_Voix 042 éclairage à propos du chien.m4a","\\SyNAS\Records\2022-July-Dec","8058256","7.68 MB","2022-07-17T10:56:00+00:00","2022-07-17T08:56:15+00:00"
"rec_29119dbcb382d61ad4f603bd1d0f5b1ba7bcc601","2023-10-25_02h16m58_Voix 015 Patrick morning.m4a","\\SyNAS\Records\2023","2813116","2.68 MB","2023-10-25T02:16:00+00:00","2023-10-25T00:16:58+00:00"
"rec_c2b7b77eb9ee006920848db46610fc202b478e55","2020_12_25_23_38_16 rire demoniaque.mp3","\\SyNAS\Records\2020","694643","678.36 KB","2020-12-25T23:38:16+00:00","2020-12-25T22:39:00+00:00"
"rec_ac943bd8d7f970883072affd9d24c694b107d5ff","2022-10-06_07h15m29_Voix 083.m4a","\\SyNAS\Records\2022-July-Dec","12077774","11.52 MB","2022-10-06T07:15:00+00:00","2022-10-06T05:15:29+00:00"
"rec_11bdaf998ce53a0e50c5831da721c2ff3fe18a1c","2021_02_09_21_59_01.mp3","\\SyNAS\Records\2021","47894777","45.68 MB","2021-02-09T21:59:01+00:00","2021-02-09T21:48:55+00:00"
"rec_d8bcf700fb884826fe10b151ebf225ba59de3643","2021_07_11_13_48_56 repas.mp3","\\SyNAS\Records\2021","17282193","16.48 MB","2021-07-11T13:48:56+00:00","2021-07-11T12:06:56+00:00"
"rec_12fb2cdf993095859ea3045bf798a4ed53b839cb","2022_06_04_11_51_47.mp3","\\SyNAS\Records\2022-Jan-July","5171837","4.93 MB","2022-06-04T11:51:47+00:00","2022-06-04T09:57:11+00:00"
"rec_4c03eca841f3bcfdf95f46441e6bccb963efa6ae","Audio recording 2020-11-21 22-23-38.aac","\\SyNAS\Records\Audio\Time_Sort\2020","401402","391.99 KB","2020-11-21T00:00:00+00:00","2020-11-21T21:23:50+00:00"
"rec_1cdc33be2f4590856e27731d646a77f3de91bdc4","2020-05-14_13h19m38_Voix 028_sd repas de midi.m4a","\\SyNAS\Records\Audio\Time_Sort\2020","70589512","67.32 MB","2020-05-14T13:19:00+00:00","2020-05-14T11:19:38+00:00"
"rec_12150e01783cc98c7ed3535f6438b9ec87516d7c","Audio recording 2020-10-22 18-51-46.aac","\\SyNAS\Records\2020","82328081","78.51 MB","2020-10-22T00:00:00+00:00","2020-10-22T17:34:16+00:00"
"rec_590757724834838f3328ef7e6056181345c5c660","2020_12_28_21_24_23 remettre internet.mp3","\\SyNAS\Records\2020","6680240","6.37 MB","2020-12-28T21:24:23+00:00","2020-12-28T20:31:21+00:00"
"rec_5afb966ca2d2555c8088b34ce0b8d3b5ccdb0998","2021_01_18_12_24_37 KT gros porc.mp3","\\SyNAS\Records\2021","1003101","979.59 KB","2021-01-18T12:24:37+00:00","2021-01-18T11:25:40+00:00"
"rec_3266305f733d9aa9a55b993720c02af72886697d","rec_20190822-1117.wav","\\SyNAS\Records\2019","133245548","127.07 MB","","2019-08-22T09:17:08+00:00"
"rec_1ef11e2ea651e37782bfdef65a5a51d4b2a2c769","20220608_120231.m4a","\\SyNAS\Records\2022-Jan-July","172133880","164.16 MB","","2022-06-08T12:35:56+00:00"
"rec_8a7002120c646742f0631a91b9ecfccc4010534c","2019-10-19_17h32m34_I.m4a","\\SyNAS\Records\2019","521214","509.00 KB","2019-10-19T17:32:00+00:00","2019-10-19T15:32:34+00:00"
"rec_b192d9ff7d565050bfc9c6c527ac3b13ae6a5b36","Audio recording 2020-07-02 12-10-18.aac","\\SyNAS\Records\2020","28289271","26.98 MB","2020-07-02T00:00:00+00:00","2020-07-02T10:24:54+00:00"
"rec_7edd26308a77566afd8f4a69191d5f3b3067dbbb","2019-10-27_14h18m30_Entretien 002.m4a","\\SyNAS\Records\Audio\Time_Sort\2019","15363096","14.65 MB","2019-10-27T14:18:00+00:00","2019-10-27T13:18:30+00:00"
"rec_a7256b8e6a15e365115bb655046e58a2ff2591fa","2021_01_02_22_57_36.mp3","\\SyNAS\Records\Audio\Time_Sort\2021","3291845","3.14 MB","2021-01-02T22:57:36+00:00","2021-01-02T22:01:02+00:00"
"rec_de5aeff96fe69be03fc94e03cdbc707c7ce343a9","2022-10-11_09h40m07_Voix 089 Breakfast d'enfer.m4a","\\SyNAS\Records\2022-July-Dec","21100752","20.12 MB","2022-10-11T09:40:00+00:00","2022-10-11T07:40:07+00:00"
"rec_571c1eef723c5038e643664c627b46e956594b4c","2021_05_29_17_15_36 degage.mp3","\\SyNAS\Records\2021","3436041","3.28 MB","2021-05-29T17:15:36+00:00","2021-05-29T15:19:11+00:00"
"rec_329d3ab1456f9097cc1233fe8aa23a9283a5cfcc","Audio recording 2020-06-24 19-17-56.aac","\\SyNAS\Records\2020","25385857","24.21 MB","2020-06-24T00:00:00+00:00","2020-06-24T17:31:02+00:00"
"rec_df9c880d257c9b1c24ddf82d8bbe0c9bbb09fb5b","2020_08_07_22_47_11 le meunier.mp3","\\SyNAS\Records\2020","8954774","8.54 MB","2020-08-07T22:47:11+00:00","2020-08-07T20:56:31+00:00"
"rec_7379e699c65feb51852b744fd0ce8744d0f11a21","2020-05-12_20h21m26_Voix 026_sd.m4a","\\SyNAS\Records\2020","1595247","1.52 MB","2020-05-12T20:21:00+00:00","2020-05-12T18:21:26+00:00"
"rec_b6e6f176d36f772acae987ae7869b87450cb9dd8","Audio recording 2020-07-03 17-49-27 champagne.wav","\\SyNAS\Records\Audio\Time_Sort\2020","127449044","121.54 MB","2020-07-03T00:00:00+00:00","2020-07-03T16:31:08+00:00"
"rec_b95f09259f276c71313d2d586dd28b3f4e875b48","2021_06_22_20_53_45 alois tarentule.mp3","\\SyNAS\Records\2021","19315146","18.42 MB","2021-06-22T20:53:45+00:00","2021-06-22T19:13:53+00:00"
"rec_32669d21191a176531f8225ded3f17c51e27f559","2021_05_03_12_08_51 mittag pause.mp3","\\SyNAS\Records\Audio\Time_Sort\2021","43850604","41.82 MB","2021-05-03T12:08:51+00:00","2021-05-03T10:54:32+00:00"
"rec_caca96b83a164e729901d42c2caec423b4913022","2021_04_22_12_00_30.mp3","\\SyNAS\Records\2021","41383391","39.47 MB","2021-04-22T12:00:30+00:00","2021-04-22T10:43:36+00:00"
"rec_2f895682f54d975ba838f3688b3877931ff55c1c","2020-05-17_17h34m58_Voix 034_sd dd insane.m4a","\\SyNAS\Records\Audio\Time_Sort\2020","62576729","59.68 MB","2020-05-17T17:34:00+00:00","2020-05-17T15:34:58+00:00"
"rec_eed85cd053cd2918af132c51afdb9df43404fe12","2021_06_05_13_16_42 i forgot the title.mp3","\\SyNAS\Records\2021","806242","787.35 KB","2021-06-05T13:16:42+00:00","2021-06-05T11:17:33+00:00"
"rec_17483211160ced92e7cc338a905e30e8ddb1f2d3","Audio recording 2020-11-05 11-44-42.aac","\\SyNAS\Records\Audio\Time_Sort\2020","12252706","11.69 MB","2020-11-05T00:00:00+00:00","2020-11-05T10:51:02+00:00"
"rec_5ebd0b8a260e3f842b14a8a8862fc0ef9af6f9a0","2022-12-27_19h51m24_Voix 116_DD_car.m4a","\\SyNAS\Records\2023","12420284","11.84 MB","2022-12-27T19:51:00+00:00","2022-12-27T18:51:24+00:00"
"rec_f3e6f95a2951af99ff206cc565ed7e3a818560f4","2021_04_28_13_41_42.mp3","\\SyNAS\Records\2021","14627","14.28 KB","2021-04-28T13:41:42+00:00","2021-04-28T11:41:43+00:00"
"rec_f445a048b982019a948c96b0410f7f17fca96662","2020_12_27_20_10_17 dinda call.mp3","\\SyNAS\Records\Audio\Time_Sort\2020","75192110","71.71 MB","2020-12-27T20:10:17+00:00","2020-12-27T20:28:37+00:00"
"rec_2084981fb82bf7f43d6edd88bdfd897960dae382","2022-08-03_00h27m44_Voix 009 KTA menace violente à travers porte.m4a","\\SyNAS\Records\2022-July-Dec","660920","645.43 KB","2022-08-03T00:27:00+00:00","2022-08-02T22:27:44+00:00"
"rec_7e3e65740765362f2421911b74245ec4418c8705","2022-12-27_17h32m16_Voix 113 refus et retour.m4a","\\SyNAS\Records\2023","13576133","12.95 MB","2022-12-27T17:32:00+00:00","2022-12-27T16:32:16+00:00"
"rec_8b5bc7f913eb9e8db46b659bded53971a0295ab7","2023-04-30_23h42m33_Voix 153 retour.m4a","\\SyNAS\Records\2023","6052618","5.77 MB","2023-04-30T23:42:00+00:00","2023-04-30T21:42:33+00:00"
"rec_d5787c4bf2220b0a02156a09a5b71e56825427bb","2019-10-19_17h31m28_Xe i.m4a","\\SyNAS\Records\2019","330829","323.08 KB","2019-10-19T17:31:00+00:00","2019-10-19T15:31:28+00:00"
"rec_9cc24fb553d48551cf56386b4613c6eb1345fe1b","2022-11-27_14h11m16_Voix 103 Aloïs impossible discussion.m4a","\\SyNAS\Records\2022-July-Dec","9571008","9.13 MB","2022-11-27T14:11:00+00:00","2022-11-27T13:11:16+00:00"
"rec_c0cf5acbd972a7bf496054a75624600c5045d59f","2021_09_22_13_08_36.mp3","\\SyNAS\Records\2021","202987310","193.58 MB","2021-09-22T13:08:36+00:00","2021-09-22T14:40:03+00:00"
"rec_89b48ce566cf0ebd83f1440e4d54356f10b1c7e9","2021_08_16_20_49_19 marco polo.mp3","\\SyNAS\Records\2021","15066591","14.37 MB","2021-08-16T20:49:19+00:00","2021-08-16T19:05:00+00:00"
"rec_dc9c9979e69a45e8cd24103edd205e7a043ca9ce","2020_10_20_18_37_24 racisme violence ordinaire.mp3","\\SyNAS\Records\Audio\2020-Unsorted","42121925","40.17 MB","2020-10-20T18:37:24+00:00","2020-10-20T17:21:17+00:00"
"rec_a11bbd7bb34a25c9dab6409e0bc015ca75f8b9fd","2022_05_26_18_40_54 late cooking.mp3","\\SyNAS\Records\2022-Jan-July","27714036","26.43 MB","2022-05-26T18:40:54+00:00","2022-05-26T17:09:47+00:00"
"rec_e2f54b63e4b57d3bde5876a656cf69b3a8739445","2020-03-14_10h26m32_Recording (4)_Papa_Alois.m4a","\\SyNAS\Records\WebStorage\ALO","46839089","44.67 MB","2020-03-14T10:26:00+00:00","2020-04-06T15:42:00+00:00"
"rec_30e5b4c730f4a65ea1cc7a35882923e07deace88","2021_05_20_12_20_11.mp3","\\SyNAS\Records\2021","20992417","20.02 MB","2021-05-20T12:20:11+00:00","2021-05-20T10:42:03+00:00"
"rec_0e3a133139bcce0eed84d4dc849832e94e199a15","Audio recording 2020-08-02 01-20-04.wav","\\SyNAS\Records\2020","111502484","106.34 MB","2020-08-02T00:00:00+00:00","2020-08-01T23:30:36+00:00"
"rec_1e21a1c8fc24732b4c472ebbddcb5ef53d5f4e35","2021_02_19_19_05_13.mp3","\\SyNAS\Records\2021","2124485","2.03 MB","2021-02-19T19:05:13+00:00","2021-02-19T18:07:26+00:00"
"rec_3632b99ffb9b055040a637185ae4630608e8fc89","2024-07-29_13h25m08_Voix 017 plomberie second part.m4a","\\SyNAS\Records\2024-notag","31251608","29.80 MB","2024-07-29T13:25:00+00:00","2024-07-29T11:25:08+00:00"
"rec_d39f4fbe85f31e5da2e84be35697c446189d9204","2022-09-28_22h08m55_Voix 080 insulte de facies pervers.m4a","\\SyNAS\Records\2022-July-Dec","37063455","35.35 MB","2022-09-28T22:08:00+00:00","2022-09-28T20:08:55+00:00"
"rec_97cb8e4417afa52584f426a5cca406fbb6f88c2c","Audio recording 2020-06-26 15-33-26.aac","\\SyNAS\Records\Audio\Time_Sort\2020","17956708","17.12 MB","2020-06-26T00:00:00+00:00","2020-06-26T13:42:42+00:00"
"rec_9ee8c2cad7ff986eabf8707b5d86faa9fbca1af7","2022-09-14_20h22m03_Voix 072 cheap chat avec Alois.m4a","\\SyNAS\Records\2022-July-Dec","15995460","15.25 MB","2022-09-14T20:22:00+00:00","2022-09-14T18:22:03+00:00"
"rec_e1607e8fd7475a4e062d5a3b22b648c1e1690b8e","2023-02-17_20h08m32_Voix 136.m4a","\\SyNAS\Records\2023","15328537","14.62 MB","2023-02-17T20:08:00+00:00","2023-02-17T19:08:32+00:00"
"rec_5368a043aa994150cb1874606df6318a0e9a7d3e","2021_03_29_17_52_04 tenardier.mp3","\\SyNAS\Records\Audio\Time_Sort\2021","9110673","8.69 MB","2021-03-29T17:52:04+00:00","2021-03-29T16:01:34+00:00"
"rec_7be318dd330a97d50f548f85d7a0ee8e165139c7","Audio recording 2020-05-28 20-03-13  soiree.aac","\\SyNAS\Records\2020","53096871","50.64 MB","2020-05-28T00:00:00+00:00","2020-05-28T18:30:38+00:00"
"rec_a9d7aabd5a35c70bc00a40c6034436f81e3a7335","2021_01_12_12_05_04 KTA ta gueule de mon droit a moi tu fais pas ce que tu veux.mp3","\\SyNAS\Records\2021","583470","569.79 KB","2021-01-12T12:05:04+00:00","2021-01-12T11:05:41+00:00"
"rec_de0f86afa400df8d3b8a281c592746a73e8fd0cd","2019-08-30_12h30m50_Enregistrement_0366.wav","\\SyNAS\Records\2019","8781824","8.38 MB","2019-08-30T12:30:00+00:00","2019-08-30T10:30:50+00:00"
"rec_6f1b93c0c823fab8b0098390d9d98472c5f57855","2021_06_01_21_51_50.mp3","\\SyNAS\Records\2021","25069528","23.91 MB","2021-06-01T21:51:50+00:00","2021-06-01T20:17:57+00:00"
"rec_165f6814c54d7a85f2cfa7d2d1b48fa2f277fac3","Audio recording 2020-11-03 22-40-13.aac","\\SyNAS\Records\Audio\2020-Unsorted","14478917","13.81 MB","2020-11-03T00:00:00+00:00","2020-11-03T21:47:42+00:00"
"rec_87a9f6305ce4d328d112c5c1af884c7a52e50570","2021_03_07_18_23_16.mp3","\\SyNAS\Records\2021","1688136","1.61 MB","2021-03-07T18:23:16+00:00","2021-03-07T17:25:02+00:00"
"rec_b20cbd30341eebdfa35c8ec3ba27db3b996c6e07","2023-08-05_16h25m01_Voix 009 chez maeva.m4a","\\SyNAS\Records\2023","119698621","114.15 MB","2023-08-05T16:25:00+00:00","2023-08-05T14:25:01+00:00"
"rec_b0ba8603b418a7483024e9adec4f7bc3badcb207","Audio recording 2020-10-07 23-29-16.aac","\\SyNAS\Records\2020","172158688","164.18 MB","2020-10-07T00:00:00+00:00","2020-10-07T22:58:06+00:00"
"rec_7663bbea4d63d32dafac0db5df5cc11f88936aa5","2022-08-24_19h26m37_Voix 065 Hypertonie Frau.m4a","\\SyNAS\Records\2022-July-Dec","3942065","3.76 MB","2022-08-24T19:26:00+00:00","2022-08-24T17:26:37+00:00"
"rec_aa4cef46f0da445da6d03ba21fc111ef54edd7c6","2021_07_12_00_18_52.mp3","\\SyNAS\Records\2021","2783607","2.65 MB","2021-07-12T00:18:52+00:00","2021-07-11T22:21:46+00:00"
"rec_3b5724ffd21b5b5543438a83dc10c6ce0d26ce21","2021_05_31_21_43_08.mp3","\\SyNAS\Records\2021","2679953","2.56 MB","2021-05-31T21:43:08+00:00","2021-05-31T19:45:57+00:00"
"rec_a0a6336d0fdee3dc4193d49dba2d9ae5afee9e3d","2021_01_23_12_57_15.mp3","\\SyNAS\Records\Audio\Time_Sort\2021","1254294","1.20 MB","2021-01-23T12:57:15+00:00","2021-01-23T11:58:34+00:00"
"rec_36dbbe5d39a8b5f0942bc9732c5c8a247ec74ffe","2021_02_03_15_43_58.mp3","\\SyNAS\Records\2021","4999626","4.77 MB","2021-02-03T15:43:58+00:00","2021-02-03T14:49:10+00:00"
"rec_61fba23cf8a8552c12bf9e1e315c7e217d962fe8","2020_09_17_20_50_22 Piraten maladies .mp3","\\SyNAS\Records\Audio\2020-Unsorted","32878746","31.36 MB","2020-09-17T20:50:22+00:00","2020-09-17T19:24:39+00:00"
"rec_50addb84351895270a4a704c979ed65297847722","2022-08-03_00h11m16_Voix 014 TA double facteur.m4a","\\SyNAS\Records\2022-July-Dec","11775825","11.23 MB","2022-08-03T00:11:00+00:00","2022-08-02T22:11:16+00:00"
"rec_378643733badbb312100fabcbbade5c3e3fd3c18","2021_02_12_22_10_55 TA histoire debriefing.mp3","\\SyNAS\Records\2021","15026885","14.33 MB","2021-02-12T22:10:55+00:00","2021-02-12T21:26:34+00:00"
"rec_9bce9ab72f88b79887194a77946e4ce8772718ce","2021_02_06_16_44_44 KT pipi.mp3","\\SyNAS\Records\2021","7499440","7.15 MB","2021-02-06T16:44:44+00:00","2021-02-06T15:52:33+00:00"
"rec_e01217c10fec6de287258ea50a0d30dd2016abd5","2021_01_04_09_51_06 DD lawyer.mp3","\\SyNAS\Records\Audio\Time_Sort\2021","36497866","34.81 MB","2021-01-04T09:51:06+00:00","2021-01-04T09:29:07+00:00"
"rec_cb41da6e82ff53fc6080034e2f3c7a382e66f17a","Audio recording 2020-12-03 11-54-08.aac","\\SyNAS\Records\Audio\Time_Sort\2020","72950330","69.57 MB","2020-12-03T00:00:00+00:00","2020-12-03T11:31:46+00:00"
"rec_fc537dbe09f52008d352bb3856a7bf32228cda2e","2022-08-03_00h27m08_Voix 009 Discussion partage alois pour les courses.m4a","\\SyNAS\Records\2022-July-Dec","7410384","7.07 MB","2022-08-03T00:27:00+00:00","2022-08-02T22:27:08+00:00"
"rec_a67d3efa0fffdeaa82c1bdea6718702ced982676","2021_03_05_22_49_49.mp3","\\SyNAS\Records\2021","6811897","6.50 MB","2021-03-05T22:49:49+00:00","2021-03-05T21:56:55+00:00"
"rec_e188a0dc26b75472510cd85653efef3bd8e51cc1","2021_02_17_09_48_56.mp3","\\SyNAS\Records\2021","42416586","40.45 MB","2021-02-17T09:48:56+00:00","2021-02-17T09:33:07+00:00"
"rec_77d757ac92eea4d80a9923021b9a9295182f85dd","2021_01_05_12_10_46.mp3","\\SyNAS\Records\2021","164897017","157.26 MB","2021-01-05T12:10:46+00:00","2021-01-05T14:02:34+00:00"
"rec_5a23d14afd97cf7a9dc0630170d4cc1b08800b43","2021_02_16_12_38_18.mp3","\\SyNAS\Records\Audio\Time_Sort\2021","83298428","79.44 MB","2021-02-16T12:38:18+00:00","2021-02-16T13:05:06+00:00"
"rec_14798481fcf344222c0bc7028b33da4fac630cfd","2021_02_06_16_57_28.mp3","\\SyNAS\Records\2021","49890114","47.58 MB","2021-02-06T16:57:28+00:00","2021-02-06T16:49:26+00:00"
"rec_e05595b7b86a3920343acf9a95f77e0d3659bffa","2022_05_24_01_44_45.mp3","\\SyNAS\Records\2022-Jan-July","23653981","22.56 MB","2022-05-24T01:44:45+00:00","2022-05-24T00:09:24+00:00"
"rec_d5cb7b4af4443f339e83e710cf058058563bc6ca","2020_08_11_17_30_52.mp3","\\SyNAS\Records\Audio\Time_Sort\2020","34843166","33.23 MB","2020-08-11T17:30:52+00:00","2020-08-11T16:07:10+00:00"
"rec_36f32c9946c1a9dd1995d3848dfe8806be541d68","2021_02_25_13_14_36.mp3","\\SyNAS\Records\2021","1979871","1.89 MB","2021-02-25T13:14:36+00:00","2021-02-25T12:16:40+00:00"
"rec_c8d85629f3fc67dbaffb6365acd01fdb90745407","2021_11_11_21_16_34 grotte de lascaux.mp3","\\SyNAS\Records\2021","16377311","15.62 MB","2021-11-11T21:16:34+00:00","2021-11-11T20:33:38+00:00"
"rec_fffbc0468c561b14c86666ed1f5da323025667ff","2022-07-01_21h18m46_Voix 028.m4a","\\SyNAS\Records\2022-July-Dec","7468367","7.12 MB","2022-07-01T21:18:00+00:00","2022-07-01T19:18:46+00:00"
"rec_7a651a4b90410fcaeca00df4a3a3639453893a47","2021_01_28_20_58_26.mp3","\\SyNAS\Records\2021","19719313","18.81 MB","2021-01-28T20:58:26+00:00","2021-01-28T20:18:59+00:00"
"rec_5aa1f6053caf3265d8319035dfd2509cf88821a8","2021_06_29_18_46_06 after work confidence.mp3","\\SyNAS\Records\2021","91716126","87.47 MB","2021-06-29T18:46:06+00:00","2021-06-29T18:21:42+00:00"
"rec_c4a424da0da0f739bca596266e676249d2039d3f","2022-10-27_06h37m53_Voix 091 petit dej.m4a","\\SyNAS\Records\2022-July-Dec","10721506","10.22 MB","2022-10-27T06:37:00+00:00","2022-10-27T04:37:53+00:00"
"rec_5959b9bca9cb5c33d4639293e09d4e86d8bf7610","2021_02_18_18_12_56.mp3","\\SyNAS\Records\2021","25039933","23.88 MB","2021-02-18T18:12:56+00:00","2021-02-18T17:39:01+00:00"
"rec_0de74136edf4cf40a68e71e4f02b4cc3892d4362","2021_03_06_21_58_25.mp3","\\SyNAS\Records\2021","44902608","42.82 MB","2021-03-06T21:58:25+00:00","2021-03-06T21:45:11+00:00"
"rec_cb3de5dfa79bb1a23d3d791031507ed40bb20db8","2021_02_13_17_55_53.mp3","\\SyNAS\Records\Audio\Time_Sort\2021","7494012","7.15 MB","2021-02-13T17:55:53+00:00","2021-02-13T17:05:43+00:00"
"rec_137d3245a34b50c23293f2d36ae430f73f69f58b","2021_02_01_18_09_54.mp3","\\SyNAS\Records\2021","9223940","8.80 MB","2021-02-01T18:09:54+00:00","2021-02-01T17:19:31+00:00"
"rec_21eb501c0c0b481dcd4b0061cd83881e5fa8d62f","Audio recording 2020-11-01 21-18-03.aac","\\SyNAS\Records\2020","90736736","86.53 MB","2020-11-01T00:00:00+00:00","2020-11-01T21:04:52+00:00"
"rec_8d3787274fa26e11c886750065bfe8990ffb30da","2019-10-05_14h41m20_AloisChante.wav","\\SyNAS\Records\Audio\Time_Sort\2019","985699","962.60 KB","2019-10-05T14:41:00+00:00","2019-10-05T12:41:20+00:00"
"rec_982f118d233ebd9d125cb489ad1b8e9cbaad5f71","2021_01_28_11_00_21.mp3","\\SyNAS\Records\Audio\Time_Sort\2021","5081128","4.85 MB","2021-01-28T11:00:21+00:00","2021-01-28T10:05:38+00:00"
"rec_f1c66c08ae7830105f315ad0b9b3ea8a52f14a5f","2021_04_06_21_34_52.mp3","\\SyNAS\Records\Audio\Time_Sort\2021","30959071","29.52 MB","2021-04-06T21:34:52+00:00","2021-04-06T20:07:07+00:00"
"rec_8f8d0933bf906f476bd7058e96cdbddcb6c85c2b","2021_02_16_18_46_01.mp3","\\SyNAS\Records\2021","14970461","14.28 MB","2021-02-16T18:46:01+00:00","2021-02-16T18:01:37+00:00"
"rec_829b16a03cb9544acfc6ae2386d0675b24492c51","Audio recording 2020-12-12 22-22-10 les cartons.aac","\\SyNAS\Records\2020","10040098","9.57 MB","2020-12-12T00:00:00+00:00","2020-12-12T21:27:21+00:00"
"rec_6c9446a110696a00778805e011b5d9f22e105d98","2021_01_18_12_24_37 KT gros porc.mp3","\\SyNAS\Records\Audio\Time_Sort\2021","1003101","979.59 KB","2021-01-18T12:24:37+00:00","2021-01-18T11:25:40+00:00"
"rec_bdcf266d5e8b89d29dc44746a7ab0cdd3281f8e7","2021_07_22_19_56_58.mp3","\\SyNAS\Records\2021","123099427","117.40 MB","2021-07-22T19:56:58+00:00","2021-07-22T20:05:12+00:00"
"rec_1e306b85373657c3e7be7a4f831937b2f29ae058","2021_10_04_21_23_36.mp3","\\SyNAS\Records\2021","744384","726.94 KB","2021-10-04T21:23:36+00:00","2021-10-04T19:24:23+00:00"
"rec_02f171ad1e06ab506e321db0fad42383695d4fbc","2022-07-21_13h57m06_Voix 046 KTA midi cat avec les copains.m4a","\\SyNAS\Records\2022-July-Dec","44507047","42.45 MB","2022-07-21T13:57:00+00:00","2022-07-21T11:57:06+00:00"
"rec_5adb4a78eb8645781a3387e77f3ce854bca09c37","2020_09_17_14_26_33 cafe.mp3","\\SyNAS\Records\Audio\2020-Unsorted","5968456","5.69 MB","2020-09-17T14:26:33+00:00","2020-09-17T12:32:46+00:00"
"rec_fc493038776796c5abfbd6993f4c814c04d1cb17","2021_09_05_13_57_44.mp3","\\SyNAS\Records\2021","27687705","26.41 MB","2021-09-05T13:57:44+00:00","2021-09-05T12:26:37+00:00"
"rec_02709e7eb7916624eab57e50cf1a8b96aa20a97c","Audio recording 2020-07-11 21-33-25.wav","\\SyNAS\Records\2020","172935548","164.92 MB","2020-07-11T00:00:00+00:00","2020-07-11T19:49:46+00:00"
"rec_80d598de49045a34bcf071cd5f0bbde61940f8a9","2021_02_21_18_28_47.mp3","\\SyNAS\Records\Audio\Time_Sort\2021","6762160","6.45 MB","2021-02-21T18:28:47+00:00","2021-02-21T17:35:50+00:00"
"rec_690c185ea27a928d627099893e9612127b8d4722","Audio recording 2020-09-01 16-13-29.wav","\\SyNAS\Records\2020","13244156","12.63 MB","2020-09-01T00:00:00+00:00","2020-09-01T14:14:45+00:00"
"rec_154dd75ff16e237500dc8921c77ad2d10b004e70","Audio recording 2020-07-20 12-06-12.wav","\\SyNAS\Records\2020","196918892","187.80 MB","2020-07-20T00:00:00+00:00","2020-07-20T10:30:18+00:00"
"rec_0871f4bd55fcb9d63559a849b138d58bf4afa3de","Audio recording 2020-08-17 20-50-47.wav","\\SyNAS\Records\Audio\Time_Sort\2020","21277412","20.29 MB","2020-08-17T00:00:00+00:00","2020-08-17T18:52:48+00:00"
"rec_3deceed6003d9fd32c37a2aa4a8a3a6c6ad6620b","2020_12_27_23_47_34.mp3","\\SyNAS\Records\2020","19922441","19.00 MB","2020-12-27T23:47:34+00:00","2020-12-27T23:08:20+00:00"
"rec_9dcf4b1f668189defc37cfdc37c04b4a27f0113c","Audio recording 2020-10-29 12-06-51 midi.aac","\\SyNAS\Records\2020","100232230","95.59 MB","2020-10-29T00:00:00+00:00","2020-10-29T11:58:34+00:00"
"rec_beb45cf275c92629e86c4c6ec4d33a72336482a1","2021_02_02_16_33_27.mp3","\\SyNAS\Records\2021","15123016","14.42 MB","2021-02-02T16:33:27+00:00","2021-02-02T15:49:12+00:00"
"rec_c320e259016da344a8a8da8c3af0233d3bb37d37","2020_12_28_14_50_04 midi humiliation permanente.mp3","\\SyNAS\Records\Audio\Time_Sort\2020","28287476","26.98 MB","2020-12-28T14:50:04+00:00","2020-12-28T14:19:32+00:00"
"rec_b3defa68d43a97908aa96233d066ab748a1644dc","2024-04-30_19h39m52_Voix 001 Aloïs premier jour looping.m4a","\\SyNAS\Records\2024","57481243","54.82 MB","2024-04-30T19:39:00+00:00","2024-04-30T17:39:52+00:00"
"rec_1caabbb33664fac2cf158f3acb8c8241928202c2","Audio recording 2020-09-12 13-41-28 KTA interdire entré sortir.aac","\\SyNAS\Records\2020","10686636","10.19 MB","2020-09-12T00:00:00+00:00","2020-09-12T11:47:00+00:00"
"rec_f9d381950d9734c6eb2a2dff1399105af813fdda","2020_12_31_19_40_03.mp3","\\SyNAS\Records\Audio\Time_Sort\2020","59480188","56.72 MB","2020-12-31T19:40:03+00:00","2020-12-31T19:42:00+00:00"
"rec_a32f5d2dc7e487640807f77928fbba03713dbba2","2021_02_16_14_21_19.mp3","\\SyNAS\Records\Audio\Time_Sort\2021","36905794","35.20 MB","2021-02-16T14:21:19+00:00","2021-02-16T13:59:47+00:00"
"rec_bdcc5c5b33f9682bfe4e5a0f80ef7ee104f13cde","2021_01_08_11_48_50.mp3","\\SyNAS\Records\2021","680854","664.90 KB","2021-01-08T11:48:50+00:00","2021-01-08T10:49:33+00:00"
"rec_e93e9f44577b6c5c361c1aa561b7c84d55a75ba6","Audio recording 2020-07-11 21-33-25.wav","\\SyNAS\Records\Audio\Time_Sort\2020","172935548","164.92 MB","2020-07-11T00:00:00+00:00","2020-07-11T19:49:46+00:00"
"rec_2547e7645b0225beaa73c51ce0d1829b51888588","2021_05_26_15_01_19.mp3","\\SyNAS\Records\2021","1338304","1.28 MB","2021-05-26T15:01:19+00:00","2021-05-26T13:02:43+00:00"
"rec_0bccbc8c8c11dd84dfc64ef4904f62560c10e661","2022-09-24_08h23m20_Voix 079 travail illégal.m4a","\\SyNAS\Records\2022-July-Dec","41307648","39.39 MB","2022-09-24T08:23:00+00:00","2022-09-24T06:23:20+00:00"
"rec_54f7fd72808bc1e044b5058e60ddec3b53f02c51","2021_10_19_21_06_02 petit nicolas - on a bien rigolé.mp3","\\SyNAS\Records\2021","9546186","9.10 MB","2021-10-19T21:06:02+00:00","2021-10-19T19:15:59+00:00"
"rec_fa5f92c47741c45595d2b0cbad6f446d0174ddde","2024-07-29_23h16m24_Voix 017 fin de soirée.m4a","\\SyNAS\Records\2024-notag","90488813","86.30 MB","2024-07-29T23:16:00+00:00","2024-07-29T21:16:24+00:00"
"rec_61e93a4f0c25e342fcad8bb48c6a82c5fe2ef516","2022-06-20_12h55m42_Voix 011.m4a","\\SyNAS\Records\2022-July-Dec","13300699","12.68 MB","2022-06-20T12:55:00+00:00","2022-06-20T10:55:42+00:00"
"rec_c5f4353c8f8eccc3f1b6de9f928801d286655676","2020_10_04_17_18_20 ping pong.mp3","\\SyNAS\Records\Audio\2020-Unsorted","99956191","95.33 MB","2020-10-04T17:18:20+00:00","2020-10-04T17:02:28+00:00"
"rec_c96af2f42fc612f93f8b5ae7983edefcd39ff091","2024-01-08_18h02m37_Voix 023 retour de zukunft tage.m4a","\\SyNAS\Records\2024","52787325","50.34 MB","2024-01-08T18:02:00+00:00","2024-01-08T17:02:37+00:00"
"rec_64205cec6aa1942ce6fb4f9cfc740e577172e517","2021_05_01_14_23_12.mp3","\\SyNAS\Records\Audio\Time_Sort\2021","20616253","19.66 MB","2021-05-01T14:23:12+00:00","2021-05-01T12:44:41+00:00"
"rec_1948387444b46f95d2ce69c060ea7e67de7c9bca","2020_12_28_22_14_45.mp3","\\SyNAS\Records\2020","4192547","4.00 MB","2020-12-28T22:14:45+00:00","2020-12-28T21:19:07+00:00"
"rec_97bc1da31a1066d383e5684b20cc1a6b34192b04","2022-10-15_14h42m01_Voix 089.m4a","\\SyNAS\Records\2022-July-Dec","6750814","6.44 MB","2022-10-15T14:42:00+00:00","2022-10-15T12:42:01+00:00"
"rec_aab4cf9ebf7fd600dc96a4ab8a9b0f182cc51318","2019-09-17_18h37m08_Tradewell_Enregistrement_413.wav","\\SyNAS\Records\2019","65187299","62.17 MB","2019-09-17T18:37:00+00:00","2019-09-17T16:37:08+00:00"
"rec_faaa6b21bdd102d4f6c303e17b5ddd0034a6d834","2019-10-27_18h40m58_Enregistrement_422.wav","\\SyNAS\Records\2019","85676899","81.71 MB","2019-10-27T18:40:00+00:00","2019-10-27T17:40:58+00:00"
"rec_fd16d5e33e6b16f5623ab10325b9269fcbf5bdf2","2020_12_29_15_54_09.mp3","\\SyNAS\Records\Audio\Time_Sort\2020","10228296","9.75 MB","2020-12-29T15:54:09+00:00","2020-12-29T15:04:49+00:00"
"rec_28fcc9d48f087b7b144c7c70c93b6aeebed31065","2024-05-20_14h59m55_Voix 002 melodie.m4a","\\SyNAS\Records\2024-notag","601410","587.31 KB","2024-05-20T14:59:00+00:00","2024-05-20T12:59:55+00:00"
"rec_86763da05afba6baecb744429a3820b256edcc8b","20220720_132211 dd.m4a","\\SyNAS\Records\2022-Jan-July","20086898","19.16 MB","","2022-07-20T11:40:06+00:00"
"rec_f11b72a7ee8df6f02eb6edbdc9b6c54b10be9859","2020_08_22_15_53_20 me rend fous.mp3","\\SyNAS\Records\2020","45357765","43.26 MB","2020-08-22T15:53:20+00:00","2020-08-22T14:40:35+00:00"
"rec_42681c3900159042b934d742e32fcf7263f21b1a","2022-08-13_13h38m04_Voix 058.m4a","\\SyNAS\Records\2022-July-Dec","4259568","4.06 MB","2022-08-13T13:38:00+00:00","2022-08-13T11:38:04+00:00"
"rec_3d2b931a318c7b4adc879e35c77e8a5ff0824ff5","2021_03_26_20_34_45.mp3","\\SyNAS\Records\Audio\Time_Sort\2021","3042323","2.90 MB","2021-03-26T20:34:45+00:00","2021-03-26T19:37:55+00:00"
"rec_77ca6cba757d7ea34792e33f1adbf1477727d888","2020_12_30_18_42_25 computer asked.mp3","\\SyNAS\Records\Audio\Time_Sort\2020","10606967","10.12 MB","2020-12-30T18:42:25+00:00","2020-12-30T17:53:28+00:00"
"rec_0d2506d5037fb69a9b0a5f0272229b21b02abe6d","2022-12-26_01h57m14_Voix 112.m4a","\\SyNAS\Records\2023","12057705","11.50 MB","2022-12-26T01:57:00+00:00","2022-12-26T00:57:14+00:00"
"rec_5d56767dab5b805b89aacf839b5f14fdeed1ae8f","2020-05-13_21h22m52_Chapitre 3.m4a","\\SyNAS\Records\Audio\Time_Sort\2020","19316060","18.42 MB","2020-05-13T21:22:00+00:00","2020-05-13T19:22:52+00:00"
"rec_ed94c9a29f9269ffbfabd47729ce0af475c47726","2022_06_03_22_38_17.mp3","\\SyNAS\Records\2022-Jan-July","10183574","9.71 MB","2022-06-03T22:38:17+00:00","2022-06-03T20:48:54+00:00"
"rec_968d553c50ccfbab915449868959ca83def73053","2022-06-30_07h49m31_Voix 027.m4a","\\SyNAS\Records\2022-July-Dec","218026","212.92 KB","2022-06-30T07:49:00+00:00","2022-06-30T05:49:31+00:00"
"rec_1808d098180b7560ff997744b12eaec7289e8869","2020-05-09_15h44m52_Voix 012_sd.m4a","\\SyNAS\Records\2020","6338033","6.04 MB","2020-05-09T15:44:00+00:00","2020-05-09T13:44:52+00:00"
"rec_d4a39badc24bee77185921fdfcf5ad917383645f","Audio recording 2020-12-01 20-53-09 comme un conjoint, appartement de merde, harcellement.aac","\\SyNAS\Records\Audio\Time_Sort\2020","7144906","6.81 MB","2020-12-01T00:00:00+00:00","2020-12-01T19:56:50+00:00"
"rec_a14cae4e89ffd4dbe7942692d0bdb50c64406aa9","2021_03_25_13_20_39.mp3","\\SyNAS\Records\Audio\Time_Sort\2021","859741","839.59 KB","2021-03-25T13:20:39+00:00","2021-03-25T12:21:33+00:00"
"rec_4898360544c230f0e03bb7c65851882ff14396d4","2022_06_02_07_34_56.mp3","\\SyNAS\Records\2022-Jan-July","238399667","227.36 MB","2022-06-02T07:34:56+00:00","2022-06-02T09:43:22+00:00"
"rec_60bd985bc5e7cd4d6ce08890bc7e675d74068f5c","2022-09-09_12h34m19_Voix 068 DD mise au point.m4a","\\SyNAS\Records\2022-July-Dec","9954966","9.49 MB","2022-09-09T12:34:00+00:00","2022-09-09T10:34:19+00:00"
"rec_c9c84e18b57cab63cc692898e2d8712f97c91ea8","2021_04_17_18_37_09.mp3","\\SyNAS\Records\2021","5236191","4.99 MB","2021-04-17T18:37:09+00:00","2021-04-17T16:42:36+00:00"
"rec_b4e0ba83a43c9f76f944bde33354d1fb7119a040","2021_05_02_12_53_02_KT_ouf ouf ouf.mp3","\\SyNAS\Records\Audio\Time_Sort\2021","4583339","4.37 MB","2021-05-02T12:53:02+00:00","2021-05-02T10:57:49+00:00"
"rec_b5a076e2725d57c89bbd35934c868059b1f13261","2020_12_20_20_48_31 retour maison.mp3","\\SyNAS\Records\Audio\Time_Sort\2020","15049873","14.35 MB","2020-12-20T20:48:31+00:00","2020-12-20T20:04:11+00:00"
"rec_56836dc27404a806fa224fa5104dd33af08ca05d","Voix 026 soirée mouvementée avec Aloïs.m4a","\\SyNAS\Records\#recycle\2024-notag","224931480","214.51 MB","","2024-12-20T22:06:32+00:00"
"rec_d0c5d7ea3d4facc0958f835b2cc79a8eab9a0678","2021_02_10_15_39_22.mp3","\\SyNAS\Records\Audio\Time_Sort\2021","37042885","35.33 MB","2021-02-10T15:39:22+00:00","2021-02-10T15:17:58+00:00"
"rec_5b00aa26c38bc7a1e954e9531f7eebb6f2e45d3e","Audio recording 2020-09-07 01-06-14.aac","\\SyNAS\Records\Audio\Time_Sort\2020","698333","681.97 KB","2020-09-07T00:00:00+00:00","2020-09-06T23:06:37+00:00"
"rec_2553022b6c080467ac8d76e830ca6a7497d2693f","2023-05-13_11h05m38_Voix 155.m4a","\\SyNAS\Records\2023","24592628","23.45 MB","2023-05-13T11:05:00+00:00","2023-05-13T09:05:38+00:00"
"rec_9913f3c5c859133ab30b3bda0863199c7fbd543d","2021_07_01_20_36_54 histoire - troubadour.mp3","\\SyNAS\Records\2021","1926790","1.84 MB","2021-07-01T20:36:54+00:00","2021-07-01T18:38:55+00:00"
"rec_5d44dec87cc6382b332e375c9d6097c2c3816460","2021_02_17_16_59_35 aboule 150.mp3","\\SyNAS\Records\Audio\Time_Sort\2021","80707059","76.97 MB","2021-02-17T16:59:35+00:00","2021-02-17T17:23:40+00:00"
"rec_e77f1c0f304971332a295e9e37d2c80e939dfad6","2021_03_24_12_01_25.mp3","\\SyNAS\Records\Audio\Time_Sort\2021","110763780","105.63 MB","2021-03-24T12:01:25+00:00","2021-03-24T12:56:48+00:00"
"rec_52a793f01638baa670bcb5d7b845df63448ff064","2022_05_25_15_57_39.mp3","\\SyNAS\Records\2022-Jan-July","5445589","5.19 MB","2022-05-25T15:57:39+00:00","2022-05-25T14:03:19+00:00"
"rec_6c453c8e116fe4fc808e69afa0bfc9a35d6adb66","Audio recording 2020-07-09 21-54-28.wav","\\SyNAS\Records\Audio\Time_Sort\2020","2317940","2.21 MB","2020-07-09T00:00:00+00:00","2020-07-09T19:54:42+00:00"
"rec_13bc184b033e88bdb8c201852ccbc2e7f6bbca54","2021_01_03_16_22_26.mp3","\\SyNAS\Records\Audio\Time_Sort\2021","154351907","147.20 MB","2021-01-03T16:22:26+00:00","2021-01-03T18:03:16+00:00"
"rec_941d2e5c0cb8426dcd0fa5a5544d8b4a0933560e","Audio recording 2020-07-01 10-00-22.aac","\\SyNAS\Records\Audio\Time_Sort\2020","48847","47.70 KB","2020-07-01T00:00:00+00:00","2020-07-01T08:00:24+00:00"
"rec_8c8b5b150fc5ae6821239418b573d49c24f6e7e4","2022_06_01_13_00_30.mp3","\\SyNAS\Records\2022-Jan-July","76824658","73.27 MB","2022-06-01T13:00:30+00:00","2022-06-01T12:20:32+00:00"
"rec_cee152f233a63c6effc9c14b3ce19325fe6114ce","2023-10-25_02h13m46_Voix 015 Patrick bruel.m4a","\\SyNAS\Records\2023","5895159","5.62 MB","2023-10-25T02:13:00+00:00","2023-10-25T00:13:46+00:00"
"rec_6d9d84d3887df79f2f380fbcf2992f2ef8f352b9","2022-11-13_16h33m47_Voix 099.m4a","\\SyNAS\Records\2022-July-Dec","8435164","8.04 MB","2022-11-13T16:33:00+00:00","2022-11-13T15:33:47+00:00"
"rec_b7827fd1359fb5b64fcdad1dc58d0c3396504463","2019-10-19_17h29m14_Saxi.m4a","\\SyNAS\Records\Audio\Time_Sort\2019","201877","197.15 KB","2019-10-19T17:29:00+00:00","2019-10-19T15:29:14+00:00"
"rec_fcea8ec236d8857effeb232a9927e8bfaf665d49","Audio recording 2020-10-08 13-17-32.aac","\\SyNAS\Records\2020","3640750","3.47 MB","2020-10-08T00:00:00+00:00","2020-10-08T11:19:25+00:00"
"rec_bf7e9be825869ec04bf3f7a435559b467cff4172","2021_04_01_21_43_56 histoire.mp3","\\SyNAS\Records\2021","18562402","17.70 MB","2021-04-01T21:43:56+00:00","2021-04-01T20:03:17+00:00"
"rec_dc6428425e2e972710f1a5a9bf6e3c2ba4aca55c","2021_03_08_12_18_09 harcelement constant.mp3","\\SyNAS\Records\Audio\Time_Sort\2021","39360887","37.54 MB","2021-03-08T12:18:09+00:00","2021-03-08T11:59:09+00:00"
"rec_d88a38ff18b1c6a9dbdd96a702bdf994620e70cc","2019-10-12_00h42m12_Tnm.m4a","\\SyNAS\Records\Audio\Time_Sort\2019","91739","89.59 KB","2019-10-12T00:42:00+00:00","2019-10-11T22:42:12+00:00"
"rec_80728ac2d9e02c991db4010cef3f90471f8f043b","2021_06_23_12_06_55 repas midi.mp3","\\SyNAS\Records\2021","37335457","35.61 MB","2021-06-23T12:06:55+00:00","2021-06-23T10:45:49+00:00"
"rec_7dcc2e589f4f0d9d35f648ae254553b6ada28544","2021_04_08_07_21_20.mp3","\\SyNAS\Records\2021","14420426","13.75 MB","2021-04-08T07:21:20+00:00","2021-04-08T05:36:22+00:00"
"rec_d7f6280c8b1df62bbe81b194651f4ed5a99c57e2","2020-03-19_17h46m52_Recording (8) Dinda Her Boyfriend.m4a","\\SyNAS\Records\Rec\DD","59901798","57.13 MB","2020-03-19T17:46:00+00:00","2020-04-05T23:24:03+00:00"
"rec_d57e2601e709255e013b88490d95b8b89d7af2fd","2019-10-27_18h40m58_Enregistrement_422.wav","\\SyNAS\Records\Audio\Time_Sort\2019","85676899","81.71 MB","2019-10-27T18:40:00+00:00","2019-10-27T17:40:58+00:00"
"rec_49309b2ae1a7be9e8e2f99e0b353307e1a7a6c3d","2020_09_19_11_13_09 shampoing .mp3","\\SyNAS\Records\Audio\2020-Unsorted","116357746","110.97 MB","2020-09-19T11:13:09+00:00","2020-09-19T11:14:22+00:00"
"rec_277da2bb7d1ecba86bce0a6d1ccf7ee54e4295d9","2021_02_25_15_20_39.mp3","\\SyNAS\Records\Audio\Time_Sort\2021","11154911","10.64 MB","2021-02-25T15:20:39+00:00","2021-02-25T14:32:16+00:00"
"rec_93f44fef954b6db8fa95464056ade220d3d63dcd","2021_01_23_17_47_51.mp3","\\SyNAS\Records\2021","9701667","9.25 MB","2021-01-23T17:47:51+00:00","2021-01-23T16:57:57+00:00"
"rec_53c20ee8fd51b2d2b79fd045ed95e9c4d12b53e1","Audio recording 2020-09-01 16-46-42.wav","\\SyNAS\Records\2020","236453660","225.50 MB","2020-09-01T00:00:00+00:00","2020-09-01T15:09:04+00:00"
"rec_b431c15fb236733caf125ad2a12e423a52f4bf72","Audio recording 2020-07-09 22-28-25.wav","\\SyNAS\Records\2020","23291900","22.21 MB","2020-07-09T00:00:00+00:00","2020-07-09T20:30:38+00:00"
"rec_d56ee6b8057307a77e8de22562a236804dd80d78","2021_05_15_21_38_11.mp3","\\SyNAS\Records\2021","11304123","10.78 MB","2021-05-15T21:38:11+00:00","2021-05-15T19:49:57+00:00"
"rec_f0b317e6d4103976ead7611a78519ca4d33e4c5c","Audio recording 2020-06-27 23-00-54.aac","\\SyNAS\Records\2020","9628245","9.18 MB","2020-06-27T00:00:00+00:00","2020-06-27T21:05:52+00:00"
"rec_1d8eb90b9497c0255e0e773cf5e9fe3c13090a69","2021_02_01_18_46_26 retour de courses.mp3","\\SyNAS\Records\Audio\Time_Sort\2021","3826833","3.65 MB","2021-02-01T18:46:26+00:00","2021-02-01T17:50:26+00:00"
"rec_59a0fddb36c5bc410ebf919160ca797becadd624","2023-07-04_17h47m13_Voix 002 ifi.m4a","\\SyNAS\Records\2023","13464179","12.84 MB","2023-07-04T17:47:00+00:00","2023-07-04T15:47:13+00:00"
"rec_65ff8d853fb9439232e35fc5045301105617635b","2021_01_12_15_01_50.mp3","\\SyNAS\Records\2021","110499630","105.38 MB","2021-01-12T15:01:50+00:00","2021-01-12T15:56:57+00:00"
"rec_1322717c1ae80fe6e9eb2c6b9fb7879b60570a05","2021_02_16_19_05_28.mp3","\\SyNAS\Records\2021","9887241","9.43 MB","2021-02-16T19:05:28+00:00","2021-02-16T18:15:46+00:00"
"rec_05da70bf42f115ff7209738e69b22c18ecb0ab36","Audio recording 2020-09-01 16-46-42.wav","\\SyNAS\Records\Audio\Time_Sort\2020","236453660","225.50 MB","2020-09-01T00:00:00+00:00","2020-09-01T15:09:04+00:00"
"rec_6dd98e9f9950e25426693948b78e00538896bcc1","2021_06_01_12_12_32 lunch.mp3","\\SyNAS\Records\2021","5878169","5.61 MB","2021-06-01T12:12:32+00:00","2021-06-01T10:21:27+00:00"
"rec_493d27080c13be1ffbbf089b89b6b6693b7816db","2021_01_30_21_52_46.mp3","\\SyNAS\Records\Audio\Time_Sort\2021","22409716","21.37 MB","2021-01-30T21:52:46+00:00","2021-01-30T21:16:07+00:00"
"rec_82364634ac24674c79c13e836d4dd7b44cf113a2","2021_03_14_12_57_19 dimanche midi.mp3","\\SyNAS\Records\2021","38664567","36.87 MB","2021-03-14T12:57:19+00:00","2021-03-14T12:37:36+00:00"
"rec_444a446293a675b86091f8746dea4b46157e3d14","Audio recording 2020-12-03 10-40-26 fermeture eclaire debriefing.aac","\\SyNAS\Records\2020","3918269","3.74 MB","2020-12-03T00:00:00+00:00","2020-12-03T09:42:28+00:00"
"rec_7cf6515c0aa4c43576bb144af1b5fc6cbfa2803e","2021_01_14_19_39_30.mp3","\\SyNAS\Records\Audio\Time_Sort\2021","3442728","3.28 MB","2021-01-14T19:39:30+00:00","2021-01-14T18:43:06+00:00"
"rec_2c27ae06ecc393fb521031ea7815d52a1a56e222","2023-07-05_16h27m33_Voix 002 nael 2.m4a","\\SyNAS\Records\2023","24131881","23.01 MB","2023-07-05T16:27:00+00:00","2023-07-05T14:27:33+00:00"
"rec_0190ab8e7c56e79becb2407bde5154aa9e88ed72","2022-11-14_12h31m48_Voix 100 demande de service.m4a","\\SyNAS\Records\2022-July-Dec","6232985","5.94 MB","2022-11-14T12:31:00+00:00","2022-11-14T11:31:48+00:00"
"rec_665510c9e649f142de0a3561db85a9441a3615d7","2021_04_22_19_09_11 soiree.mp3","\\SyNAS\Records\2021","43328991","41.32 MB","2021-04-22T19:09:11+00:00","2021-04-22T17:54:19+00:00"
"rec_8d9801707f710f71ce98b3258232b83268106cc6","2021_07_02_10_38_02 Alois confession mobying.mp3","\\SyNAS\Records\2021","45671234","43.56 MB","2021-07-02T10:38:02+00:00","2021-07-02T09:25:37+00:00"
"rec_be72fd9144b5643aee5d8cc787996260dbe2cb44","2021_03_06_21_36_43.mp3","\\SyNAS\Records\Audio\Time_Sort\2021","9680351","9.23 MB","2021-03-06T21:36:43+00:00","2021-03-06T20:46:49+00:00"
"rec_d84db3665fdce8f8408197d0f9d1fa632ae4038c","2022-09-26_22h00m30_Voix 080 le chien.m4a","\\SyNAS\Records\2022-July-Dec","3532530","3.37 MB","2022-09-26T22:00:00+00:00","2022-09-26T20:00:30+00:00"
"rec_37794199de7210d7025864ce9d632183aa613d03","2020_10_10_18_05_55.mp3","\\SyNAS\Records\Audio\2020-Unsorted","219993233","209.80 MB","2020-10-10T18:05:55+00:00","2020-10-10T19:55:05+00:00"
"rec_2210b6c3bca0c855a9d3ab83ed3d814325add1b8","2021_01_01_21_56_14.mp3","\\SyNAS\Records\2020","1208737","1.15 MB","2021-01-01T21:56:14+00:00","2021-01-01T20:57:30+00:00"
"rec_1628598d17970ad668d298ad879454afcb46073e","2022-08-21_21h35m16_Voix 061.m4a","\\SyNAS\Records\2022-July-Dec","30562700","29.15 MB","2022-08-21T21:35:00+00:00","2022-08-21T19:35:16+00:00"
"rec_8e3d5c721d0e4871d28ab23c1d8bc077114071dc","2021_04_02_17_17_20 je vais peter ton ordinateur avant de partir.mp3","\\SyNAS\Records\2021","71888","70.20 KB","2021-04-02T17:17:20+00:00","2021-04-02T15:17:25+00:00"
"rec_0033a7eaf785ddf2c4ac63de7d2a2fe0148dde62","2020_12_29_20_17_32 retour de courses.mp3","\\SyNAS\Records\Audio\Time_Sort\2020","27548106","26.27 MB","2020-12-29T20:17:32+00:00","2020-12-29T19:46:14+00:00"
"rec_cba4b91544018cd106586f20647ea2f0a2e4347c","Audio recording 2020-10-18 20-56-43.aac","\\SyNAS\Records\2020","69416900","66.20 MB","2020-10-18T00:00:00+00:00","2020-10-18T19:32:33+00:00"
"rec_1a5aa4f2b04ece5cf2fcdbb87502ac6f633b84ca","2020_09_18_16_12_42 psychoAnalysis.mp3","\\SyNAS\Records\Audio\2020-Unsorted","187351874","178.67 MB","2020-09-18T16:12:42+00:00","2020-09-18T17:27:52+00:00"
"rec_dd35744afe9516ac000a385ee751a9c6ce712314","2022-10-26_20h04m05_Voix 091 retour et mauvaises notes.m4a","\\SyNAS\Records\2022-July-Dec","18650703","17.79 MB","2022-10-26T20:04:00+00:00","2022-10-26T18:04:05+00:00"
"rec_04dec716221442e02e3191e3299598c6378a4bfd","2021_02_18_17_07_05.mp3","\\SyNAS\Records\Audio\Time_Sort\2021","30561592","29.15 MB","2021-02-18T17:07:05+00:00","2021-02-18T16:38:56+00:00"
"rec_a4bd1228f871efa53af0d996002fe3dd5d893c06","2022-08-08_22h32m00_Voix 055.m4a","\\SyNAS\Records\2022-July-Dec","5082417","4.85 MB","2022-08-08T22:32:00+00:00","2022-08-08T20:32:00+00:00"
"rec_16352f44b0e350dc9874ef320907d6de7be4b33a","2022-12-04_14h11m09_Voix 104 KAT dimanche menaces.m4a","\\SyNAS\Records\2022-July-Dec","11483328","10.95 MB","2022-12-04T14:11:00+00:00","2022-12-04T13:11:09+00:00"
"rec_fda1429dda1ee657a873fd5a23bffb14beaa5b02","2021_02_03_12_34_37.mp3","\\SyNAS\Records\2021","14956250","14.26 MB","2021-02-03T12:34:37+00:00","2021-02-03T11:50:12+00:00"
"rec_5942df8687d59ca4040b4500dd09733e346178a0","2020_12_21_15_53_17.mp3","\\SyNAS\Records\Audio\Time_Sort\2020","15569396","14.85 MB","2020-12-21T15:53:17+00:00","2020-12-21T15:09:30+00:00"
"rec_9265b49e2947fdf7b62aed1b162e6b253e6333bb","2020_12_28_22_05_24 des gens negatifs.mp3","\\SyNAS\Records\Audio\Time_Sort\2020","642820","627.75 KB","2020-12-28T22:05:24+00:00","2020-12-28T21:06:04+00:00"
"rec_af32d4f37413ef01702e231e931d7dc4c53a5ec4","2020-05-18_12h33m58_Voix 037_sd midi.m4a","\\SyNAS\Records\2020","23285660","22.21 MB","2020-05-18T12:33:00+00:00","2020-05-18T10:33:58+00:00"
"rec_2ba3f85e24e2f2d0250eabbffa7a3524c41fbe99","2021_06_27_20_32_03 menace diffamation devant l enfant hilard.mp3","\\SyNAS\Records\2021","32943123","31.42 MB","2021-06-27T20:32:03+00:00","2021-06-27T19:06:23+00:00"
"rec_7bae53a0dd3dbf54f3de18f45d532fb8dd075afd","2021_06_09_20_02_34.mp3","\\SyNAS\Records\2021","25097612","23.93 MB","2021-06-09T20:02:34+00:00","2021-06-09T18:28:42+00:00"
"rec_0642379a9b5a973866dcc6300961ec94753f1ae9","Audio recording 2020-07-18 21-11-53.wav","\\SyNAS\Records\Audio\Time_Sort\2020","70612964","67.34 MB","2020-07-18T00:00:00+00:00","2020-07-18T19:19:10+00:00"
"rec_5ffbc421a0e2985da4eba069cb07750e59d6d834","2020_12_28_21_31_35 folie.mp3","\\SyNAS\Records\2020","30258990","28.86 MB","2020-12-28T21:31:35+00:00","2020-12-28T21:03:07+00:00"
"rec_a2ce68fcd5abbde4796b2d1b73c2953b07892550","Audio recording 2020-11-08 08-37-29.aac","\\SyNAS\Records\2020","289819579","276.39 MB","2020-11-08T00:00:00+00:00","2020-11-08T10:07:02+00:00"
"rec_f6026a0a938a7720612384064b8447c28668650c","2021_02_01_18_03_39.mp3","\\SyNAS\Records\2021","436348","426.12 KB","2021-02-01T18:03:39+00:00","2021-02-01T17:04:06+00:00"
"rec_f0edca00769ffb871b3720d1dd1386c09b432e5f","2022-12-28_15h29m45_Voix 120.m4a","\\SyNAS\Records\2023","1363238","1.30 MB","2022-12-28T15:29:00+00:00","2022-12-28T14:29:45+00:00"
"rec_accead4440bca08aa9843bcfc2c6efbd127a759a","Audio recording 2020-08-28 20-01-21.wav","\\SyNAS\Records\Audio\Time_Sort\2020","313127684","298.62 MB","2020-08-28T00:00:00+00:00","2020-08-28T19:32:45+00:00"
"rec_a4983efd7f0a513904127d0005a2b78513113f6a","2023-02-05_14h52m28_Voix 125 kta confessions strategic au téléphone.m4a","\\SyNAS\Records\2023","79388059","75.71 MB","2023-02-05T14:52:00+00:00","2023-02-05T13:52:28+00:00"
"rec_75b8740111e9323929d44476ddb5b945eb349cfe","2020_09_09_18_23_46 violoncello part2.mp3","\\SyNAS\Records\Audio\2020-Unsorted","86487874","82.48 MB","2020-09-09T18:23:46+00:00","2020-09-09T17:53:51+00:00"
"rec_f536aabc4b2699deb3cd9a0999aa1bfce2d8c10d","2023-05-21_17h20m42_Voix 156 fidi.m4a","\\SyNAS\Records\2023","20305418","19.36 MB","2023-05-21T17:20:00+00:00","2023-05-21T15:20:42+00:00"
"rec_2057c1139cd39a9b479c24ff63f8383c466a20c6","rec_20190822-1117.wav","\\SyNAS\Records\Audio\Time_Sort\2019","133245548","127.07 MB","","2019-08-22T09:17:08+00:00"
"rec_f2c394bbab4e4f93a3611cb576b7b3cd762917ae","2021_04_11_10_26_33.mp3","\\SyNAS\Records\Audio\Time_Sort\2021","613981","599.59 KB","2021-04-11T10:26:33+00:00","2021-04-11T08:27:11+00:00"
"rec_c364f708c21265c81aac22e700315ace9e696f16","Audio recording 2020-09-10 13-34-42.aac","\\SyNAS\Records\Audio\Time_Sort\2020","6120395","5.84 MB","2020-09-10T00:00:00+00:00","2020-09-10T11:37:53+00:00"
"rec_e584d7040e1a7d2acccf9d6936246597b81c69ef","2022-07-30_17h32m19_Voix 050.m4a","\\SyNAS\Records\2022-July-Dec","11319694","10.80 MB","2022-07-30T17:32:00+00:00","2022-07-30T15:32:19+00:00"
"rec_2e9ac2f9fba4edd5b8d3b4fb15cb32ec8b782f62","2021_03_28_11_27_46 la douche.mp3","\\SyNAS\Records\2021","5671205","5.41 MB","2021-03-28T11:27:46+00:00","2021-03-28T09:42:28+00:00"
"rec_bb8b07e19325640dcf0de3c237dcd595803eabd3","2021_07_03_22_46_07.mp3","\\SyNAS\Records\2021","124955584","119.17 MB","2021-07-03T22:46:07+00:00","2021-07-03T22:56:18+00:00"
"rec_72def520c02773804184c08467c6e1bd8e9a6f56","2021_02_01_13_19_40 midi.mp3","\\SyNAS\Records\Audio\Time_Sort\2021","3329935","3.18 MB","2021-02-01T13:19:40+00:00","2021-02-01T12:33:26+00:00"
"rec_945d869c9b44ff6ad86b998ffde7c7c0cc5e8467","Audio recording 2020-12-09 20-12-04 diffamation harcèlement 2.aac","\\SyNAS\Records\2020","17786523","16.96 MB","2020-12-09T00:00:00+00:00","2020-12-09T19:21:16+00:00"
"rec_bfae28690aeebecf67a5b88dd143973f414d0055","2020_08_22_17_26_29.mp3","\\SyNAS\Records\2020","1220439","1.16 MB","2020-08-22T17:26:29+00:00","2020-08-22T15:27:46+00:00"
"rec_0f79ec426f778780f0025655ce11b4f62b78ba61","2021_03_01_16_36_08 harcellemrnt constant.mp3","\\SyNAS\Records\Audio\Time_Sort\2021","10004270","9.54 MB","2021-03-01T16:36:08+00:00","2021-03-01T15:46:33+00:00"
"rec_ae1179569b809f37058ff8e4ee01e82c1f2ccc7f","2021_07_13_22_20_50.mp3","\\SyNAS\Records\2021","52104880","49.69 MB","2021-07-13T22:20:50+00:00","2021-07-13T21:15:07+00:00"
"rec_8887d2947783449ce7b4ea7c8d6f15ab9fe9760f","Audio recording 2020-11-05 12-12-53.aac","\\SyNAS\Records\2020","70441437","67.18 MB","2020-11-05T00:00:00+00:00","2020-11-05T12:12:52+00:00"
"rec_fc2f686e8c035d1ad4676435998450e74960f510","2021_03_25_13_20_39.mp3","\\SyNAS\Records\2021","859741","839.59 KB","2021-03-25T13:20:39+00:00","2021-03-25T12:21:33+00:00"
"rec_1f61bcbb4670eff2ec6167dd5809d5a4b66298f5","2020_12_23_16_26_08.mp3","\\SyNAS\Records\2020","9551620","9.11 MB","2020-12-23T16:26:08+00:00","2020-12-23T15:36:05+00:00"
"rec_1b3b36eee7aa863285c7002e70822932e25d35b9","2022-07-19_21h32m55_Voix 045 bruit de coucher de soleil.m4a","\\SyNAS\Records\2022-July-Dec","633977","619.12 KB","2022-07-19T21:32:00+00:00","2022-07-19T19:32:55+00:00"
"rec_deed2d21b59f74fc8174303ced90b316d4181b39","2020-03-18_17h40m41_Recording (7) Dinda conversation.m4a","\\SyNAS\Records\WebStorage\DD","63192745","60.27 MB","2020-03-18T17:40:00+00:00","2020-04-05T23:24:00+00:00"
"rec_900a5ed95dc8c08e0a8b6e063d30bbad9231e014","2021_05_07_20_36_17.mp3","\\SyNAS\Records\2021","4662333","4.45 MB","2021-05-07T20:36:17+00:00","2021-05-07T18:41:08+00:00"
"rec_9514f3137d7744fce053940c5e86593a37f940dd","2021_03_13_10_32_16.mp3","\\SyNAS\Records\2021","18067538","17.23 MB","2021-03-13T10:32:16+00:00","2021-03-13T09:51:05+00:00"
"rec_a9581099cb96a72f913596c8b8db461b2a3d6725","2020_10_07_13_58_16 soir.mp3","\\SyNAS\Records\Audio\2020-Unsorted","362728407","345.92 MB","2020-10-07T13:58:16+00:00","2020-10-10T22:26:03+00:00"
"rec_45f2a166a5d030601f8b43d42178a51a1a38921d","2020-05-30 17-43-30.aac","\\SyNAS\Records\WebStorage\2020","2450428","2.34 MB","2020-05-30T00:00:00+00:00","2020-07-06T22:08:13+00:00"
"rec_3663b47d07b0635541717e1e6da310e112679ce3","Audio recording 2020-07-18 21-20-29.wav","\\SyNAS\Records\2020","437955380","417.67 MB","2020-07-18T00:00:00+00:00","2020-07-18T20:45:16+00:00"
"rec_a3790bbc704f1d9052963a763d38c574fe5f0619","2021_03_22_15_31_45.mp3","\\SyNAS\Records\Audio\Time_Sort\2021","1080841","1.03 MB","2021-03-22T15:31:45+00:00","2021-03-22T14:32:53+00:00"
"rec_3b33343ea791eb8c8e9b78b5885dfc90a7d8ade9","2020-05-09_13h47m50_Voix 011_sd.m4a","\\SyNAS\Records\2020","39806960","37.96 MB","2020-05-09T13:47:00+00:00","2020-05-09T11:47:50+00:00"
"rec_33368286936fba2d36dddcbbff12ef9407e294c0","2020-03-29_15h58m26_Recording (16)_Dinda.m4a","\\SyNAS\Records\WebStorage\DD","16104981","15.36 MB","2020-03-29T15:58:00+00:00","2020-04-05T23:24:07+00:00"
"rec_dae36d3dd50cfa901f66bc34b9b28042b12718aa","2021_06_04_13_19_13 repas.mp3","\\SyNAS\Records\2021","62143006","59.26 MB","2021-06-04T13:19:13+00:00","2021-06-04T12:23:58+00:00"
"rec_1342452556d08eae264f3f002b81e44294b77447","2023-04-30_15h12m04_Voix 150 départ.m4a","\\SyNAS\Records\2023","78050448","74.43 MB","2023-04-30T15:12:00+00:00","2023-04-30T13:12:04+00:00"
"rec_085371ce58e4e6f30a7cb51edf1bf7df2de65a9e","2020_12_24_21_27_46.mp3","\\SyNAS\Records\Audio\Time_Sort\2020","35396544","33.76 MB","2020-12-24T21:27:46+00:00","2020-12-24T21:04:38+00:00"
"rec_69e92b335fb645a852f4f070d4b04983e035d9c0","2022-06-21_22h02m28_Voix 015 yaougurht.m4a","\\SyNAS\Records\2022-July-Dec","3191209","3.04 MB","2022-06-21T22:02:00+00:00","2022-06-21T20:02:28+00:00"
"rec_f7964745b24a65db8b5a561e0dc2f9166291253b","2021_03_10_17_56_40 retour de sortie et bain.mp3","\\SyNAS\Records\2021","16700394","15.93 MB","2021-03-10T17:56:40+00:00","2021-03-10T17:14:04+00:00"
"rec_3c3c23ded11b75220d7a72e78443769b374090d9","2021_03_30_00_10_12.mp3","\\SyNAS\Records\2021","401329840","382.74 MB","2021-03-30T00:10:12+00:00","2021-03-30T05:08:15+00:00"
"rec_656bb21527d1be1f8717a256443e25ebbef485b1","2021_02_22_21_09_37 kTA HISTOIRE.mp3","\\SyNAS\Records\2021","22763310","21.71 MB","2021-02-22T21:09:37+00:00","2021-02-22T20:33:20+00:00"
"rec_062334448e239e4a21b8978754198cf2a8247d75","2021_07_04_14_48_13.mp3","\\SyNAS\Records\2021","41614941","39.69 MB","2021-07-04T14:48:13+00:00","2021-07-04T13:31:34+00:00"
"rec_4cc93ad66f27843e1b0e7926043f97bcc2ba780a","2021_02_13_22_20_37.mp3","\\SyNAS\Records\Audio\Time_Sort\2021","1624606","1.55 MB","2021-02-13T22:20:37+00:00","2021-02-13T21:22:18+00:00"
"rec_0ac75ee3948e953fc7f1c0ffc0cb5211af9f24c7","Audio recording 2020-06-21 14-31-57.aac","\\SyNAS\Records\2020","106536396","101.60 MB","2020-06-21T00:00:00+00:00","2020-06-21T13:26:56+00:00"
"rec_62a8442408a375c9ae769822cdff8769721de523","2020_08_04_13_00_44.mp3","\\SyNAS\Records\2020","32809794","31.29 MB","2020-08-04T13:00:44+00:00","2020-08-04T11:34:55+00:00"
"rec_9bfa80da2c03199dc42688fcc2fdc5e2042d61cf","2021_06_04_14_31_09 mentos.mp3","\\SyNAS\Records\2021","213224384","203.35 MB","2021-06-04T14:31:09+00:00","2021-06-04T16:13:16+00:00"
"rec_306e69dd65e8c9c04fbdb655886ef992baddcdca","2020_08_27_08_49_44 psy.mp3","\\SyNAS\Records\Audio\Time_Sort\2020","66499394","63.42 MB","2020-08-27T08:49:44+00:00","2020-08-27T07:59:00+00:00"
"rec_9611ad693574f8c7431d491a9129eba119d78da1","2022-09-11_07h56m40_Voix 068.m4a","\\SyNAS\Records\2022-July-Dec","297952","290.97 KB","2022-09-11T07:56:00+00:00","2022-09-11T05:56:40+00:00"
"rec_0134e1f0a0448f1da6aae53402fdc97ca93edf38","2021_01_10_21_21_45 TA histoire.mp3","\\SyNAS\Records\Audio\Time_Sort\2021","20984057","20.01 MB","2021-01-10T21:21:45+00:00","2021-01-10T20:43:37+00:00"
"rec_89099febbb10476b0131635e320c87580343a6da","2023-11-19_21h16m35_Voix 016 retour Alois Steinhausen.m4a","\\SyNAS\Records\2023","144739094","138.03 MB","2023-11-19T21:16:00+00:00","2023-11-19T20:16:35+00:00"
"rec_196371fb226c3afaf14d858e420543568b270944","2020-05-31 22-51-54.aac","\\SyNAS\Records\2020","8192718","7.81 MB","2020-05-31T00:00:00+00:00","2020-07-06T22:12:05+00:00"
"rec_17dc2bfe801716fbea655eea11fc0dbccd0fcab8","2021_01_29_22_25_34.mp3","\\SyNAS\Records\2021","22838960","21.78 MB","2021-01-29T22:25:34+00:00","2021-01-29T21:49:22+00:00"
"rec_666cfa004d9140f42ad11b5573a28a1f94956ee9","2021_04_21_20_14_05.mp3","\\SyNAS\Records\2021","4318353","4.12 MB","2021-04-21T20:14:05+00:00","2021-04-21T18:18:35+00:00"
"rec_b0031197256efd1f287058113109c82bff1523e5","2024-09-20_21h52m40_Voix 023 chercher alois.m4a","\\SyNAS\Records\2024-notag","48349693","46.11 MB","2024-09-20T21:52:00+00:00","2024-09-20T19:52:40+00:00"
"rec_3095cf9886d250c1208138e8746e16852221cb8e","2021_01_02_22_47_41.mp3","\\SyNAS\Records\Audio\Time_Sort\2021","13029040","12.43 MB","2021-01-02T22:47:41+00:00","2021-01-02T22:01:15+00:00"
"rec_8ea3c6d7b51a8301fbac22736270098ea6ca11a6","2020_12_28_22_04_50 ne t avise plus.mp3","\\SyNAS\Records\Audio\Time_Sort\2020","340217","332.24 KB","2020-12-28T22:04:50+00:00","2020-12-28T21:05:11+00:00"
"rec_d3f64a714570ce426ca7995895e0e598e3df698f","2021_03_22_20_39_00.mp3","\\SyNAS\Records\2021","3055290","2.91 MB","2021-03-22T20:39:00+00:00","2021-03-22T19:42:12+00:00"
"rec_f48e5159ba0a47b0197c3a9f279b158dd1ca0157","2021_04_20_13_26_16 lunch break.mp3","\\SyNAS\Records\Audio\Time_Sort\2021","28584227","27.26 MB","2021-04-20T13:26:16+00:00","2021-04-20T11:56:02+00:00"
"rec_0522ef72a5d4144f8cc1a5f1b27d7b89f9ac6f34","Audio recording 2020-10-19 19-12-19.aac","\\SyNAS\Records\2020","12816050","12.22 MB","2020-10-19T00:00:00+00:00","2020-10-19T17:18:57+00:00"
"rec_5cc3737e3307637707638d32dfa95786736ed666","2022-12-27_19h18m05_Voix 115_DD_on_the_way_to_montains.m4a","\\SyNAS\Records\2023","30891653","29.46 MB","2022-12-27T19:18:00+00:00","2022-12-27T18:18:05+00:00"
"rec_05ea803f690936f94b16ca0947ecb629ee94e5fa","2022-07-11_17h29m02_Voix 035.m4a","\\SyNAS\Records\2022-July-Dec","1465944","1.40 MB","2022-07-11T17:29:00+00:00","2022-07-11T15:29:02+00:00"
"rec_3c09e358080c7ce822a2b474584d0a85afc45cda","2024-05-31_14h09m51_Voix 003 Dinda position.m4a","\\SyNAS\Records\2024","3382497","3.23 MB","2024-05-31T14:09:00+00:00","2024-05-31T12:09:51+00:00"
"rec_e6d5ab22ba7cf777bfe674ac1b1ffd84ce291eb3","2023-11-05_21h48m02_Voix 016 Steinhausen Catajou.m4a","\\SyNAS\Records\2023","20853713","19.89 MB","2023-11-05T21:48:00+00:00","2023-11-05T20:48:02+00:00"
"rec_547e96f6fa51d5001b985e1c466d5ab38e2a9466","2021_02_21_22_27_04.mp3","\\SyNAS\Records\Audio\Time_Sort\2021","3212433","3.06 MB","2021-02-21T22:27:04+00:00","2021-02-21T21:30:25+00:00"
"rec_20b68085f47ed2aace22ff8125f707fcc9c135c9","2019-10-15_23h48m28_Voix 002_sd.m4a","\\SyNAS\Records\Audio\Time_Sort\2019","49772328","47.47 MB","2019-10-15T23:48:00+00:00","2019-10-15T21:48:28+00:00"
"rec_175066e0e8f03bc890d97dbf0b4f69352ab91ffa","2021_04_28_13_04_27.mp3","\\SyNAS\Records\Audio\Time_Sort\2021","27415957","26.15 MB","2021-04-28T13:04:27+00:00","2021-04-28T11:33:00+00:00"
"rec_e29ca024c584eaa15c22e23880c792ed506c0d2a","Audio recording 2020-09-25 07-46-55.aac","\\SyNAS\Records\2020","13434106","12.81 MB","2020-09-25T00:00:00+00:00","2020-09-25T05:53:52+00:00"
"rec_8d94dfd65c2789b4d0171d4e3f6f6c07db9a2a81","2022-12-29_00h57m12_Voix 122 DD ŕeturn Dinner.m4a","\\SyNAS\Records\2023","6817924","6.50 MB","2022-12-29T00:57:00+00:00","2022-12-28T23:57:12+00:00"
"rec_3b9aac3b7e6bb96d4c1961a4ed91f8f738a5263c","Audio recording 2020-12-12 21-15-08.aac","\\SyNAS\Records\Audio\Time_Sort\2020","6184937","5.90 MB","2020-12-12T00:00:00+00:00","2020-12-12T20:18:20+00:00"
"rec_8b1e5116d453a8c3b08a097a37f4dbf9e6c4582c","2021_06_04_20_36_33.mp3","\\SyNAS\Records\2021","2028354","1.93 MB","2021-06-04T20:36:33+00:00","2021-06-04T18:38:40+00:00"
"rec_664b454284ab34018a9d3b5ff851b6d3eb21af69","2022_05_26_21_10_25.mp3","\\SyNAS\Records\2022-Jan-July","19817951","18.90 MB","2022-05-26T21:10:25+00:00","2022-05-26T19:31:04+00:00"
"rec_26083fb8a34b52b5679f14c42cf137a1937048b6","Audio recording 2020-11-29 19-08-51.aac","\\SyNAS\Records\Audio\Time_Sort\2020","32056718","30.57 MB","2020-11-29T00:00:00+00:00","2020-11-29T18:25:24+00:00"
"rec_aaa8f49fe16d53b748e6b9d9b1405b69dc4171ec","Audio recording 2020-06-27 23-09-37.aac","\\SyNAS\Records\2020","1361378","1.30 MB","2020-06-27T00:00:00+00:00","2020-06-27T21:10:20+00:00"
"rec_3940738bc8f751fc3ec56d578955e76c17f49080","Audio recording 2020-07-09 18-20-31.wav","\\SyNAS\Records\Audio\Time_Sort\2020","63878012","60.92 MB","2020-07-09T00:00:00+00:00","2020-07-09T16:26:34+00:00"
"rec_b13ed329c144be1b0ac00878792e72b14a460341","Audio recording 2020-12-06 16-01-25 lecture.aac","\\SyNAS\Records\Audio\Time_Sort\2020","49456106","47.17 MB","2020-12-06T00:00:00+00:00","2020-12-06T15:26:56+00:00"
"rec_d9c31ee996b5381173106ee9270fb65bd24f615a","2022-06-18_09h52m28_Voix 008.m4a","\\SyNAS\Records\2022-July-Dec","37653264","35.91 MB","2022-06-18T09:52:00+00:00","2022-06-18T07:52:28+00:00"
"rec_8765b9664833483f0720b15ff04dcaf147ffcffe","2024-01-09_04h48m42_Voix 023.m4a","\\SyNAS\Records\2024","224328416","213.94 MB","2024-01-09T04:48:00+00:00","2024-01-09T03:48:42+00:00"
"rec_4c3c0689a92b392aec5a03f96d23b04c0f753eca","2020-05-23_21h26m22_Voix 045_sd harcelemtnz_1.wav","\\SyNAS\Records\2020","23299700","22.22 MB","2020-05-23T21:26:00+00:00","2021-01-02T12:55:04+00:00"
"rec_376753c51509ab29b7d8095aeb98db0c2a79d855","2022-09-24_14h24m54_Voix 079.m4a","\\SyNAS\Records\2022-July-Dec","13573476","12.94 MB","2022-09-24T14:24:00+00:00","2022-09-24T12:24:54+00:00"
"rec_28db984f3254b68c47fb4a1ad0805ba543b15999","2021_03_13_22_14_25.mp3","\\SyNAS\Records\Audio\Time_Sort\2021","210943581","201.17 MB","2021-03-13T22:14:25+00:00","2021-03-14T00:54:09+00:00"
"rec_673458408b9b30f01b4ff5f4662b0eecfe322288","Audio recording 2020-07-13 17-47-40.wav","\\SyNAS\Records\2020","14510708","13.84 MB","2020-07-13T00:00:00+00:00","2020-07-13T15:49:02+00:00"
"rec_dc64c027ac50b825540e81a6185232baae229184","2021_01_11_13_03_59.mp3","\\SyNAS\Records\2021","10479487","9.99 MB","2021-01-11T13:03:59+00:00","2021-01-11T12:16:42+00:00"
"rec_bbe86a1b57db22f7ac55df54a0b422aa90a9437e","Audio recording 2020-09-12 17-38-04.aac","\\SyNAS\Records\Audio\Time_Sort\2020","128225197","122.29 MB","2020-09-12T00:00:00+00:00","2020-09-12T16:44:14+00:00"
"rec_2e56b1976a74897507abfe2af1933861cad61486","2020_12_26_10_57_38 alois cobfidence.mp3","\\SyNAS\Records\2020","60125099","57.34 MB","2020-12-26T10:57:38+00:00","2020-12-26T11:00:16+00:00"
"rec_1fbc21207ff9ecd027319560622cdadcc9ad62ae","2021_01_12_13_13_32 KTA frappe Alois - Panthalon correct.mp3","\\SyNAS\Records\2021","2496887","2.38 MB","2021-01-12T13:13:32+00:00","2021-01-12T12:16:09+00:00"
"rec_f5bf12dc39e576bfdb02e7b183444a8f828fa7d8","2020-03-14_11h21m17_Recording (5)_Papa_Alois.m4a","\\SyNAS\Records\Rec\ALO","70818453","67.54 MB","2020-03-14T11:21:00+00:00","2020-04-06T15:42:00+00:00"
"rec_ff6c15361f248a2f40a2f40d9077f7a6662b7ebe","2021_02_25_20_51_31.mp3","\\SyNAS\Records\2021","13717001","13.08 MB","2021-02-25T20:51:31+00:00","2021-02-25T20:05:48+00:00"
"rec_110d37f317b721a905b554353d07a918b7ba8429","2020_12_23_16_03_33.mp3","\\SyNAS\Records\Audio\Time_Sort\2020","3229151","3.08 MB","2020-12-23T16:03:33+00:00","2020-12-23T15:06:55+00:00"
"rec_a372bbfbfa722138f637dd15839a764eb6f3a913","2022-11-27_18h15m58_Voix 103 manque de respect.m4a","\\SyNAS\Records\2022-July-Dec","3274196","3.12 MB","2022-11-27T18:15:00+00:00","2022-11-27T17:15:58+00:00"
"rec_11687ae93d6e29344235e72bd7811df443340324","Audio recording 2020-08-15 08-56-19.wav","\\SyNAS\Records\Audio\Time_Sort\2020","177285556","169.07 MB","2020-08-15T00:00:00+00:00","2020-08-15T07:22:52+00:00"
"rec_0866ab5ee78e6920a206726f7937dbbd33189251","2021_10_07_21_54_15.mp3","\\SyNAS\Records\2021","820034","800.81 KB","2021-10-07T21:54:15+00:00","2021-10-07T19:55:06+00:00"
"rec_99631f8de7dda807851af921fde48e7a2599b4b2","2021_03_23_19_37_35.mp3","\\SyNAS\Records\2021","10400913","9.92 MB","2021-03-23T19:37:35+00:00","2021-03-23T18:48:25+00:00"
"rec_3bd3c09876ac9cb3bf60c9ff6b1d9616c2c895e8","Audio recording 2020-07-01 21-12-51.aac","\\SyNAS\Records\Audio\Time_Sort\2020","50548920","48.21 MB","2020-07-01T00:00:00+00:00","2020-07-01T19:38:56+00:00"
"rec_c29e63fbe211560357691d6af46e64d66a15c119","2021_06_17_21_43_32 histoire Schwitzer lecture Alois.mp3","\\SyNAS\Records\2021","6452034","6.15 MB","2021-06-17T21:43:32+00:00","2021-06-17T19:50:15+00:00"
"rec_83664e870127d1e5de89cbfe2abe855138f125fe","2022-11-10_18h05m00_Voix 098 jugement divorce.m4a","\\SyNAS\Records\2022-July-Dec","210526532","200.77 MB","2022-11-10T18:05:00+00:00","2022-11-10T17:05:00+00:00"
"rec_ba103bafc40b784c017791bbc4e458372228ae15","2021_06_08_19_35_41 retour courses.mp3","\\SyNAS\Records\2021","8326197","7.94 MB","2021-06-08T19:35:41+00:00","2021-06-08T17:44:59+00:00"
"rec_53f99df63dc8f495dd7d21f6b9e6f44da0eec6df","2021_01_16_19_41_18.mp3","\\SyNAS\Records\2021","9390706","8.96 MB","2021-01-16T19:41:18+00:00","2021-01-16T18:51:05+00:00"
"rec_2c9e41017791d1dc71394a09646194e4d10c6d00","2020_12_26_00_11_04 dernier harcelement.mp3","\\SyNAS\Records\Audio\Time_Sort\2020","4019094","3.83 MB","2020-12-26T00:11:04+00:00","2020-12-25T23:15:16+00:00"
"rec_83601cae9f8ddbdf22c7d59c23c13fa46d9f57b1","Audio recording 2020-11-05 14-05-40.aac","\\SyNAS\Records\2020","50132802","47.81 MB","2020-11-05T00:00:00+00:00","2020-11-05T13:31:32+00:00"
"rec_9d29b398b7b274504085a740185a890bdd14cfa5","2021_02_07_22_30_05.mp3","\\SyNAS\Records\Audio\Time_Sort\2021","8246751","7.86 MB","2021-02-07T22:30:05+00:00","2021-02-07T21:38:40+00:00"
"rec_1c31a9715552effd883492f347361309074011e8","2021_02_10_21_28_34 petage de plombs.mp3","\\SyNAS\Records\Audio\Time_Sort\2021","24189386","23.07 MB","2021-02-10T21:28:34+00:00","2021-02-10T20:53:46+00:00"
"rec_541bf825f5b9963bb93b05ad9251dc079da1f04b","2023-08-31_21h31m24_Voix 014 Asian song.m4a","\\SyNAS\Records\2023","1423191","1.36 MB","2023-08-31T21:31:00+00:00","2023-08-31T19:31:24+00:00"
"rec_b6dabc957536472a06a8b13f38435d90d62b912e","Audio recording 2020-09-27 15-03-42.aac","\\SyNAS\Records\2020","98474300","93.91 MB","2020-09-27T00:00:00+00:00","2020-09-27T13:54:32+00:00"
"rec_dc96824206ec3b9f39e4befe208be0e90d55ac62","2023-08-28_07h02m00_Voix 014 sleeping.m4a","\\SyNAS\Records\2023","231451490","220.73 MB","2023-08-28T07:02:00+00:00","2023-08-28T05:02:00+00:00"
"rec_23ef665a4394553ee1b3cfbf3522795c146946f9","2021_04_05_14_29_54.mp3","\\SyNAS\Records\Audio\Time_Sort\2021","9119868","8.70 MB","2021-04-05T14:29:54+00:00","2021-04-05T12:39:24+00:00"
"rec_d4ba918c971197a897d0fd2c1352fa57adafb8c3","2024-06-24_15h02m53_Voix 006 maeva explications.m4a","\\SyNAS\Records\2024-notag","32990493","31.46 MB","2024-06-24T15:02:00+00:00","2024-06-24T13:02:53+00:00"
"rec_f9168fd55201014a4a5f1610a371a97f143c0eb7","2021_01_19_15_08_19 TT rolandG2.mp3","\\SyNAS\Records\2021","84811440","80.88 MB","2021-01-19T15:08:19+00:00","2021-01-19T15:36:41+00:00"
"rec_4a761477a62579e11822781068a88fe06b77f5f1","2020_10_30_13_06_54.mp3","\\SyNAS\Records\2020","3031874","2.89 MB","2020-10-30T13:06:54+00:00","2020-10-30T12:10:05+00:00"
"rec_00b47a61488b32076ea56e5b56c60270c320c246","2022-06-18_23h13m05_Voix 009 interupt menace avant la fin du film.m4a","\\SyNAS\Records\2022-July-Dec","11540320","11.01 MB","2022-06-18T23:13:00+00:00","2022-06-18T21:13:05+00:00"
"rec_128cda9856a5a776f14e85852b49895d72ced88e","Audio recording 2020-12-07 22-16-21.aac","\\SyNAS\Records\Audio\Time_Sort\2020","381340680","363.67 MB","2020-12-07T00:00:00+00:00","2020-12-08T00:33:07+00:00"
"rec_273c85aaa979e78a4b81947beb70a8a07e2de15e","2024-10-04_17h41m48_Voix 024 vendredi récupération Aloïs.m4a","\\SyNAS\Records\2024-notag","53448628","50.97 MB","2024-10-04T17:41:00+00:00","2024-10-04T15:41:48+00:00"
"rec_e170ab91d25a0b7b0b09875330b228d4c1d591d8","2024-05-31_14h09m51_Voix 003 Dinda position.m4a","\\SyNAS\Records\2024_DD_theater","3382497","3.23 MB","2024-05-31T14:09:00+00:00","2024-05-31T12:09:51+00:00"
"rec_e8e83036202195749a99b0d4885edefab38559c1","2021_02_24_12_27_25.mp3","\\SyNAS\Records\2021","201562487","192.22 MB","2021-02-24T12:27:25+00:00","2021-02-24T14:57:24+00:00"
"rec_c8ebe2e15b83393dc1f08d46642d1abbc8c00cf7","Audio recording 2020-05-31 22-34-01.aac","\\SyNAS\Records\2020","32928986","31.40 MB","2020-05-31T00:00:00+00:00","2020-05-31T20:51:02+00:00"
"rec_1c5cb6f826350f4f7ced0d8a04625fcded1a2826","2021_02_07_14_39_33 repas dimansch3  homme femme au foyer.mp3","\\SyNAS\Records\Audio\Time_Sort\2021","120174131","114.61 MB","2021-02-07T14:39:33+00:00","2021-02-07T15:44:46+00:00"
"rec_bf821350def1f1b3b32223ebd79d555c0a1097f5","Audio recording 2020-07-05 01-57-07.wav","\\SyNAS\Records\Audio\Time_Sort\2020","35488196","33.84 MB","2020-07-05T00:00:00+00:00","2020-07-05T00:00:28+00:00"
"rec_63f3df920018c29374a9e95e1da6b12236a053b8","Audio recording 2020-06-27 14-36-20.aac","\\SyNAS\Records\2020","1608144","1.53 MB","2020-06-27T00:00:00+00:00","2020-06-27T12:37:10+00:00"
"rec_55a12e00d243ea73c968a146f3ab916110eb1547","2020_12_30_23_41_16 Alois confessions.mp3","\\SyNAS\Records\Audio\Time_Sort\2020","7259950","6.92 MB","2020-12-30T23:41:16+00:00","2020-12-30T22:48:50+00:00"
"rec_41882b85f0c594ec82afcf9a498be32511cb2c11","2021_02_09_20_05_55.mp3","\\SyNAS\Records\2021","59544136","56.79 MB","2021-02-09T20:05:55+00:00","2021-02-09T20:07:59+00:00"
"rec_f5391f7190592e595bf6515c03f98e91457c790d","2020_10_24_23_04_02 ferme ta gueuele peter ton nez.mp3","\\SyNAS\Records\Audio\2020-Unsorted","22686405","21.64 MB","2020-10-24T23:04:02+00:00","2020-10-24T21:27:40+00:00"
"rec_36067e0d0c00b0bc9538466ab8605bed841e60fe","2021_01_31_18_57_59 KT j en ai marre du vin heureusement.mp3","\\SyNAS\Records\2021","7048880","6.72 MB","2021-01-31T18:57:59+00:00","2021-01-31T18:05:20+00:00"
"rec_6570a1d9af541e3f5ac9b020a6508366b65f239f","2022-07-12_21h02m27_Voix 037.m4a","\\SyNAS\Records\2022-July-Dec","80085","78.21 KB","2022-07-12T21:02:00+00:00","2022-07-12T19:02:27+00:00"
"rec_b56ce9042027a7bce0fce3f880fadb9fb280345a","2020_09_06_16_11_58 exercises.mp3","\\SyNAS\Records\Audio\2020-Unsorted","51605001","49.21 MB","2020-09-06T16:11:58+00:00","2020-09-06T15:05:43+00:00"
"rec_bdb457624ca107f1c52a08c9e6a845b36e03b5c4","2021_01_26_20_48_45.mp3","\\SyNAS\Records\2021","6552763","6.25 MB","2021-01-26T20:48:45+00:00","2021-01-26T19:55:34+00:00"
"rec_5a29bda6f74fc4fa37c94ca9ab220ba252821f82","2021_03_26_20_43_45.mp3","\\SyNAS\Records\Audio\Time_Sort\2021","3823907","3.65 MB","2021-03-26T20:43:45+00:00","2021-03-26T19:47:45+00:00"
"rec_b0c3d94e333d909744fa2cee78bd0fe6b6d9692b","2021_05_07_19_06_48.mp3","\\SyNAS\Records\2021","28213497","26.91 MB","2021-05-07T19:06:48+00:00","2021-05-07T17:36:11+00:00"
"rec_92fa8e798f38d060fbd079218825a7b355f84625","2021_04_01_21_36_09.mp3","\\SyNAS\Records\Audio\Time_Sort\2021","7371132","7.03 MB","2021-04-01T21:36:09+00:00","2021-04-01T19:43:50+00:00"
"rec_717205430b0c76a28adf120a20b2f2fbd5d4eec0","2021_02_25_14_58_27.mp3","\\SyNAS\Records\Audio\Time_Sort\2021","1465330","1.40 MB","2021-02-25T14:58:27+00:00","2021-02-25T14:00:00+00:00"
"rec_316e5eca77daa0e5d1d0b1b9411acbefccd47bdd","2021_08_13_23_47_34.mp3","\\SyNAS\Records\2021","14814980","14.13 MB","2021-08-13T23:47:34+00:00","2021-08-13T22:03:00+00:00"
"rec_d97bb3a73b03d597514d74b75a827995cd3dace5","2021_07_27_20_03_17.mp3","\\SyNAS\Records\2021","304252550","290.16 MB","2021-07-27T20:03:17+00:00","2021-07-27T23:20:25+00:00"
"rec_627a5579fd36ff3ccdbdd8a4ca4cdc68b93b8939","2021_04_26_20_01_24_harcelemznt2.mp3","\\SyNAS\Records\2021","100535901","95.88 MB","2021-04-26T20:01:24+00:00","2021-04-26T19:46:07+00:00"
"rec_fbe9bafd57a8c315d90f27cd875846ae61bf7155","2020_08_07_19_13_42.mp3","\\SyNAS\Records\Audio\Time_Sort\2020","184420718","175.88 MB","2020-08-07T19:13:42+00:00","2020-08-07T20:36:10+00:00"
"rec_01aac0fa0b1e843de90b1b93b9686d96dbdb3dfd","2021_02_12_12_54_03.mp3","\\SyNAS\Records\Audio\Time_Sort\2021","662882","647.35 KB","2021-02-12T12:54:03+00:00","2021-02-12T11:54:44+00:00"
"rec_035007ab0d287e880a8a3d8d165932c80b033a37","2020-05-16_13h20m12_Voix 033_sd.m4a","\\SyNAS\Records\Audio\Time_Sort\2020","1067646","1.02 MB","2020-05-16T13:20:00+00:00","2020-05-16T11:20:12+00:00"
"rec_2f3941cfc1f44697b1da45246240e5dc270af6d3","2020_08_24_13_02_27.mp3","\\SyNAS\Records\2020","50532936","48.19 MB","2020-08-24T13:02:27+00:00","2020-08-24T11:55:05+00:00"
"rec_a295c1cb33e160d5f28ac0f26b74f4a08ff211bb","2023-04-30_09h18m42_Voix 149 nocturne.m4a","\\SyNAS\Records\2023","516625155","492.69 MB","2023-04-30T09:18:00+00:00","2023-04-30T07:18:42+00:00"
"rec_80f06ec3f8a4c217f096866d6ce32d9c97bb50ce","2022-09-29_20h36m45_Voix 080 Alois explique l'abandon de chien.m4a","\\SyNAS\Records\2022-July-Dec","21415604","20.42 MB","2022-09-29T20:36:00+00:00","2022-09-29T18:36:45+00:00"
"rec_2dc3f762ed99fa54cd5d9a7ce02481eac988c792","2020_08_03_12_13_02 lunch.mp3","\\SyNAS\Records\Audio\Time_Sort\2020","186292766","177.66 MB","2020-08-03T12:13:02+00:00","2020-08-03T13:27:05+00:00"
"rec_94784bab1539b97436d62276fbeeda05f37f9ab7","2021_01_24_14_21_29.mp3","\\SyNAS\Records\Audio\Time_Sort\2021","13143979","12.54 MB","2021-01-24T14:21:29+00:00","2021-01-24T13:35:11+00:00"
"rec_33634238a186a232b7cac33a2c16cbb89ee79160","Audio recording 2020-08-29 21-01-29.wav","\\SyNAS\Records\Audio\Time_Sort\2020","123102548","117.40 MB","2020-08-29T00:00:00+00:00","2020-08-29T19:13:08+00:00"
"rec_b2495a28d3d4b8f9126725b2d500479839df0cd6","2023-02-05_20h20m24_Voix 126.m4a","\\SyNAS\Records\2023","46406639","44.26 MB","2023-02-05T20:20:00+00:00","2023-02-05T19:20:24+00:00"
"rec_b3e4f016e3c0561345829bdcd87edc5ba7c963ca","Audio recording 2020-09-07 18-17-08.aac","\\SyNAS\Records\Audio\Time_Sort\2020","43128043","41.13 MB","2020-09-07T00:00:00+00:00","2020-09-07T16:39:24+00:00"
"rec_2deb85c1b21b7687421c74f059449e82e3738643","2020_09_13_14_40_06.mp3","\\SyNAS\Records\Audio\2020-Unsorted","14775274","14.09 MB","2020-09-13T14:40:06+00:00","2020-09-13T12:55:30+00:00"
"rec_40d7a615c2781e9d4b573e88a1f15a0c5d634025","2021_02_24_19_53_51 diner.mp3","\\SyNAS\Records\Audio\Time_Sort\2021","84632136","80.71 MB","2021-02-24T19:53:51+00:00","2021-02-24T20:22:01+00:00"
"rec_c72071272da25cf68f08cb91db0ac9de185cee25","2023-06-10_20h40m58_Voix 156 Steinhausen folie douce.m4a","\\SyNAS\Records\2023","22037648","21.02 MB","2023-06-10T20:40:00+00:00","2023-06-10T18:40:58+00:00"
"rec_473a123e37523a4f6a7ac27cae9926f94a61831d","2021_05_01_11_51_58 bobbycar.mp3","\\SyNAS\Records\2021","5676720","5.41 MB","2021-05-01T11:51:58+00:00","2021-05-01T09:57:52+00:00"
"rec_ce8295e5ba0751c7be0ad7e74201deca69a7dd5b","2024-05-28_01h19m02_Voix 003 Dinda.m4a","\\SyNAS\Records\2024_DD_theater","229911868","219.26 MB","2024-05-28T01:19:00+00:00","2024-05-27T23:19:02+00:00"
"rec_57cdb1bdb1bf361dc73cabab3843845adda338ab","Audio recording 2020-11-13 18-54-55.aac","\\SyNAS\Records\Audio\Time_Sort\2020","43902877","41.87 MB","2020-11-13T00:00:00+00:00","2020-11-13T18:17:34+00:00"
"rec_99d2ce62a5d89815def2cad2111dfe14572b485e","2021_06_09_12_30_42 kta lunch africain.mp3","\\SyNAS\Records\2021","26674572","25.44 MB","2021-06-09T12:30:42+00:00","2021-06-09T10:58:29+00:00"
"rec_8d9b8c09ff2afd6c83c82eba984ca64a723b2368","Audio recording 2020-11-30 20-43-09 chantage insultes pyjama et au lit.aac","\\SyNAS\Records\Audio\Time_Sort\2020","45582171","43.47 MB","2020-11-30T00:00:00+00:00","2020-11-30T20:06:40+00:00"
"rec_69aa1a9ea3fe312bc5993e8bc8316a2286c574b3","2021_03_30_19_55_59.mp3","\\SyNAS\Records\Audio\Time_Sort\2021","16694960","15.92 MB","2021-03-30T19:55:59+00:00","2021-03-30T18:13:22+00:00"
"rec_0bb80d1c334fb7c316e321aadd84e8931eb451cb","2023-10-23_18h54m24_Voix 015 violoncelle.m4a","\\SyNAS\Records\2023","21250673","20.27 MB","2023-10-23T18:54:00+00:00","2023-10-23T16:54:24+00:00"
"rec_03903bf52f39478d8cf661969b6cc5856291156d","Audio recording 2020-11-15 21-37-06.aac","\\SyNAS\Records\Audio\Time_Sort\2020","8477038","8.08 MB","2020-11-15T00:00:00+00:00","2020-11-15T20:41:28+00:00"
"rec_b29f522a69d1026491eea65238b6f38f751a38cf","Audio recording 2020-12-02 20-09-12.aac","\\SyNAS\Records\2020","3277048","3.13 MB","2020-12-02T00:00:00+00:00","2020-12-02T19:10:54+00:00"
"rec_7a07e9d12c6f3efd3910750d60cf1bca730c5c02","2022-09-16_06h59m49_Voix 074.m4a","\\SyNAS\Records\2022-July-Dec","510450","498.49 KB","2022-09-16T06:59:00+00:00","2022-09-16T04:59:49+00:00"
"rec_f3d47c8c7e779d499391df0f769eff4c8d7b4982","2021_03_21_21_59_09.mp3","\\SyNAS\Records\2021","1669328","1.59 MB","2021-03-21T21:59:09+00:00","2021-03-21T21:00:53+00:00"
"rec_db3776b361a92342c9cf87ddfb15cb42237bf785","2024-05-11_16h54m06_Voix 001 discussion.m4a","\\SyNAS\Records\2024-notag","56720692","54.09 MB","2024-05-11T16:54:00+00:00","2024-05-11T14:54:06+00:00"
"rec_9000b158dc330e7f1f0fbdd1e1f2814bde2a6681","2023-02-09_19h09m10_Voix 129.m4a","\\SyNAS\Records\2023","3612734","3.45 MB","2023-02-09T19:09:00+00:00","2023-02-09T18:09:10+00:00"
"rec_1ca62ce5f493d205a2ce739ba57e13e81c39370f","2020_09_02_21_28_05 rage.mp3","\\SyNAS\Records\Audio\Time_Sort\2020","2496887","2.38 MB","2020-09-02T21:28:05+00:00","2020-09-02T19:30:41+00:00"
"rec_5f99aa1f895b465e953692b4da0a5f942f7de89e","2021_06_22_21_16_26 histoire le vilain petit meleze.mp3","\\SyNAS\Records\2021","5202560","4.96 MB","2021-06-22T21:16:26+00:00","2021-06-22T19:21:52+00:00"
"rec_6c1dd4d4cdf7e2e7981d286100f775aa80ae1b21","Audio recording 2020-11-28 15-03-53.aac","\\SyNAS\Records\2020","6524682","6.22 MB","2020-11-28T00:00:00+00:00","2020-11-28T14:07:16+00:00"
"rec_df0e7e5699e1ce94151a3044599e43effdd475ba","Audio recording 2020-07-07 20-40-41.wav","\\SyNAS\Records\2020","9056420","8.64 MB","2020-07-07T00:00:00+00:00","2020-07-07T18:41:32+00:00"
"rec_38a8a815a964983f74d90e63cbafa873ad6995e3","2021_06_23_16_09_57.mp3","\\SyNAS\Records\2021","39944776","38.09 MB","2021-06-23T16:09:57+00:00","2021-06-23T14:51:35+00:00"
"rec_95019bf3018448b2c0a6ae33b56fa5d01145b0fe","2020_12_27_13_34_10.mp3","\\SyNAS\Records\2020","4383554","4.18 MB","2020-12-27T13:34:10+00:00","2020-12-27T12:38:45+00:00"
"rec_0ae4aa9f3945f1aaad3eac6907c52bbb9a2e8d93","Audio recording 2020-10-28 20-57-30.aac","\\SyNAS\Records\2020","55490925","52.92 MB","2020-10-28T00:00:00+00:00","2020-10-28T20:26:08+00:00"
"rec_7be8b5abc228f7fc31f30f5abaf28b89fe7332e4","2021_03_29_08_05_51.mp3","\\SyNAS\Records\2021","77529337","73.94 MB","2021-03-29T08:05:51+00:00","2021-03-29T07:26:37+00:00"
"rec_78e79bd95151c95317dd56e4e9a1c9f664354274","2022-10-03_08h07m32_Voix 082 paroles avant école.m4a","\\SyNAS\Records\2022-July-Dec","1113950","1.06 MB","2022-10-03T08:07:00+00:00","2022-10-03T06:07:32+00:00"
"rec_a465043474bfff22494be70b7f8521e8a82dc20a","2021_07_06_12_43_17.mp3","\\SyNAS\Records\2021","68126","66.53 KB","2021-07-06T12:43:17+00:00","2021-07-06T10:43:21+00:00"
"rec_334f5abd4f9e23bacaada43cb5982154a2314492","Audio recording 2020-12-12 22-22-10 les cartons.aac","\\SyNAS\Records\Audio\Time_Sort\2020","10040098","9.57 MB","2020-12-12T00:00:00+00:00","2020-12-12T21:27:21+00:00"
"rec_46f43d19d573578624b3ad1ec05ef83e226c0aa9","Audio recording 2020-06-19 23-39-12.aac","\\SyNAS\Records\2020","1836929","1.75 MB","2020-06-19T00:00:00+00:00","2020-06-19T21:40:08+00:00"
"rec_c88d698bb758d6cbcc1581c5d8119b099b0ea1c1","2021_02_09_18_14_39.mp3","\\SyNAS\Records\Audio\Time_Sort\2021","51902170","49.50 MB","2021-02-09T18:14:39+00:00","2021-02-09T18:08:43+00:00"
"rec_8626128d707c44585c99e00fa6188b7b45a702a5","2024-07-30_20h58m16_Voix 017   plombier service.m4a","\\SyNAS\Records\2024","86435465","82.43 MB","2024-07-30T20:58:00+00:00","2024-07-30T18:58:16+00:00"
"rec_b525a76d01fcb50f4f017cc5a3821953a630eba6","2022_05_23_20_32_05.mp3","\\SyNAS\Records\2022-Jan-July","300135234","286.23 MB","2022-05-23T20:32:05+00:00","2022-05-23T23:44:43+00:00"
"rec_56b6fcdd126ab2ca01ee463cb07eca5e6eaadb6d","2024-07-18_20h47m06_Voix 013 KAT tu ne dis rien du tout.m4a","\\SyNAS\Records\2024","1788310","1.71 MB","2024-07-18T20:47:00+00:00","2024-07-18T18:47:06+00:00"
"rec_72cd98549c618c1748eb4be0f298c0a89b0f9e53","2022-10-02_15h16m04_Voix 082 retour de visite.m4a","\\SyNAS\Records\2022-July-Dec","2902894","2.77 MB","2022-10-02T15:16:00+00:00","2022-10-02T13:16:04+00:00"
"rec_1f4473beb766159b3fdb8b46544ffd201ffa003b","2021_04_09_12_00_00.mp3","\\SyNAS\Records\2021","20586996","19.63 MB","2021-04-09T12:00:00+00:00","2021-04-09T10:21:27+00:00"
"rec_f92925d8d22153a2feb610e44eb357ed64d86d31","2020-05-17_17h34m58_Voix 034_sd dd insane.m4a","\\SyNAS\Records\2020","62576729","59.68 MB","2020-05-17T17:34:00+00:00","2020-05-17T15:34:58+00:00"
"rec_337ed641c9b30b4dcaa05949e6e89d6ddb553ac1","2021_07_16_22_34_00 histoire.mp3","\\SyNAS\Records\2021","13100053","12.49 MB","2021-07-16T22:34:00+00:00","2021-07-16T20:47:39+00:00"
"rec_c7e77d18a351b0017625797b0aab40773dac9868","2021_02_21_16_21_09.mp3","\\SyNAS\Records\Audio\Time_Sort\2021","79559365","75.87 MB","2021-02-21T16:21:09+00:00","2021-02-21T16:44:02+00:00"
"rec_250960c5885823194e4a3141e98a1939e5e6e736","2021_02_25_20_10_14 kta Alois lecture.mp3","\\SyNAS\Records\2021","39130591","37.32 MB","2021-02-25T20:10:14+00:00","2021-02-25T19:51:00+00:00"
"rec_cc37eafaca94ff0f6e0eb154f4158d3250294164","Audio recording 2020-09-04 18-46-25.wav","\\SyNAS\Records\2020","128055860","122.12 MB","2020-09-04T00:00:00+00:00","2020-09-04T16:59:24+00:00"
"rec_741d9ec2acd66f1a8b9382fae2d83ad1738ae218","2021_04_03_18_28_55 KElis phone.mp3","\\SyNAS\Records\Audio\Time_Sort\2021","49962003","47.65 MB","2021-04-03T18:28:55+00:00","2021-04-03T17:20:57+00:00"
"rec_c653374e04a04ef63d4f40daa40b0be7d9743ada","Audio recording 2020-09-18 11-56-27 midi prostitu.aac","\\SyNAS\Records\2020","73344113","69.95 MB","2020-09-18T00:00:00+00:00","2020-09-18T11:02:16+00:00"
"rec_90f20abea70a8d1ff926a676b545d7fcbe18ff63","2021_02_01_17_31_07 again and again.mp3","\\SyNAS\Records\2021","17538402","16.73 MB","2021-02-01T17:31:07+00:00","2021-02-01T16:49:23+00:00"
"rec_b5ae0d4b34e0d5e537800a3806408103207c1098","2023-07-24_20h50m21_Voix 006 dd pizza.m4a","\\SyNAS\Records\2023","5499510","5.24 MB","2023-07-24T20:50:00+00:00","2023-07-24T18:50:21+00:00"
"rec_55b467c1b2404fe7be5eb0c657234adc67dc87a6","2021_03_30_13_48_58.mp3","\\SyNAS\Records\Audio\Time_Sort\2021","113352201","108.10 MB","2021-03-30T13:48:58+00:00","2021-03-30T13:47:05+00:00"
"rec_d512e2e8f22906fa0c34c3abc3b04eedece0c524","Audio recording 2020-10-18 21-57-42.aac","\\SyNAS\Records\2020","5476142","5.22 MB","2020-10-18T00:00:00+00:00","2020-10-18T20:00:33+00:00"
"rec_0e4f340dc9fcc85bf7398b8bb59e1c11ceb4d559","2022-07-18_17h21m44_Voix 045 nachbarin.m4a","\\SyNAS\Records\2022-July-Dec","34119825","32.54 MB","2022-07-18T17:21:00+00:00","2022-07-18T15:21:44+00:00"
"rec_8d2584f58305eb38a072fc7c59a00e1d136d2d50","2021_02_08_13_28_23 maria Hays.mp3","\\SyNAS\Records\2021","35830803","34.17 MB","2021-02-08T13:28:23+00:00","2021-02-08T13:05:43+00:00"
"rec_b16a57c12246914d98cac4fce8453016837d6846","2021_01_28_12_00_18 midi lunch provocation medley.mp3","\\SyNAS\Records\Audio\Time_Sort\2021","48442722","46.20 MB","2021-01-28T12:00:18+00:00","2021-01-28T11:50:46+00:00"
"rec_c9d6dc809c03c81dd444fcb1776e562bf5a1cb3c","2021_02_25_23_57_01.mp3","\\SyNAS\Records\2021","59803270","57.03 MB","2021-02-25T23:57:01+00:00","2021-02-25T23:59:19+00:00"
"rec_1deda0213cc3b6b7234da7f07f039a9cc3b06108","2021_04_04_21_55_15 poulpe histoire.mp3","\\SyNAS\Records\Audio\Time_Sort\2021","33812061","32.25 MB","2021-04-04T21:55:15+00:00","2021-04-04T20:30:28+00:00"
"rec_b62b3f4b607b85eaef805f345af1cf9a586e068b","2020_12_23_19_42_27.mp3","\\SyNAS\Records\2020","2294594","2.19 MB","2020-12-23T19:42:27+00:00","2020-12-23T18:44:50+00:00"
"rec_8ab3be6f7f1720d7ef8c7c5e8fb1415e4915a79d","2021_01_02_18_58_42.mp3","\\SyNAS\Records\Audio\Time_Sort\2021","938735","916.73 KB","2021-01-02T18:58:42+00:00","2021-01-02T17:59:41+00:00"
"rec_39ce838cb5981d4811fd4690c052640bce5b91e7","Audio recording 2020-12-11 21-38-48.aac","\\SyNAS\Records\2020","308741382","294.44 MB","2020-12-11T00:00:00+00:00","2020-12-11T23:23:13+00:00"
"rec_9b8478321a919a51aa62592551533f4c06f6ea43","2021_05_15_13_20_26 pizza delivery and madness.mp3","\\SyNAS\Records\2021","29023084","27.68 MB","2021-05-15T13:20:26+00:00","2021-05-15T11:50:40+00:00"
"rec_d037e07b7e625d42008b26e5e5eb0ec9cb099304","2021_12_03_21_57_51.mp3","\\SyNAS\Records\2021","3296861","3.14 MB","2021-12-03T21:57:51+00:00","2021-12-03T21:01:17+00:00"
"rec_a1208e4ae2f256a5d18e6b5c83c0baa2e0e69e56","2021_01_06_15_03_05.mp3","\\SyNAS\Records\2021","11283","11.02 KB","2021-01-06T15:03:05+00:00","2021-01-06T14:03:06+00:00"
"rec_447c6b249b4b663d6d52721fced85e69963a8645","2021_02_10_21_55_12 histoire.mp3","\\SyNAS\Records\Audio\Time_Sort\2021","15224580","14.52 MB","2021-02-10T21:55:12+00:00","2021-02-10T21:11:03+00:00"
"rec_409fd502817e5372b148392cb73d98990c4f341b","2020-04-01_13h58m44_Recording (17)_Dinda.m4a","\\SyNAS\Records\Rec\DD","44291025","42.24 MB","2020-04-01T13:58:00+00:00","2020-04-05T23:24:09+00:00"
"rec_0edcf9a04f13f7a58a561c24d31e68bb3ec1e35d","Audio recording 2020-11-10 19-25-35 harcèlement avant process.aac","\\SyNAS\Records\2020","29874866","28.49 MB","2020-11-10T00:00:00+00:00","2020-11-10T18:41:00+00:00"
"rec_05ff5ca1160cfacf62f4c506cd1533b8d97eafb1","2023-01-16_00h46m40_Voix 122 dd after.m4a","\\SyNAS\Records\2023","23829222","22.73 MB","2023-01-16T00:46:00+00:00","2023-01-15T23:46:40+00:00"
"rec_1e78bc2eb524e3c299eb487c859bfc777bd43b30","Audio recording 2020-10-01 21-42-38 la bonne etoile.aac","\\SyNAS\Records\2020","6237389","5.95 MB","2020-10-01T00:00:00+00:00","2020-10-01T19:45:52+00:00"
"rec_9b382a5832cf8289eb1b7ed82c629dc98dfbfc8d","2020_12_30_19_22_41.mp3","\\SyNAS\Records\Audio\Time_Sort\2020","38586826","36.80 MB","2020-12-30T19:22:41+00:00","2020-12-30T19:02:52+00:00"
"rec_33431e223ab1a78ea8d0eb59c2e383ae3c27c838","2021_01_14_19_43_10.mp3","\\SyNAS\Records\2021","36006764","34.34 MB","2021-01-14T19:43:10+00:00","2021-01-14T19:20:42+00:00"
"rec_fcf7225f4bb02924dc3d14655fc6107785d9c0f6","2020-09-14_14h06m24_DD - Recording.m4a","\\SyNAS\Records\Rec\DD","162447073","154.92 MB","2020-09-14T14:06:00+00:00","2020-09-14T12:06:24+00:00"
"rec_d8a9bf75564b23410fa65fdfe425063b0a99ce20","2021_06_03_19_04_30 alois rentre d une bataille deau a 19h.mp3","\\SyNAS\Records\2021","3953205","3.77 MB","2021-06-03T19:04:30+00:00","2021-06-03T17:08:39+00:00"
"rec_546cd502db0b7209fd4c5dc4bcbb58af8a8e60ab","2021_02_09_20_05_55.mp3","\\SyNAS\Records\Audio\Time_Sort\2021","59544136","56.79 MB","2021-02-09T20:05:55+00:00","2021-02-09T20:07:59+00:00"
"rec_2efde84e67ce07e2c299f8ffd6a11c7be4d3f4ef","20220605_123502 rendre le telephone.m4a","\\SyNAS\Records\2022-Jan-July","1904049","1.82 MB","","2022-06-05T10:36:44+00:00"
"rec_c16b61713eac0f119a9127bd966b3002c5a10231","2022-07-17_14h28m09_Voix 043.m4a","\\SyNAS\Records\2022-July-Dec","1448515","1.38 MB","2022-07-17T14:28:00+00:00","2022-07-17T12:28:09+00:00"
"rec_bb5734fe2048dc8839f4420eb2948003b8d66878","Audio recording 2020-10-11 18-54-56.aac","\\SyNAS\Records\2020","99420713","94.81 MB","2020-10-11T00:00:00+00:00","2020-10-11T17:46:15+00:00"
"rec_0f0e37126e6ee6da5a6cc52c0fd0854e9789d620","2023-04-07_16h04m07_Voix 146 KTA catajou enlevé serrure électronique.m4a","\\SyNAS\Records\2023","76915126","73.35 MB","2023-04-07T16:04:00+00:00","2023-04-07T14:04:07+00:00"
"rec_67055daae35cf701755714f4624e098f5a1f2f86","2019-10-12_00h37m56_Et bikini.m4a","\\SyNAS\Records\Audio\Time_Sort\2019","1990540","1.90 MB","2019-10-12T00:37:00+00:00","2019-10-11T22:37:56+00:00"
"rec_7919bf3459faa67cd9714136bc1aa1565418b3a2","2021_01_26_22_56_46.mp3","\\SyNAS\Records\2021","11371832","10.85 MB","2021-01-26T22:56:46+00:00","2021-01-26T22:08:37+00:00"
"rec_c15b3692141cb250b59496cec0565d5072779a81","2023-03-12_14h41m49_Voix 145 ta peinture.m4a","\\SyNAS\Records\2023","29656649","28.28 MB","2023-03-12T14:41:00+00:00","2023-03-12T13:41:49+00:00"
"rec_7ca166ee79edb2747eeb83e3e4c40e03961ad1e2","Audio recording 2020-07-05 00-36-26.wav","\\SyNAS\Records\2020","187474436","178.79 MB","2020-07-05T00:00:00+00:00","2020-07-04T22:54:08+00:00"
"rec_2acbfd38a651f2a20db7d72c00d4f98c34c50437","2021_03_13_21_50_04.mp3","\\SyNAS\Records\Audio\Time_Sort\2021","23085974","22.02 MB","2021-03-13T21:50:04+00:00","2021-03-13T21:14:07+00:00"
"rec_cc7ffd3043a1102a22ce1b195f8c50adebb05d7c","2020_12_26_15_28_38 cest les vacances.mp3","\\SyNAS\Records\2020","761520","743.67 KB","2020-12-26T15:28:38+00:00","2020-12-26T14:29:26+00:00"
"rec_365040837103d828cdb9efb3fa32c8bd6c7effc6","2024-07-28_20h12m40_Voix 015.m4a","\\SyNAS\Records\2024-notag","93497404","89.17 MB","2024-07-28T20:12:00+00:00","2024-07-28T18:12:40+00:00"
"rec_e0abc0a22ed1ca31a867c33d455938857af68518","2021_07_03_15_02_21 catajou mit daniela 2.mp3","\\SyNAS\Records\2021","120813608","115.22 MB","2021-07-03T15:02:21+00:00","2021-07-03T15:08:12+00:00"
"rec_da4b0e84425251f011b1df55fcb9184d2bb2933c","2021_02_17_16_59_35 aboule 150.mp3","\\SyNAS\Records\2021","80707059","76.97 MB","2021-02-17T16:59:35+00:00","2021-02-17T17:23:40+00:00"
"rec_131ef4b8e133be2efda1557050905a5d5661c3fe","2021_04_04_16_25_04.mp3","\\SyNAS\Records\2021","51732061","49.34 MB","2021-04-04T16:25:04+00:00","2021-04-04T15:18:58+00:00"
"rec_541766172a7d7c341cb6ce3540b46792b15108ae","2021_05_06_13_21_53.mp3","\\SyNAS\Records\2021","274180","267.75 KB","2021-05-06T13:21:53+00:00","2021-05-06T11:22:10+00:00"
"rec_f3912718676a0d5dad3f9e7b4081df03d21ba777","Audio recording 2020-09-12 20-42-54.aac","\\SyNAS\Records\2020","10879703","10.38 MB","2020-09-12T00:00:00+00:00","2020-09-12T18:48:32+00:00"
"rec_5ffd63e4fbe4ffafb07840e843b6fd5db76cb77e","2020-03-18_17h41m00_Recording (6) Dinda Conversation.m4a","\\SyNAS\Records\WebStorage\DD","51475422","49.09 MB","2020-03-18T17:41:00+00:00","2020-04-05T23:24:00+00:00"
"rec_462311d186499cbda73de2993569f090b068b93a","2021_04_05_20_57_34 histoire.mp3","\\SyNAS\Records\2021","41707728","39.78 MB","2021-04-05T20:57:34+00:00","2021-04-05T19:41:01+00:00"
"rec_78549ad77c31ab5ee279aefdff881a455b56b3cc","2021_02_25_13_14_13.mp3","\\SyNAS\Records\Audio\Time_Sort\2021","152136","148.57 KB","2021-02-25T13:14:13+00:00","2021-02-25T12:14:23+00:00"
"rec_794dc2a1a2cc25ffcd2610a9703c27382c6790f4","Audio recording 2020-08-05 21-47-53.wav","\\SyNAS\Records\Audio\Time_Sort\2020","1129004","1.08 MB","2020-08-05T00:00:00+00:00","2020-08-05T19:48:00+00:00"
"rec_1b2801f3f681cdea99be18853a232a3035fe45d5","2024-07-10_11h05m34_Voix 012 dd packing.m4a","\\SyNAS\Records\2024_DD_theater","93714261","89.37 MB","2024-07-10T11:05:00+00:00","2024-07-10T09:05:34+00:00"
"rec_8e31790601a121bba7c2c28fe5b54928d30e7b11","Audio recording 2020-11-26 21-40-08.aac","\\SyNAS\Records\2020","3661764","3.49 MB","2020-11-26T00:00:00+00:00","2020-11-26T20:51:16+00:00"
"rec_652cdb3324183cce4447192112dac77e02b42ff9","2020-03-27_13h36m40_Recording (11)_Dinda.m4a","\\SyNAS\Records\WebStorage\DD","3414649","3.26 MB","2020-03-27T13:36:00+00:00","2020-04-05T23:24:06+00:00"
"rec_27c9185d51b7672a56709871178f5302dbe389fb","2024-08-15_19h34m18_Voix 019 départ Aloïs.m4a","\\SyNAS\Records\2024","153533743","146.42 MB","2024-08-15T19:34:00+00:00","2024-08-15T17:34:18+00:00"
"rec_99f1dc272ab8930fcbb7f321fadb6d628c8f2ae7","Audio recording 2020-11-21 22-06-34.aac","\\SyNAS\Records\Audio\Time_Sort\2020","20367472","19.42 MB","2020-11-21T00:00:00+00:00","2020-11-21T21:17:04+00:00"
"rec_805a273eddb7e701b84500f8b37058b1e95669f5","2023-08-05_18h39m56_Voix 009 marva.m4a","\\SyNAS\Records\2023","95397450","90.98 MB","2023-08-05T18:39:00+00:00","2023-08-05T16:39:56+00:00"
"rec_03c59c4483ec413395225ca8d0b2075605340757","2019-01-19_13h25m54_Enregistrement_0368.wav","\\SyNAS\Records\Rec\GoogleRec\SmartVoiceRecorder","384875564","367.05 MB","2019-01-19T13:25:00+00:00","2019-01-19T12:25:54+00:00"
"rec_33cfb5b41afac2bc2dbf6250222e65b0e1ee8958","2020_10_07_12_03_22.mp3","\\SyNAS\Records\Audio\2020-Unsorted","48080306","45.85 MB","2020-10-07T12:03:22+00:00","2020-10-07T10:53:27+00:00"
"rec_828238ebee721a6c5ebd154ef73b8cb79046bbb2","2024-07-29_20h28m14_Voix 017 allez au lac.m4a","\\SyNAS\Records\2024","25636186","24.45 MB","2024-07-29T20:28:00+00:00","2024-07-29T18:28:14+00:00"
"rec_9ec167c470d06659a4cf391faa22a05891948de2","2022_02_14_19_06_32.mp3","\\SyNAS\Records\2022-Jan-July","129178643","123.19 MB","2022-02-14T19:06:32+00:00","2022-02-14T20:21:11+00:00"
"rec_82af796784d1b6d005cd5134013b631c4dcb388a","Audio recording 2020-12-03 11-54-08.aac","\\SyNAS\Records\2020","72950330","69.57 MB","2020-12-03T00:00:00+00:00","2020-12-03T11:31:46+00:00"
"rec_7368981671b84ebaba0206517d13fd3dedf9b6e9","2019-10-15_23h48m14_Et bikini.m4a","\\SyNAS\Records\2019","1990540","1.90 MB","2019-10-15T23:48:00+00:00","2019-10-15T21:48:14+00:00"
"rec_1bdc3d16e9071849b61bfa12e1421aeffedda8cd","2021_01_22_19_47_06.mp3","\\SyNAS\Records\2021","759430","741.63 KB","2021-01-22T19:47:06+00:00","2021-01-22T18:47:54+00:00"
"rec_3e71989cc0daad67a60e31c96aa87a5129846c69","2021_01_16_15_17_50.mp3","\\SyNAS\Records\2021","6206274","5.92 MB","2021-01-16T15:17:50+00:00","2021-01-16T14:24:18+00:00"
"rec_c940649fd337885d152ff8c82f119da516465649","2022-11-09_21h52m07_Voix 097 discours avec sœur.m4a","\\SyNAS\Records\2022-July-Dec","89046123","84.92 MB","2022-11-09T21:52:00+00:00","2022-11-09T20:52:07+00:00"
"rec_5aef31b3272b423643b8e874c286a4f049ccfa30","2021_03_21_19_57_40 moquerie humiliation.mp3","\\SyNAS\Records\2021","54300002","51.78 MB","2021-03-21T19:57:40+00:00","2021-03-21T19:54:14+00:00"
"rec_7a602e6a6d0703a41232f5c371865211009f3b8e","2021_02_12_12_08_44.mp3","\\SyNAS\Records\2021","43273821","41.27 MB","2021-02-12T12:08:44+00:00","2021-02-12T11:53:49+00:00"
"rec_d97539a702a6158e354d2cb70a415f3011fc9d1e","2020_10_29_21_47_23 insults.mp3","\\SyNAS\Records\2020","21049259","20.07 MB","2020-10-29T21:47:23+00:00","2020-10-29T21:09:19+00:00"
"rec_a33bd7f69cc26913323bac2db69a5443788369af","Audio recording 2020-06-27 17-13-10.aac","\\SyNAS\Records\2020","219599369","209.43 MB","2020-06-27T00:00:00+00:00","2020-06-27T17:06:28+00:00"
"rec_3c81c2d1dc6d72975e4d5b9ab56a4ef4d9ad2a82","Audio recording 2020-07-13 11-52-25.wav","\\SyNAS\Records\2020","359954816","343.28 MB","2020-07-13T00:00:00+00:00","2020-07-13T11:09:20+00:00"
"rec_797c806ac569ee410f11c4b68b675d3a3b19e328","2020_12_31_22_01_33.mp3","\\SyNAS\Records\2020","19724328","18.81 MB","2020-12-31T22:01:33+00:00","2020-12-31T21:22:06+00:00"
"rec_d7a9001903dc3fdcae057e0c7b0add6c3c3feadb","Audio recording 2020-11-30 16-36-20 confiscation s9.aac","\\SyNAS\Records\Audio\Time_Sort\2020","45530431","43.42 MB","2020-11-30T00:00:00+00:00","2020-11-30T15:59:50+00:00"
"rec_58f83ab916b04ed43eab8b62fa97c199dc06cafe","2021_02_26_08_04_56.mp3","\\SyNAS\Records\Audio\Time_Sort\2021","29953055","28.57 MB","2021-02-26T08:04:56+00:00","2021-02-26T07:36:08+00:00"
"rec_2c174a872ee85d9a6fed64251dbfc149dc531b2e","2021_06_19_19_42_39.mp3","\\SyNAS\Records\2021","4016586","3.83 MB","2021-06-19T19:42:39+00:00","2021-06-19T17:46:51+00:00"
"rec_8199986f2ff67519c1648524d66886e58ed8fd22","2023-10-30_17h36m13_Voix 016 Schule gesprach.m4a","\\SyNAS\Records\2023","88244902","84.16 MB","2023-10-30T17:36:00+00:00","2023-10-30T16:36:13+00:00"
"rec_d986827f18b0d64fc5535963693b7f82ec7f32e7","2020_12_08_21_23_07.mp3","\\SyNAS\Records\Audio\Time_Sort\2020","2402846","2.29 MB","2020-12-08T21:23:07+00:00","2020-12-08T20:25:38+00:00"
"rec_07417304e41b19b13734bc985d78a9beb830d79f","2021_02_14_20_55_52.mp3","\\SyNAS\Records\Audio\Time_Sort\2021","16235205","15.48 MB","2021-02-14T20:55:52+00:00","2021-02-14T20:12:47+00:00"
"rec_17cfa25d4151c79e59914ca1c89fb7ea4d788def","2024-06-24_15h02m53_Voix 006 maeva explications.m4a","\\SyNAS\Records\2024","32990493","31.46 MB","2024-06-24T15:02:00+00:00","2024-06-24T13:02:53+00:00"
"rec_fdbdc1bb3b991df03a2d1103125a4e4a13bfcf7f","Audio recording 2020-09-24 15-23-41.aac","\\SyNAS\Records\2020","1773411","1.69 MB","2020-09-24T00:00:00+00:00","2020-09-24T13:24:37+00:00"
"rec_5c6a65d7380b9dcd03d7df1e4ad7e78942685aca","Audio recording 2020-11-10 21-36-36.aac","\\SyNAS\Records\Audio\Time_Sort\2020","8592541","8.19 MB","2020-11-10T00:00:00+00:00","2020-11-10T20:41:02+00:00"
"rec_29229d437932aeba81014cb6d949e3de08a9cb57","2021_07_06_20_45_28.mp3","\\SyNAS\Records\2021","73677843","70.26 MB","2021-07-06T20:45:28+00:00","2021-07-06T20:02:11+00:00"
"rec_793451bc246b0ae912e013da3c35d24c83512bf7","2021_03_28_21_09_41 psychiatre.mp3","\\SyNAS\Records\Audio\Time_Sort\2021","6946062","6.62 MB","2021-03-28T21:09:41+00:00","2021-03-28T19:16:55+00:00"
"rec_f0d55836a4501daa7fed62a8753b94e53b56d114","Audio recording 2020-07-21 21-32-31.wav","\\SyNAS\Records\Audio\Time_Sort\2020","165360932","157.70 MB","2020-07-21T00:00:00+00:00","2020-07-21T19:48:34+00:00"
"rec_d596995216b2e60e3189a31cd020f3d05cf2b169","2022-07-11_17h24m21_Voix 035 partie de jeux.m4a","\\SyNAS\Records\2022-July-Dec","133396570","127.22 MB","2022-07-11T17:24:00+00:00","2022-07-11T15:24:21+00:00"
"rec_2d8238099cc21c61313e786110915dcce5a10159","2023-06-18_21h57m59_Voix 158 Steinhausen retour dimanche.m4a","\\SyNAS\Records\2023","1498899","1.43 MB","2023-06-18T21:57:00+00:00","2023-06-18T19:57:59+00:00"
"rec_06408c68f3e638893a7e513536fad7ba08dcff73","Audio recording 2020-07-03 17-49-27 champagne.wav","\\SyNAS\Records\2020","127449044","121.54 MB","2020-07-03T00:00:00+00:00","2020-07-03T16:31:08+00:00"
"rec_0349203587602f735faf8242e99ad5f7b89b9575","2021_02_07_22_00_28.mp3","\\SyNAS\Records\2021","11924792","11.37 MB","2021-02-07T22:00:28+00:00","2021-02-07T21:12:54+00:00"
"rec_74c9174d0cb57c099ceed9c73c9a5a69ded68253","2020_09_20_19_53_21.mp3","\\SyNAS\Records\Audio\2020-Unsorted","69121670","65.92 MB","2020-09-20T19:53:21+00:00","2020-09-20T19:05:21+00:00"
"rec_899af21d806d532eb6752978f7a0dc7ba3c19283","2021_01_01_21_56_14.mp3","\\SyNAS\Records\Audio\Time_Sort\2020","1208737","1.15 MB","2021-01-01T21:56:14+00:00","2021-01-01T20:57:30+00:00"
"rec_3c20f103dba00ea20cf98700dfc910d667c6ee97","2021_02_10_14_27_34 espece de gros porc.mp3","\\SyNAS\Records\Audio\Time_Sort\2021","584289","570.59 KB","2021-02-10T14:27:34+00:00","2021-02-10T13:28:11+00:00"
"rec_789500876d2f51ae8d77fa9b267370c233e250f7","2022-06-29_11h57m39_Voix 025.m4a","\\SyNAS\Records\2022-July-Dec","7623310","7.27 MB","2022-06-29T11:57:00+00:00","2022-06-29T09:57:39+00:00"
"rec_51c4c89ff1fcfeb2a4781096053bcc16b5d10ba1","2021_02_09_21_59_01.mp3","\\SyNAS\Records\Audio\Time_Sort\2021","47894777","45.68 MB","2021-02-09T21:59:01+00:00","2021-02-09T21:48:55+00:00"
"rec_1a0777cd22a13d7f7df21d63708aef7af57d646a","2022-08-20_23h15m39_Voix 060 dodo.m4a","\\SyNAS\Records\2022-July-Dec","36161818","34.49 MB","2022-08-20T23:15:00+00:00","2022-08-20T21:15:39+00:00"
"rec_3fa490c72aa11b2a84f543729ae64647f34f0100","2021_01_18_12_35_04.mp3","\\SyNAS\Records\2021","418376","408.57 KB","2021-01-18T12:35:04+00:00","2021-01-18T11:35:30+00:00"
"rec_af30cf2458f181b6714463fd7fe2386533aa5d3f","2021_03_15_19_42_28.mp3","\\SyNAS\Records\Audio\Time_Sort\2021","213883923","203.98 MB","2021-03-15T19:42:28+00:00","2021-03-15T22:25:16+00:00"
"rec_a98c4f064a9bac2dee509be9939de7aee4629914","2022-10-05_21h32m41_Voix 083 le chien.m4a","\\SyNAS\Records\2022-July-Dec","82220462","78.41 MB","2022-10-05T21:32:00+00:00","2022-10-05T19:32:41+00:00"
"rec_2b4d875e8364aa6a5c9a677d7e6d3d0cf2747863","2021_06_09_07_09_08 lacets.mp3","\\SyNAS\Records\2021","10254627","9.78 MB","2021-06-09T07:09:08+00:00","2021-06-09T05:19:49+00:00"
"rec_ff007953cbb68f799e0f070566a5ca15ceec50b8","2024-10-09_00h21m27_Voix 026 soirée mouvementée avec Aloïs.m4a","\\SyNAS\Records\2024-notag","224931480","214.51 MB","2024-10-09T00:21:00+00:00","2024-10-08T22:21:27+00:00"
"rec_1a08d7048b5b369f8f662f5067501fa13d2652cf","2023-06-22_19h13m19_Voix 158 dd love 1 day.m4a","\\SyNAS\Records\2023","31450108","29.99 MB","2023-06-22T19:13:00+00:00","2023-06-22T17:13:19+00:00"
"rec_9a3a3a6dd1b5b4b1e38888abe3e095df8d523478","2020_12_20_17_34_58.mp3","\\SyNAS\Records\2020","578872","565.30 KB","2020-12-20T17:34:58+00:00","2020-12-20T16:35:35+00:00"
"rec_e28a070872dcf8cac0a9dc40166024203f183c19","2024-07-07_14h13m22_Voix 010 dd réconciliation.m4a","\\SyNAS\Records\2024_DD_theater","80196391","76.48 MB","2024-07-07T14:13:00+00:00","2024-07-07T12:13:22+00:00"
"rec_e3801a420e1a2863de77633c6fda10edc5ac70f7","2021_05_01_14_16_53.mp3","\\SyNAS\Records\2021","6026970","5.75 MB","2021-05-01T14:16:53+00:00","2021-05-01T12:23:10+00:00"
"rec_fa5f0ea293eb419c65ed2710857894e71214499a","2024-08-15_16h55m38_Voix 019 Macbeth Monika.m4a","\\SyNAS\Records\2024-notag","53607382","51.12 MB","2024-08-15T16:55:00+00:00","2024-08-15T14:55:38+00:00"
"rec_2678cb05565daae6562c29c3ee03ab9768771ae8","2020_11_02_15_33_36 exercises.mp3","\\SyNAS\Records\2020","24526679","23.39 MB","2020-11-02T15:33:36+00:00","2020-11-02T14:59:09+00:00"
"rec_8240e4b2ec922b3fdd0c69afbc29e6124ccc67e3","Audio recording 2020-12-01 17-56-21 soumission lêche penale.aac","\\SyNAS\Records\Audio\Time_Sort\2020","2428748","2.32 MB","2020-12-01T00:00:00+00:00","2020-12-01T16:57:36+00:00"
"rec_942cd5528345315f954c05b7f186dd0a5d60bf81","Audio recording 2020-08-08 12-08-41.wav","\\SyNAS\Records\Audio\Time_Sort\2020","5281448","5.04 MB","2020-08-08T00:00:00+00:00","2020-08-08T10:09:46+00:00"
"rec_a59d2c10487108a1f6b7fa9159740ece4e8e8cd6","2021_01_16_15_17_50.mp3","\\SyNAS\Records\Audio\Time_Sort\2021","6206274","5.92 MB","2021-01-16T15:17:50+00:00","2021-01-16T14:24:18+00:00"
"rec_59cff94e04e9a09ce2ecad4beb54450684c24661","2022-11-27_10h54m21_Voix 103 Alois pratique le lobbying.m4a","\\SyNAS\Records\2022-July-Dec","43771082","41.74 MB","2022-11-27T10:54:00+00:00","2022-11-27T09:54:21+00:00"
"rec_e4f67238d201fea55458932895dc0ae25bfaf46b","2020_12_27_20_10_17 dinda call.mp3","\\SyNAS\Records\2020","75192110","71.71 MB","2020-12-27T20:10:17+00:00","2020-12-27T20:28:37+00:00"
"rec_b8e0a6be940d9aa7de4cba5d49bb94d79f9bbe6c","2021_01_31_21_22_53 KTA virus bacteries.mp3","\\SyNAS\Records\2021","23816567","22.71 MB","2021-01-31T21:22:53+00:00","2021-01-31T20:47:42+00:00"
"rec_44ebde18312dbc7e0a3622a6a3dca222fe1e0390","2021_01_25_20_41_04.mp3","\\SyNAS\Records\Audio\Time_Sort\2021","30163695","28.77 MB","2021-01-25T20:41:04+00:00","2021-01-25T20:12:29+00:00"
"rec_0355d79b3b7ada7a275cfc470784fd38014fd226","2024-06-30_14h40m00_Voix 007 DD essai de comminucation complainte.m4a","\\SyNAS\Records\2024_DD_theater","32770439","31.25 MB","2024-06-30T14:40:00+00:00","2024-06-30T12:40:00+00:00"
"rec_ea87d5664c0462218d040194a308994aaf278a0f","2020_10_08_16_39_25.mp3","\\SyNAS\Records\Audio\2020-Unsorted","1635473","1.56 MB","2020-10-08T16:39:25+00:00","2020-10-08T14:41:07+00:00"
"rec_34e50c07a56e525f04e4596408e89b76f96748a4","2024-04-29_08h41m52_Voix 001 Looping 1.m4a","\\SyNAS\Records\2024-notag","27902259","26.61 MB","2024-04-29T08:41:00+00:00","2024-04-29T06:41:52+00:00"
"rec_88d1fff88fa3889e1bd7caded68e2ba4e2840d7d","2021_04_15_18_57_11.mp3","\\SyNAS\Records\2021","31232834","29.79 MB","2021-04-15T18:57:11+00:00","2021-04-15T17:29:43+00:00"
"rec_7e2f7aa46acc8b27edcce63b6bcef91921cf6a25","2021_03_01_13_44_55.mp3","\\SyNAS\Records\2021","1419388","1.35 MB","2021-03-01T13:44:55+00:00","2021-03-01T12:46:24+00:00"
"rec_71fdcf32d3f874445abec586081d5f777276c032","2021_02_09_19_08_53.mp3","\\SyNAS\Records\2021","33817494","32.25 MB","2021-02-09T19:08:53+00:00","2021-02-09T18:44:07+00:00"
"rec_8592d42f5e4f21171f7277f6046cd3930c31f6a2","2021_07_05_18_43_45 schule score.mp3","\\SyNAS\Records\2021","25536887","24.35 MB","2021-07-05T18:43:45+00:00","2021-07-05T17:10:22+00:00"
"rec_e9bb137656c2cb93ffc9f8962e912c031dd3d1fd","2021_02_23_19_09_08 soiree.mp3","\\SyNAS\Records\Audio\Time_Sort\2021","112533001","107.32 MB","2021-02-23T19:09:08+00:00","2021-02-23T20:06:22+00:00"
"rec_8df896c5287490c087ac9b903d65b4159cd542dc","2019-10-15_13h51m44_Entretien 001.m4a","\\SyNAS\Records\2019","195128","190.55 KB","2019-10-15T13:51:00+00:00","2019-10-15T11:51:44+00:00"
"rec_566e8610f9caccac20251f56cfacae03631cd00b","2021_06_10_19_29_48.mp3","\\SyNAS\Records\2021","94131094","89.77 MB","2021-06-10T19:29:48+00:00","2021-06-10T19:07:51+00:00"
"rec_77069bd15225c4033c347f0af2f1d112908463ec","Audio recording 2020-06-19 22-44-26.aac","\\SyNAS\Records\Audio\Time_Sort\2020","32554749","31.05 MB","2020-06-19T00:00:00+00:00","2020-06-19T21:10:58+00:00"
"rec_b6bbdf41456c1869dcd7cdb2fa8cb9cea5f95a8e","2023-02-04_19h14m26_Voix 124 dd Zurich return way.m4a","\\SyNAS\Records\2023","67778273","64.64 MB","2023-02-04T19:14:00+00:00","2023-02-04T18:14:26+00:00"
"rec_412d34ffecae203016e58b72c223d6d7c99fa46d","2021_02_12_19_17_43.mp3","\\SyNAS\Records\2021","54236111","51.72 MB","2021-02-12T19:17:43+00:00","2021-02-12T19:14:13+00:00"
"rec_7079119a5b86c103831bdf7de8594a71ffec8fc4","2021_05_01_15_36_47.mp3","\\SyNAS\Records\2021","18868766","17.99 MB","2021-05-01T15:36:47+00:00","2021-05-01T13:56:27+00:00"
"rec_eabfd17dccdcf171f4020a583fea8a9d98a02f1d","2021_06_12_19_48_03 ayo.mp3","\\SyNAS\Records\2021","138632880","132.21 MB","2021-06-12T19:48:03+00:00","2021-06-12T20:12:28+00:00"
"rec_0f45baba309b2ab1e5a3e8cdc87b120521a9cf57","Audio recording 2020-12-03 20-13-07.aac","\\SyNAS\Records\2020","7553992","7.20 MB","2020-12-03T00:00:00+00:00","2020-12-03T19:17:00+00:00"
"rec_05d64967daa30adc11189fcc0340f63004a660ce","2021_04_15_16_46_54.mp3","\\SyNAS\Records\2021","24966790","23.81 MB","2021-04-15T16:46:54+00:00","2021-04-15T15:12:55+00:00"
"rec_5ef4fb0ff8c30975262e24c613ad4dd8848f0d4e","2021_02_28_12_58_40.mp3","\\SyNAS\Records\2021","18810670","17.94 MB","2021-02-28T12:58:40+00:00","2021-02-28T12:18:16+00:00"
"rec_4a09425aacae1f4a9539b09a1b16fd19b84a1b83","2021_01_23_07_21_32.mp3","\\SyNAS\Records\Audio\Time_Sort\2021","13673951","13.04 MB","2021-01-23T07:21:32+00:00","2021-01-23T06:35:47+00:00"
"rec_88a79c5fbaf89ff2c7c144909401ff524747f2c2","2023-08-02_08h23m55_Voix 008.m4a","\\SyNAS\Records\2023","105402206","100.52 MB","2023-08-02T08:23:00+00:00","2023-08-02T06:23:55+00:00"
"rec_21f8ac1d2cd386914416e8b0377924fbce92ba81","2020_12_22_12_47_29 pas melanger les qualites.mp3","\\SyNAS\Records\Audio\Time_Sort\2020","5909523","5.64 MB","2020-12-22T12:47:29+00:00","2020-12-22T11:53:38+00:00"
"rec_77364ed71cc9fd917944a493f4241733633d3a47","2021_11_11_21_06_49 sa mere.mp3","\\SyNAS\Records\2021","9094790","8.67 MB","2021-11-11T21:06:49+00:00","2021-11-11T20:16:17+00:00"
"rec_a3984d4cfab76370dbfde28d5531937a75be3d12","2021_04_07_14_18_57.mp3","\\SyNAS\Records\2021","23909354","22.80 MB","2021-04-07T14:18:57+00:00","2021-04-07T12:43:52+00:00"
"rec_52162c656e9383cae9d89287c179abfd2259448c","G3 Flex 10-24-2022, 12.13.36 - 10-24-2022, 12.14.37.mp4","\\SyNAS\Records\Video\Catajou","46625285","44.47 MB","","2022-10-25T05:42:09+00:00"
"rec_4162a1af4722e5dbc17d4bbdddb174135b54e9d2","20240914_233446.mp4","\\SyNAS\Records\Video\S21\Heavymovie","155043629","147.86 MB","","2025-04-05T21:05:48+00:00"
"rec_bbe689680ed411dbed8e8bbb2dbce3f6d5c05be2","20210209_205916.mp4","\\SyNAS\Records\Video\Catajou","18105948","17.27 MB","","2021-02-09T19:59:21+00:00"
"rec_697c46b80ade47125d8d3f9fe6caa2d67d6e71b4","G3 Flex 10-24-2022, 12.48.22 - 10-24-2022, 12.49.01.mp4","\\SyNAS\Records\Video\Catajou","29780702","28.40 MB","","2022-10-25T05:42:15+00:00"
"rec_35429ff168d221f55554cdc7dc894d07b07c734c","20240727_145324.mp4","\\SyNAS\Records\Video\S21\Heavymovie","182291534","173.85 MB","","2025-04-05T21:00:07+00:00"
"rec_47d42bbb7ce6f392760e64ba960aea19dffbf653","20240728_124333.mp4","\\SyNAS\Records\Video\S21\Heavymovie","195022428","185.99 MB","","2025-04-05T20:57:35+00:00"
"rec_d9bac327cde021c618741fd15ddf52b7cc80d4e4","G3 Flex 10-24-2022, 12.13.36 - 10-24-2022, 12.14.37.mp4","\\SyNAS\Records\Rec\G3-Flex-Eschenstrasse","46625285","44.47 MB","","2022-10-25T05:42:09+00:00"
"rec_6eeae9b4125465b8d6865de0a55cabefb2b8b588","G3 Flex 9-30-2023, 20.14.48 - 9-30-2023, 20.15.03.mp4","\\SyNAS\Records\Video\Basic","12260662","11.69 MB","","2023-10-17T18:12:55+00:00"
"rec_c35bcf459e831f1fe28b488a81c74e6a51986f1d","G3 Flex 10-2-2023, 09.36.57 - 10-2-2023, 09.37.22.mp4","\\SyNAS\Records\Video\Basic","19293748","18.40 MB","","2023-10-17T18:03:10+00:00"
"rec_36c0e726a8e45ff5639de015ed61d3c97a25f271","G3 Flex 9-30-2023, 20.29.13 - 9-30-2023, 20.29.22.mp4","\\SyNAS\Records\Video\Basic","6418913","6.12 MB","","2023-10-17T18:13:01+00:00"
"rec_585ac88dd37354c5467470b9acaec08588dd9757","G3 Flex 10-2-2023, 11.21.36 - 10-2-2023, 11.21.55.mp4","\\SyNAS\Records\Video\Basic","14498516","13.83 MB","","2023-10-17T18:03:20+00:00"
"rec_4ee5974d364e90b510f5b4b5d745bf81d85e6fb8","G3 Flex 10-24-2022, 12.42.53 - 10-24-2022, 12.43.04.mp4","\\SyNAS\Records\Video\Catajou","8587423","8.19 MB","","2022-10-25T05:42:13+00:00"
"rec_a1229492921bc71cb6108169b7b6a6b48fca3ea5","20240929_191100.mp4","\\SyNAS\Records\Video\S21\Heavymovie","137007153","130.66 MB","","2025-04-05T21:10:23+00:00"
"rec_7283305db204feba1a794fd8f6d3a21975eaa824","G3 Flex 10-24-2022, 12.41.18 - 10-24-2022, 12.41.30.mp4","\\SyNAS\Records\Video\Catajou","9398597","8.96 MB","","2022-10-25T05:42:10+00:00"
"rec_fb3e7a7029e9f445aabb0abccbf143ea71536a07","G3 Flex 10-2-2023, 09.36.35 - 10-2-2023, 09.36.41.mp4","\\SyNAS\Records\Video\Basic","5052447","4.82 MB","","2023-10-17T18:03:01+00:00"
"rec_06b709ebffba08a9d141484e70c5158c113c7399","G3 Flex 9-30-2023, 11.16.00 - 9-30-2023, 11.16.08.mp4","\\SyNAS\Records\Video\Basic","7344311","7.00 MB","","2023-10-17T18:12:47+00:00"
"rec_f4156127e3f95220b4d1bce9913a786f66227572","20240427_112826.mp4","\\SyNAS\Records\Video\S21\Heavymovie","157446037","150.15 MB","","2025-04-05T21:04:08+00:00"
"rec_fa53def39ab5bddb12ccf4f2dd1dae6d33682240","G3 Flex 8-14-2023, 00.20.00 - 8-14-2023, 00.20.08_1.mp4","\\SyNAS\Records\#recycle\Video\DD","4652247","4.44 MB","","2023-08-14T10:48:03+00:00"
"rec_33a2c0ffd6041dd4661473729eef08ab4c664043","G3 Flex 8-25-2023, 18.16.48 - 8-25-2023, 18.17.08.mp4","\\SyNAS\Records\Video\DD","15692628","14.97 MB","","2023-09-14T21:57:48+00:00"
"rec_0aed54bc91d9eae560def1b72ab4fd267d8e5405","G3 Flex 10-24-2022, 12.11.55 - 10-24-2022, 12.12.04.mp4","\\SyNAS\Records\Rec\G3-Flex-Eschenstrasse","6948591","6.63 MB","","2022-10-25T05:42:06+00:00"
"rec_15f438d603584fb1aa49b1137c0ce0b9fa78e604","G3 Flex 10-3-2023, 08.02.02 - 10-3-2023, 08.02.52.mp4","\\SyNAS\Records\Video\Basic","38809875","37.01 MB","","2023-10-17T17:57:03+00:00"
"rec_708f2ff8b61c22b71dd9238e2be3b57a4dee0853","20210209_205932.mp4","\\SyNAS\Records\Video\Catajou","207774630","198.15 MB","","2021-02-09T20:01:30+00:00"
"rec_7d3b276d3132c5fe7f973cac0eccc59fe1dde39f","G3 Flex 10-24-2022, 12.20.36 - 10-24-2022, 12.21.50.mp4","\\SyNAS\Records\Rec\G3-Flex-Eschenstrasse","57081856","54.44 MB","","2022-10-25T05:42:21+00:00"
"rec_f41b19370d8b5e30435be74809e04d72e782e3ea","20240727_150108.mp4","\\SyNAS\Records\Video\S21\Heavymovie","128648327","122.69 MB","","2025-04-05T21:13:04+00:00"
"rec_dcd9ff3f7384dfc2c15b891334db048acf838bd3","G3 Flex 10-24-2022, 12.24.01 - 10-24-2022, 12.24.21.mp4","\\SyNAS\Records\Rec\G3-Flex-Eschenstrasse","16118373","15.37 MB","","2022-10-25T05:42:12+00:00"
"rec_9b443cb20a24d341d4683b58ce337e5ae17d16f2","G3 Flex 8-14-2023, 00.07.32 - 8-14-2023, 00.08.00_1.mp4","\\SyNAS\Records\#recycle\Video\DD","20975701","20.00 MB","","2023-08-14T10:49:44+00:00"
"rec_d37cdd99b26efa913f4569b5b5f6fffa1ed0d1fb","G3 Flex 8-14-2023, 00.06.25 - 8-14-2023, 00.06.45_1.mp4","\\SyNAS\Records\#recycle\Video\DD","15487804","14.77 MB","","2023-08-14T10:49:25+00:00"
"rec_0267368d1c3b6a8c925ecddbc104355821813a1d","G3 Flex 10-24-2022, 12.42.53 - 10-24-2022, 12.43.04.mp4","\\SyNAS\Records\Rec\G3-Flex-Eschenstrasse","8587423","8.19 MB","","2022-10-25T05:42:13+00:00"
"rec_2d868d280e96053d587ab863350acf30f09bad79","G3 Flex 9-30-2023, 20.21.48 - 9-30-2023, 20.22.29.mp4","\\SyNAS\Records\Video\Basic","31010656","29.57 MB","","2023-10-17T18:13:27+00:00"
"rec_fa8ef9f37bf93f32020016334db35f86a49311e3","G3 Flex 8-25-2023, 18.33.04 - 8-25-2023, 18.33.14.mp4","\\SyNAS\Records\Video\DD","7793337","7.43 MB","","2023-09-14T21:58:52+00:00"
"rec_73111e365ca0f54c96cf5ccbc22be87971f31d7d","G3 Flex 10-3-2023, 08.09.55 - 10-3-2023, 08.10.02.mp4","\\SyNAS\Records\Video\Basic","5625272","5.36 MB","","2023-10-17T17:56:35+00:00"
"rec_482e9be90319da45d015690e9ee2f56e23895f87","G3 Flex 10-3-2023, 08.08.04 - 10-3-2023, 08.08.39.mp4","\\SyNAS\Records\Video\Basic","27131417","25.87 MB","","2023-10-17T17:56:57+00:00"
"rec_13fcded48182b015e3de4da5754bb01011c5d2cd","G3 Flex 10-24-2022, 12.24.01 - 10-24-2022, 12.24.21.mp4","\\SyNAS\Records\Video\Catajou","16118373","15.37 MB","","2022-10-25T05:42:12+00:00"
"rec_1898ace1155b34df3980afde52436b87c1204153","G3 Flex 9-30-2023, 20.24.33 - 9-30-2023, 20.25.02.mp4","\\SyNAS\Records\Video\Basic","22392645","21.36 MB","","2023-10-17T18:13:17+00:00"
"rec_e4eab6c0c19e41ca0f31cac9a138a17c35fd96a4","20241224_235541.mp4","\\SyNAS\Records\Video\S21\Heavymovie","153443904","146.34 MB","","2025-04-05T21:06:20+00:00"
"rec_e83967e551913cb99fa49e4b450807607be24fed","G3 Flex 10-3-2023, 08.03.39 - 10-3-2023, 08.04.18.mp4","\\SyNAS\Records\Video\Basic","30022275","28.63 MB","","2023-10-17T17:57:01+00:00"
"rec_d6867faf96abe44cc26754181ea8b4f98d5f52ea","G3 Flex 8-25-2023, 18.28.49 - 8-25-2023, 18.29.15.mp4","\\SyNAS\Records\Video\DD","20172644","19.24 MB","","2023-09-14T21:57:51+00:00"
"rec_0ed5c1b73b6309c1101de31a2cbbae0718fd21ad","G3 Flex 10-2-2023, 11.01.21 - 10-2-2023, 11.03.55.mp4","\\SyNAS\Records\Video\Basic","117037407","111.62 MB","","2023-10-17T18:03:57+00:00"
"rec_17f07a80047cf8df330b70c664b5112b71c43204","G3 Flex 10-24-2022, 12.32.46 - 10-24-2022, 12.33.05.mp4","\\SyNAS\Records\Video\Catajou","15470825","14.75 MB","","2022-10-25T05:42:14+00:00"
"rec_b5c94d506b315ac81db54e2028749033739d9b66","G3 Flex 10-2-2023, 09.31.43 - 10-2-2023, 09.32.39.mp4","\\SyNAS\Records\Video\Basic","42721978","40.74 MB","","2023-10-17T18:03:32+00:00"
"rec_8485ccb4859673a4cd0de6a1d747472bb2da8720","G3 Flex 10-24-2022, 12.09.24 - 10-24-2022, 12.10.04.mp4","\\SyNAS\Records\Rec\G3-Flex-Eschenstrasse","30965953","29.53 MB","","2022-10-25T05:42:08+00:00"
"rec_5cc4c1aa29c7b49d3e8b593ca8f50dec397c4986","G3 Flex 8-14-2023, 00.16.05 - 8-14-2023, 00.16.18_1.mp4","\\SyNAS\Records\#recycle\Video\DD","9500673","9.06 MB","","2023-08-14T10:49:15+00:00"
"rec_9bb5fb972aeda8a51765e019edb7c973338ed0da","G3 Flex 9-30-2023, 20.34.24 - 9-30-2023, 20.34.48.mp4","\\SyNAS\Records\Video\Basic","18657984","17.79 MB","","2023-10-17T18:13:21+00:00"
"rec_c46d88cc751b91de92c7f9e07b58aa9ee3be75b2","G3 Flex 10-3-2023, 08.17.17 - 10-3-2023, 08.17.43.mp4","\\SyNAS\Records\Video\Basic","20447964","19.50 MB","","2023-10-17T17:52:58+00:00"
"rec_e98ba61676788fc8fa08de537f9d9042612781ca","G3 Flex 9-30-2023, 10.16.27 - 9-30-2023, 10.16.37.mp4","\\SyNAS\Records\Video\Basic","8118821","7.74 MB","","2023-10-17T18:15:04+00:00"
"rec_bc096011c4162b05895042be5a59d0238687e401","G3 Flex 9-30-2023, 11.13.19 - 9-30-2023, 11.14.09.mp4","\\SyNAS\Records\Video\Basic","38665891","36.87 MB","","2023-10-17T18:13:30+00:00"
"rec_0a1d396afed59b101e923f81bf7f7c228b263cf7","G3 Flex 10-24-2022, 12.05.34 - 10-24-2022, 12.05.39.mp4","\\SyNAS\Records\Rec\G3-Flex-Eschenstrasse","4221110","4.03 MB","","2022-10-25T05:42:06+00:00"
"rec_4f68008a6b40824d471cf166e9ddfb6b277a7a6f","G3 Flex 10-24-2022, 12.34.34 - 10-24-2022, 12.34.50.mp4","\\SyNAS\Records\Video\Catajou","12698665","12.11 MB","","2022-10-25T05:42:07+00:00"
"rec_f95091b3f13a7fd51b3137f186eec30b386be7b5","20240727_144744.mp4","\\SyNAS\Records\Video\S21\Heavymovie","126240287","120.39 MB","","2025-04-05T21:14:47+00:00"
"rec_0de1fa9b5ddb05eea737011384d0f8d57625d8f0","G3 Flex 10-3-2023, 07.00.04 - 10-3-2023, 07.00.12.mp4","\\SyNAS\Records\Video\Basic","6561626","6.26 MB","","2023-10-17T18:03:26+00:00"
"rec_a188d788ec33b61cf01e4f4dcb01f812bef7f38c","G3 Flex 10-2-2023, 11.04.31 - 10-2-2023, 11.04.46.mp4","\\SyNAS\Records\Video\Basic","11893867","11.34 MB","","2023-10-17T18:03:14+00:00"
"rec_72f221c13943af3e94b982df8135784912f78415","G3 Flex 10-1-2023, 22.36.41 - 10-1-2023, 22.37.26.mp4","\\SyNAS\Records\Video\Basic","34821434","33.21 MB","","2023-10-17T18:06:45+00:00"
"rec_5a1ef9c6082f84a19cec11aeaed91451346db7ac","G3 Flex 8-14-2023, 00.23.56 - 8-14-2023, 00.24.04_1.mp4","\\SyNAS\Records\#recycle\Video\DD","4941765","4.71 MB","","2023-08-14T10:48:07+00:00"
"rec_3c18171d710380ff15ba311c49a4f1f6f24b4381","G3 Flex 8-14-2023, 00.08.40 - 8-14-2023, 00.08.49_1.mp4","\\SyNAS\Records\#recycle\Video\DD","7616202","7.26 MB","","2023-08-14T10:48:19+00:00"
"rec_8828ca5e70c23351f127f2d90b1bed6b995997a2","G3 Flex 8-14-2023, 00.27.51 - 8-14-2023, 00.28.00_1.mp4","\\SyNAS\Records\#recycle\Video\DD","5403979","5.15 MB","","2023-08-14T10:48:32+00:00"
"rec_0b5082e7e42eba2fa50847b952f8f0436fd413f7","20241122_082956.mp4","\\SyNAS\Records\Video\S21\Heavymovie","152218438","145.17 MB","","2025-04-05T21:06:50+00:00"
"rec_68012e8bf2c8a40dc367888f9b5db68e16e1b3ed","G3 Flex 10-1-2023, 22.42.45 - 10-1-2023, 22.42.52.mp4","\\SyNAS\Records\Video\Basic","5760099","5.49 MB","","2023-10-17T18:06:33+00:00"
"rec_41fc7e318331034527f6fe5f707f74da9298c613","G3 Flex 8-14-2023, 00.10.01 - 8-14-2023, 00.10.09_1.mp4","\\SyNAS\Records\#recycle\Video\DD","5846903","5.58 MB","","2023-08-14T10:47:59+00:00"
"rec_62c75135359235b56d43718fd92fd5c5fcd15297","G3 Flex 10-1-2023, 22.40.46 - 10-1-2023, 22.40.56.mp4","\\SyNAS\Records\Video\Basic","6960525","6.64 MB","","2023-10-17T18:06:35+00:00"
"rec_31bee7274ee1c639daf8774a82767106748da26a","20240813_210502.mp4","\\SyNAS\Records\Video\S21\Heavymovie","147335839","140.51 MB","","2025-04-05T21:08:51+00:00"
"rec_24f78a7b77ccb48f6b2ae75df7b331acd743db2b","G3 Flex 10-24-2022, 12.51.08 - 10-24-2022, 12.51.18.mp4","\\SyNAS\Records\Rec\G3-Flex-Eschenstrasse","8616554","8.22 MB","","2022-10-25T05:42:14+00:00"
"rec_2435ae57ecce52cef70eb7050d1f8753ed5de7c1","G3 Flex 10-24-2022, 12.17.56 - 10-24-2022, 12.18.18.mp4","\\SyNAS\Records\Rec\G3-Flex-Eschenstrasse","16715194","15.94 MB","","2022-10-25T05:42:11+00:00"
"rec_572859049df6eab5e1bc28575244572c483e5bec","G3 Flex 8-14-2023, 01.01.45 - 8-14-2023, 01.02.04_1.mp4","\\SyNAS\Records\#recycle\Video\DD","13668958","13.04 MB","","2023-08-14T10:49:41+00:00"
"rec_871c15825c687cd8a543a2e4920c61957ac7b3e1","G3 Flex 10-2-2023, 20.50.26 - 10-2-2023, 20.50.38.mp4","\\SyNAS\Records\Video\Basic","9501995","9.06 MB","","2023-10-17T18:03:25+00:00"
"rec_7d940eccc8ac57ebfbaf2e459d677da6fdd8a3c2","G3 Flex 9-30-2023, 20.20.50 - 9-30-2023, 20.20.57.mp4","\\SyNAS\Records\Video\Basic","5836304","5.57 MB","","2023-10-17T18:12:50+00:00"
"rec_5055f4a21b285f3cbc110b9971395372d343754f","G3 Flex 8-25-2023, 18.33.42 - 8-25-2023, 18.34.19.mp4","\\SyNAS\Records\Video\DD","28405500","27.09 MB","","2023-09-14T21:58:59+00:00"
"rec_a6fda19bf497ddc75f47ce17b0fb9dbdbd4b37a6","G3 Flex 9-30-2023, 11.08.49 - 9-30-2023, 11.09.00.mp4","\\SyNAS\Records\Video\Basic","9525303","9.08 MB","","2023-10-17T18:12:49+00:00"
"rec_cf6b78c3f461abe16f6a23fbd415467659198356","20240427_113456.mp4","\\SyNAS\Records\Video\S21\Heavymovie","167569565","159.81 MB","","2025-04-05T21:02:29+00:00"
"rec_6e24c9564ea5fe1bd2f338cea5127573f2dedb86","G3 Flex 10-3-2023, 08.10.07 - 10-3-2023, 08.11.03.mp4","\\SyNAS\Records\Video\Basic","42737628","40.76 MB","","2023-10-17T17:56:58+00:00"
"rec_6833c6e7b9d29561880d5c64b41d16bc26057c42","20240727_193153.mp4","\\SyNAS\Records\Video\S21\Heavymovie","156811190","149.55 MB","","2025-04-05T21:04:42+00:00"
"rec_5a9fb1ce4076744ef07d9ba98909a8d6794f9cbf","G3 Flex 10-24-2022, 12.08.17 - 10-24-2022, 12.08.48.mp4","\\SyNAS\Records\Rec\G3-Flex-Eschenstrasse","23042275","21.97 MB","","2022-10-25T05:42:07+00:00"
"rec_156332b2691ab0af71672a8b17ae09b95725f0bc","G3 Flex 10-24-2022, 12.06.13 - 10-24-2022, 12.06.35.mp4","\\SyNAS\Records\Video\Catajou","9633792","9.19 MB","","2022-10-25T05:42:19+00:00"
"rec_91ba85216d232c8d5953a4b7150bb5de73605907","G3 Flex 9-30-2023, 07.34.04 - 9-30-2023, 07.34.54.mp4","\\SyNAS\Records\Video\Basic","37974569","36.22 MB","","2023-10-17T18:15:14+00:00"
"rec_2bf59095f0c4e6ac839627762c1ad2364e6e0843","G3 Flex 10-3-2023, 08.02.56 - 10-3-2023, 08.03.34.mp4","\\SyNAS\Records\Video\Basic","28963906","27.62 MB","","2023-10-17T17:57:00+00:00"
"rec_b91dfe3d697f7177ccc89defdeb426ba0a5be114","G3 Flex 10-2-2023, 09.35.28 - 10-2-2023, 09.35.45.mp4","\\SyNAS\Records\Video\Basic","13218790","12.61 MB","","2023-10-17T18:03:03+00:00"
"rec_bdd3078dddcfd62c96774ad9a0ba03bd194845d2","G3 Flex 8-25-2023, 18.29.23 - 8-25-2023, 18.32.31.mp4","\\SyNAS\Records\Video\DD","143301763","136.66 MB","","2023-09-14T21:58:07+00:00"
"rec_9faa398792d83be484f9d2593719340152432814","G3 Flex 10-24-2022, 12.32.46 - 10-24-2022, 12.33.05.mp4","\\SyNAS\Records\Rec\G3-Flex-Eschenstrasse","15470825","14.75 MB","","2022-10-25T05:42:14+00:00"
"rec_ecea8f8a69296f3e6fe49adb22c00481d3a16012","G3 Flex 10-24-2022, 12.48.22 - 10-24-2022, 12.49.01.mp4","\\SyNAS\Records\Rec\G3-Flex-Eschenstrasse","29780702","28.40 MB","","2022-10-25T05:42:15+00:00"
"rec_74c5aa2107443da456072d6130d65fe284332763","20241224_220059.mp4","\\SyNAS\Records\Video\S21\Heavymovie","141684357","135.12 MB","","2025-04-05T21:09:53+00:00"
"rec_8dac308c34a18639940e12ffed6a0fa0e1ff7635","G3 Flex 10-2-2023, 09.20.59 - 10-2-2023, 09.22.20.mp4","\\SyNAS\Records\Video\Basic","62201688","59.32 MB","","2023-10-17T18:03:38+00:00"
"rec_2b52d037535b26e817626eabcbf120912c0ced02","20240914_235800.mp4","\\SyNAS\Records\Video\S21\Heavymovie","191787767","182.90 MB","","2025-04-05T20:58:53+00:00"
"rec_41306bfa3465b01914785adc5507f834b27e4b93","G3 Flex 10-2-2023, 10.44.09 - 10-2-2023, 10.44.41.mp4","\\SyNAS\Records\Video\Basic","24027590","22.91 MB","","2023-10-17T18:03:19+00:00"
"rec_97081286a9a25c462bfb40b8c55892a84ac35085","G3 Flex 10-2-2023, 10.56.54 - 10-2-2023, 10.58.49.mp4","\\SyNAS\Records\Video\Basic","86236264","82.24 MB","","2023-10-17T18:03:54+00:00"
"rec_d8dbc0e62f0361249a37529480329a78a0859135","G3 Flex 9-30-2023, 20.23.17 - 9-30-2023, 20.23.39.mp4","\\SyNAS\Records\Video\Basic","17590559","16.78 MB","","2023-10-17T18:13:03+00:00"
"rec_7c7da1ecc2181e1ac9743259be7831773f3ef7cb","G3 Flex 9-30-2023, 20.27.30 - 9-30-2023, 20.28.42.mp4","\\SyNAS\Records\Video\Basic","55737256","53.16 MB","","2023-10-17T18:13:34+00:00"
"rec_c3a7a80bda3d5c97c626a4814f5a21b06e0b5dd5","G3 Flex 9-30-2023, 20.23.45 - 9-30-2023, 20.23.51.mp4","\\SyNAS\Records\Video\Basic","4913865","4.69 MB","","2023-10-17T18:12:53+00:00"
"rec_2cf2774fa1100763de7d4d5c98cb3b1b1544df96","20240828_222300.mp4","\\SyNAS\Records\Video\S21\Heavymovie","133626157","127.44 MB","","2025-04-05T21:11:16+00:00"
"rec_b7ec72452d6d3d8c8aa25c573070294df82264bd","G3 Flex 10-24-2022, 12.08.06 - 10-24-2022, 12.08.13.mp4","\\SyNAS\Records\Video\Catajou","5682655","5.42 MB","","2022-10-25T05:42:06+00:00"
"rec_8fad748782fccd1a31b051b82aaa853483b458c7","G3 Flex 8-25-2023, 18.29.23 - 8-25-2023, 18.32.31 (1).mp4","\\SyNAS\Records\Video\DD","143301763","136.66 MB","","2023-09-14T21:59:01+00:00"
"rec_e95849d7f4eb5dbf732070a346aab9996b3a5c82","G3 Flex 10-24-2022, 12.26.57 - 10-24-2022, 12.27.30.mp4","\\SyNAS\Records\Rec\G3-Flex-Eschenstrasse","25541783","24.36 MB","","2022-10-25T05:42:12+00:00"
"rec_f08581f5f047c9524e928b33ae7880239e05e4bd","G3 Flex 10-24-2022, 12.09.24 - 10-24-2022, 12.10.04.mp4","\\SyNAS\Records\Video\Catajou","30965953","29.53 MB","","2022-10-25T05:42:08+00:00"
"rec_0840885043455bd2a937d37724670c9df44d9759","20210209_205932.mp4","\\SyNAS\Records\Rec\G3-Flex-Eschenstrasse","207774630","198.15 MB","","2021-02-09T20:01:30+00:00"
"rec_45155977a56e06a3bbe05fb12f50d58087e612a5","G3 Flex 10-24-2022, 12.18.55 - 10-24-2022, 12.20.15.mp4","\\SyNAS\Records\Video\Catajou","61345860","58.50 MB","","2022-10-25T05:42:18+00:00"
"rec_5cce838f27852232c209ed2df3b927c3929f0cad","G3 Flex 10-24-2022, 12.17.01 - 10-24-2022, 12.17.49.mp4","\\SyNAS\Records\Rec\G3-Flex-Eschenstrasse","36674589","34.98 MB","","2022-10-25T05:42:09+00:00"
"rec_2c81e2ec916aac2d3a88fb7068a0dcf6f4fbebda","G3 Flex 10-3-2023, 07.04.06 - 10-3-2023, 07.04.25.mp4","\\SyNAS\Records\Video\Basic","14729080","14.05 MB","","2023-10-17T18:03:34+00:00"
"rec_6cf5ca5a9b930c20e1a4d915a6111cec65b7765d","G3 Flex 10-1-2023, 22.47.00 - 10-1-2023, 22.47.11.mp4","\\SyNAS\Records\Video\Basic","8989415","8.57 MB","","2023-10-17T18:06:38+00:00"
"rec_fa68956f4720534a74f39a884c00f1602e8a5958","G3 Flex 10-24-2022, 13.09.24 - 10-24-2022, 13.09.34.mp4","\\SyNAS\Records\Video\Catajou","7115334","6.79 MB","","2022-10-25T05:42:12+00:00"
"rec_cb372fb1eaa2c235ce3ad3662d59cf5d6920928f","G3 Flex 10-24-2022, 12.05.34 - 10-24-2022, 12.05.39.mp4","\\SyNAS\Records\Video\Catajou","4221110","4.03 MB","","2022-10-25T05:42:06+00:00"
"rec_c01a6a1de17b274b7da4c3ff1a232f9b28e28ebf","G3 Flex 10-24-2022, 12.46.19 - 10-24-2022, 12.46.40.mp4","\\SyNAS\Records\Rec\G3-Flex-Eschenstrasse","15600380","14.88 MB","","2022-10-25T05:42:12+00:00"
"rec_cbeb65f8dd7daef575994e43163f004dca447328","G3 Flex 9-30-2023, 11.05.33 - 9-30-2023, 11.06.11.mp4","\\SyNAS\Records\Video\Basic","28983822","27.64 MB","","2023-10-17T18:13:26+00:00"
"rec_89d388c39dac98c99e18bd09c8f61bf1dde36a07","G3 Flex 8-14-2023, 00.27.02 - 8-14-2023, 00.27.14_1.mp4","\\SyNAS\Records\#recycle\Video\DD","8910569","8.50 MB","","2023-08-14T10:49:04+00:00"
"rec_0216d369e4ba20d23071d2f7599466f505c639f6","G3 Flex 10-1-2023, 22.45.40 - 10-1-2023, 22.46.00.mp4","\\SyNAS\Records\Video\Basic","15010305","14.31 MB","","2023-10-17T18:06:42+00:00"
"rec_24da657172e50a136eb0b41f347fcdfcb7c760e4","G3 Flex 10-3-2023, 08.13.32 - 10-3-2023, 08.13.40.mp4","\\SyNAS\Records\Video\Basic","6444289","6.15 MB","","2023-10-17T17:56:45+00:00"
"rec_206ef9f2c63152b8efafa96f318a67a6fc2a7ec9","G3 Flex 10-24-2022, 12.11.55 - 10-24-2022, 12.12.04.mp4","\\SyNAS\Records\Video\Catajou","6948591","6.63 MB","","2022-10-25T05:42:06+00:00"
"rec_a7472ee0ebb959a9bf01e18a61738bbdc8dc54a7","G3 Flex 8-25-2023, 18.34.56 - 8-25-2023, 18.35.13.mp4","\\SyNAS\Records\Video\DD","12624109","12.04 MB","","2023-09-14T21:58:54+00:00"
"rec_ca45f78b41fc5c81bb7497499ac8bd27ae697b04","G3 Flex 8-14-2023, 00.25.03 - 8-14-2023, 00.25.19_1.mp4","\\SyNAS\Records\#recycle\Video\DD","10549970","10.06 MB","","2023-08-14T10:49:12+00:00"
"rec_a0aa78d93f5843d1d2fac5afa5315b333f7c9316","G3 Flex 8-25-2023, 18.34.25 - 8-25-2023, 18.34.51.mp4","\\SyNAS\Records\Video\DD","20083448","19.15 MB","","2023-09-14T21:58:56+00:00"
"rec_eab8925ed9a1de650542022e9bf130ec6a125e76","G3 Flex 9-30-2023, 20.14.03 - 9-30-2023, 20.14.44.mp4","\\SyNAS\Records\Video\Basic","30658518","29.24 MB","","2023-10-17T18:13:22+00:00"
"rec_8ab32bf14930c218437c13cfd1f46e9f2bb73c22","G3 Flex 10-24-2022, 12.41.47 - 10-24-2022, 12.42.11.mp4","\\SyNAS\Records\Rec\G3-Flex-Eschenstrasse","17762791","16.94 MB","","2022-10-25T05:42:10+00:00"
"rec_67c51e62a90fc87c4d54b112737937450499b3c4","G3 Flex 9-30-2023, 07.35.19 - 9-30-2023, 07.35.40.mp4","\\SyNAS\Records\Video\Basic","15555687","14.84 MB","","2023-10-17T18:15:12+00:00"
"rec_f141334ab3a4d7b24c01d9743cabb0b9a097014e","20240811_210454.mp4","\\SyNAS\Records\Video\S21\Heavymovie","136906708","130.56 MB","","2025-04-05T21:10:49+00:00"
"rec_592432e16b0d0fb7b53eb6e0348308c0ed7cdf6d","G3 Flex 9-30-2023, 20.21.03 - 9-30-2023, 20.21.25.mp4","\\SyNAS\Records\Video\Basic","17331224","16.53 MB","","2023-10-17T18:13:16+00:00"
"rec_1f3d65791343697d73f019cf18710a3ed1c065bb","G3 Flex 10-24-2022, 12.12.10 - 10-24-2022, 12.12.31.mp4","\\SyNAS\Records\Rec\G3-Flex-Eschenstrasse","16629286","15.86 MB","","2022-10-25T05:42:06+00:00"
"rec_8885f1265de67d147d3b76b3c3ded7f35c9ae736","G3 Flex 8-14-2023, 00.14.46 - 8-14-2023, 00.14.59_1.mp4","\\SyNAS\Records\#recycle\Video\DD","10832400","10.33 MB","","2023-08-14T10:49:07+00:00"
"rec_5ea183917a8ce9320942ddbe2176e5edff026bc5","G3 Flex 8-14-2023, 00.19.03 - 8-14-2023, 00.19.12_1.mp4","\\SyNAS\Records\#recycle\Video\DD","6968764","6.65 MB","","2023-08-14T10:48:40+00:00"
"rec_97c136b17dba820c66e12b740da77405db12c703","G3 Flex 10-2-2023, 09.20.10 - 10-2-2023, 09.20.55.mp4","\\SyNAS\Records\Video\Basic","34414041","32.82 MB","","2023-10-17T18:03:44+00:00"
"rec_88f1a798089ec57749484f296bfe69b6a2359716","G3 Flex 10-24-2022, 12.22.43 - 10-24-2022, 12.22.50.mp4","\\SyNAS\Records\Video\Catajou","6554684","6.25 MB","","2022-10-25T05:42:13+00:00"
"rec_cb27092674e9a0e8d58247f71ca060264c0503b8","G3 Flex 10-2-2023, 10.55.01 - 10-2-2023, 10.55.16.mp4","\\SyNAS\Records\Video\Basic","11454957","10.92 MB","","2023-10-17T18:03:08+00:00"
"rec_4f588f3a82eb949d3a8eb839b58f681246b35328","G3 Flex 10-24-2022, 12.36.14 - 10-24-2022, 12.37.18.mp4","\\SyNAS\Records\Video\Catajou","44632174","42.56 MB","","2022-10-25T05:42:21+00:00"
"rec_64ee9be3af321153bf347f81bbb0ccc218b057e3","G3 Flex 10-24-2022, 12.28.15 - 10-24-2022, 12.28.30.mp4","\\SyNAS\Records\Video\Catajou","11587312","11.05 MB","","2022-10-25T05:42:07+00:00"
"rec_0d46f491ac6b81c543b813401f7eea91726b2ccc","G3 Flex 10-2-2023, 09.36.01 - 10-2-2023, 09.36.29.mp4","\\SyNAS\Records\Video\Basic","21470006","20.48 MB","","2023-10-17T18:03:41+00:00"
"rec_3f6a26d9c6eddfd969eb9ff53bef236b015c509d","G3 Flex 8-14-2023, 00.29.04 - 8-14-2023, 00.30.16_1.mp4","\\SyNAS\Records\#recycle\Video\DD","52842843","50.39 MB","","2023-08-14T10:50:09+00:00"
"rec_7dd7bce6977e8733a5aec7a461af93dac55a8285","G3 Flex 8-14-2023, 00.11.05 - 8-14-2023, 00.11.12_1.mp4","\\SyNAS\Records\#recycle\Video\DD","5577020","5.32 MB","","2023-08-14T10:47:52+00:00"
"rec_b068b69abf94ddc9c190f2dff932c5fa1ba00509","G3 Flex 10-24-2022, 12.20.36 - 10-24-2022, 12.21.50.mp4","\\SyNAS\Records\Video\Catajou","57081856","54.44 MB","","2022-10-25T05:42:21+00:00"
"rec_a5ef0bb7dff2ef60307864da64d520ea04ac9523","G3 Flex 9-30-2023, 20.15.58 - 9-30-2023, 20.20.08.mp4","\\SyNAS\Records\Video\Basic","189862428","181.07 MB","","2023-10-17T18:13:38+00:00"
"rec_a2eb0fb22ef661578c77e6f15b8eb00b569946b9","20241017_155330.mp4","\\SyNAS\Records\Video\S21\Heavymovie","151737609","144.71 MB","","2025-04-05T21:07:22+00:00"
"rec_24212ec93e6074f6af15cce7f9759bb3c69524c4","G3 Flex 10-3-2023, 08.08.44 - 10-3-2023, 08.09.02.mp4","\\SyNAS\Records\Video\Basic","14049606","13.40 MB","","2023-10-17T17:56:52+00:00"
"rec_ad169d9be398c15de404ac2ff8d59d725b5b940f","G3 Flex 10-2-2023, 10.44.51 - 10-2-2023, 10.45.11.mp4","\\SyNAS\Records\Video\Basic","15201484","14.50 MB","","2023-10-17T18:03:06+00:00"
"rec_c847dcb7a0160d77eceb4dd9591681c96dd565e4","G3 Flex 9-30-2023, 20.15.15 - 9-30-2023, 20.15.34.mp4","\\SyNAS\Records\Video\Basic","14193213","13.54 MB","","2023-10-17T18:13:08+00:00"
"rec_c29bb81938838752b8db76073edb4b769bafd992","20241122_215732.mp4","\\SyNAS\Records\Video\S21\Heavymovie","130937192","124.87 MB","","2025-04-05T21:11:44+00:00"
"rec_c9d4dfdf1ac6f9a9a38841c5ae2e8e9618c40380","G3 Flex 8-14-2023, 00.33.37 - 8-14-2023, 00.34.07_1.mp4","\\SyNAS\Records\#recycle\Video\DD","22299215","21.27 MB","","2023-08-14T10:49:53+00:00"
"rec_b84e01e0f68585e38502cc35d5ce1ec0fb447b03","G3 Flex 8-14-2023, 00.44.59 - 8-14-2023, 00.45.52_1.mp4","\\SyNAS\Records\#recycle\Video\DD","40185357","38.32 MB","","2023-08-14T10:50:00+00:00"
"rec_34222edc216fbcc1d062486fd0175f4243262a3b","G3 Flex 10-24-2022, 12.22.43 - 10-24-2022, 12.22.50.mp4","\\SyNAS\Records\Rec\G3-Flex-Eschenstrasse","6554684","6.25 MB","","2022-10-25T05:42:13+00:00"
"rec_389082d9f395e099400a0c8f458b9d54347ec51a","G3 Flex 9-30-2023, 20.38.30 - 9-30-2023, 20.39.43.mp4","\\SyNAS\Records\Video\Basic","56039046","53.44 MB","","2023-10-17T18:13:36+00:00"
"rec_fbc0c64cf65088e44a1404722cbbbe1d2056bbb5","G3 Flex 9-30-2023, 11.07.04 - 9-30-2023, 11.07.14.mp4","\\SyNAS\Records\Video\Basic","7353586","7.01 MB","","2023-10-17T18:12:44+00:00"
"rec_a69e681ead1c013bb05112fcbe5c63b8ebc3492f","G3 Flex 9-30-2023, 11.03.26 - 9-30-2023, 11.04.00.mp4","\\SyNAS\Records\Video\Basic","25653996","24.47 MB","","2023-10-17T18:13:24+00:00"
"rec_090c335dd264eddfb42c94ea12b882ba0180810f","G3 Flex 8-14-2023, 00.51.02 - 8-14-2023, 00.51.27_1.mp4","\\SyNAS\Records\#recycle\Video\DD","18597399","17.74 MB","","2023-08-14T10:49:46+00:00"
"rec_54f7554f4e2e603ed75effc698327f094b38ebff","G3 Flex 10-3-2023, 08.17.17 - 10-3-2023, 08.17.43 (1).mp4","\\SyNAS\Records\Video\Basic","20447964","19.50 MB","","2023-10-17T17:56:54+00:00"
"rec_812c95e86e4f1c26a040fd47363a6db5a1f547e6","G3 Flex 9-30-2023, 20.27.02 - 9-30-2023, 20.27.15.mp4","\\SyNAS\Records\Video\Basic","9462426","9.02 MB","","2023-10-17T18:13:13+00:00"
